,idade,renda,tempo_cliente,frequencia,reclamacoes,engajamento,dias_sem_comprar,desconto,ticket,gasto_mensal
793,35.85469350252114,4379.599275043943,5.100553930264911,8.36615188468732,2,99.64600743301128,9.41717080488137,11.941011190841522,174.27997146104303,2659.349831184461
1342,25.207446932988116,5405.197006776776,6.2232240571441295,9.44994146729751,3,99.48321922032541,23.085392356008786,19.219608479535992,223.81519077689535,3546.329800564186
1948,38.94005716167317,4299.615577325144,2.9037254991438677,7.726809128817636,2,98.69948292776449,7.9864270169084275,16.548449098127012,171.45176227381484,3032.314363708936
1387,60.55103378240747,5995.765751149603,5.490278799298843,15.457916343776159,1,98.53629243266533,23.180922248541968,18.46332423600525,109.66887070738863,3941.1326634625684
1487,35.9633104147318,4325.959317700373,3.2311172947829734,11.895504968582825,2,98.33992770107852,30.60813478767775,10.958426949368677,207.15214361868135,2390.319691650411
1186,48.59624761642394,5013.407067889644,2.203449899224096,9.117059759380552,1,98.14339284954556,23.145912316132765,15.748826091714273,127.25332234537792,2282.3805188894894
1380,41.288205455992454,7940.311201278062,1.1475494621961349,8.911970021779519,1,98.07591484381533,16.376888083892656,13.1436168938506,181.3546701629098,2773.1399050004147
1967,56.70097960851443,6304.973970519304,6.257740358530595,7.424337257682749,2,97.95623403654781,52.77833011210153,15.008221726810454,212.80680869257625,3083.851832164788
888,34.842066461681476,11194.838713761384,3.3564980798944553,5.962722714526416,0,97.82347700305901,35.82061262817089,11.566541784780691,218.13854599318125,2860.6225284646935
574,59.366720138348484,9766.009974396045,8.584054743196095,6.6097356537521,3,97.67471700612201,19.47240021303315,17.317589962707512,159.72326564679946,3613.9219312217015
1000,36.73828872659503,9811.89533226709,0.7604664943328098,6.572574303394258,2,97.53650400709569,50.876310105263364,12.907705588637102,286.8253656694583,2343.082008546681
112,45.31077201881975,3443.267700842007,17.754421727368776,4.845311016384684,1,97.43311932775744,27.200155224013315,7.408173699840504,263.96395541969076,2753.4203630199117
1594,42.07933709116998,4922.54157729613,3.025338829824965,1.964983281371392,4,97.35833156076417,17.50349963636564,9.655802422276764,203.57292504043775,2097.1489593694077
1574,29.70107619440614,3079.5860143142118,1.9338854419198495,8.731300430577296,1,96.95246522186729,11.627123552132275,5.301465942374219,143.32765269084808,2105.511070663385
1348,41.67042846760966,2510.3480762139193,15.088340623202786,9.723048777574306,1,96.93365835925229,57.91585401800512,19.246781822652267,153.02363825433258,3190.7814703585486
590,43.5381750451648,5046.234613343646,2.4496080007901653,3.5120450876832914,2,96.66154070040017,39.11504040124765,10.22589902255656,208.51835505491016,1786.9324086412862
969,31.254230499738142,8118.8758621595325,3.01809863455279,7.183271612875249,2,95.98364849676383,31.28404137705978,16.440026274945154,84.21873101597836,3136.78742707098
1791,20.380316733107456,3217.151839875917,4.86129982684542,4.850294383427191,2,95.94422106532897,38.85810227725429,14.072372937539365,212.51633092099007,1960.695444389906
539,50.453321110746586,6712.010426987271,2.5544843600210347,11.70907075423191,2,95.92203827567633,18.662036860134045,9.812628750351113,219.82253225406143,2398.962541612378
1850,55.4185790656542,15292.331454917376,5.6748152281868105,8.690436332163124,2,95.8836477926587,21.72146149343257,3.129028632434167,281.15799618694814,3204.0463841235423
582,42.0810253163541,9716.037256507174,5.436089312876481,13.09385263936776,3,95.85635071257977,50.9232766081543,13.772094243871312,208.90159587940803,3443.260987342557
541,47.814783937100415,8729.24214578301,3.7429345528616724,12.137181029705992,3,95.73351815542686,29.305515894391785,12.830941982482782,151.86803565726746,2565.7723534636893
547,42.46391069055266,19500.161773828317,3.0636917943819784,11.686124191922703,0,95.7276983039137,94.71965148544922,3.671152556142184,178.48744737911642,3535.897221101762
21,40.35843606302012,6602.340629942079,2.617453112803741,6.627129935911231,4,95.5771930940503,72.96864316220318,9.11568175255173,136.56694469551897,2135.5101593298027
90,27.346708276491512,7789.969757051831,3.512162133489794,6.878255201437367,2,95.5145403293148,169.58000695768484,7.260280343872398,245.90873290902513,1803.1831978026767
1230,43.991060904039315,4841.183650783533,2.608243274867626,7.107139889513689,3,95.41488577556898,14.4049541645985,17.532246823490777,292.0347294121996,2786.1458239097665
1803,61.838162607513866,5183.517716557358,1.6209110917206035,6.363640530413324,1,95.40447333314307,25.158932240287548,11.745338119576342,209.00152304804536,1938.2521242737191
656,35.04392574942595,5574.1437099273735,6.229559883862795,7.392768834238759,0,95.34807286589813,5.5109065107288995,17.882101790325304,175.01365193407756,2999.939450353598
662,56.04671026825179,5853.873697231528,2.552476970763394,1.9323188595835417,0,95.18293824706362,21.627529597983607,8.562321320212753,150.155366417758,1645.5346605594868
963,36.34172078195749,8660.491192646987,11.92246462293963,1,1,95.16490462556136,40.89378383053276,1.3868110481090774,211.917171637525,1773.4352750453013
255,35.9556410468294,5136.718147659864,2.9156769877210493,4.8828643867128445,2,95.12792408464452,10.409359023605361,10.151220382741336,304.42823830937647,2245.320490963271
831,40.92794961935211,6005.0026100230725,10.515689828079351,7.537799425318059,1,94.8889915781338,41.80814197548749,14.149377148483335,212.5551242635369,2825.7635807571965
761,59.43060208783882,4185.465713538445,5.019562080338046,9.832384327660487,0,94.8376825826065,38.6890238643019,0,75.74808797839587,2225.605808077966
60,45.860042667911124,5897.540466298523,4.0873974677176195,7.9397281064971414,2,94.80459058699589,20.39263744759876,0,211.5749567362974,1961.5084654360028
507,26.483288892179807,3268.010651006965,3.1258273217588997,9.486764766898752,2,94.73182733273141,28.42648152002814,17.283294655503735,124.81681795527749,2819.613821826831
177,41.75333260903242,7943.598637418119,2.789877899669418,9.073979771269942,5,94.71379902101646,44.72117199846823,7.961738951091644,267.10123629906474,2388.5230871278422
958,64.91958068509636,6528.59230245393,5.800714454438741,6.533482668967147,0,94.65649157466676,68.13621342192312,12.909879459567005,240.57763583028827,2719.537259163415
2187,41.34611638549622,11593.374547813428,5.172403989058675,6.273129604552378,3,94.6415279470788,20.467609417282404,18.53643027893734,278.99440170039463,3654.567335505921
266,40.53923901765275,2465.7869381698165,1.7203489945305463,5.037271632113693,0,94.62604348083751,39.637373026267895,20.31853462940088,116.66145798975526,2321.622069664685
978,42.3045748318368,5594.067385565593,6.204443980966163,7.9046195594743525,1,94.52425432545138,12.150462419262857,7.713450006725754,248.76550809845156,2762.6550216768624
576,61.0268406982416,5472.15715340903,3.4015044923064948,9.060497865337354,1,94.3196780597391,84.66185771356776,15.036202405489547,183.65590476647253,2540.1956753233762
1683,62.61545089847162,3864.465015667875,9.296125397735992,12.635162114031209,2,94.3194248967014,48.7962202175849,10.4825535266832,196.73814424563253,2798.5564945786878
1323,38.43724272807351,3851.3044205940346,4.209773619104609,9.522520571831082,1,94.31710783127431,47.47601209541506,10.06357661012127,174.98877871191158,2633.9341675642418
610,46.45359515390983,3454.116993263768,4.7663942623425655,7.441608874911442,1,94.22580542392433,8.981008938908571,10.221457934726196,155.48564174308942,2413.377275035945
300,36.37996072056657,3307.8084032560287,6.439391336264132,7.710174339795535,0,94.20279405221578,22.2905903400774,23.285426124127618,175.2641901845337,3745.9021350275625
487,26.769279571622555,5816.548302049444,8.589112260752819,14.267154749836479,3,94.09653685107399,9.87120036614942,9.304431354589918,264.80946346764915,2906.514629333317
1563,24.92815231561305,10141.055576096842,5.595511244995762,6.82545038197848,1,94.05048369026562,26.926386216281365,8.98848539435671,109.7005311110181,2964.1007467134655
448,25.529185764077052,4273.757260387617,4.60138838969532,9.156337746833264,3,93.97061699129651,71.15546662143764,6.905606826856631,136.46041829844086,1878.5094266786318
1164,28.706777245053438,7702.623767850859,3.992029676667214,8.86163999338864,0,93.95285488827801,33.36679421274005,10.386245563863,166.93350016750628,2793.2532528461015
623,36.57328513940031,5867.445209158562,2.666824437275281,3.8136299124003523,0,93.86480729149947,21.34566148858293,10.596917427815164,230.5461775562455,1978.462641044534
1668,23.64720408548603,2148.4352058779014,6.5968117382697145,4.979595101467627,2,93.86312893479536,17.69896726261422,12.345502218822608,216.3332460601637,2399.4802156303367
671,49.793764595207975,4940.40779845079,4.893302654304251,10.607580009691638,2,93.75608691383724,28.58894720596033,2.7793253595924536,152.04916824437183,2692.0655917960476
1866,19.679199092889135,3436.579537998065,4.043568871415881,11.558389524362603,2,93.67185031325181,61.61264785870928,14.83384126778152,216.20733499664095,2413.9903758511573
2004,27.37891955019924,4540.571695315588,2.2342383819784732,6.979647922059776,1,93.6457383717755,83.73455683649382,5.90122117421676,143.50012699402743,1888.4580999938687
756,39.86943704185414,2159.252313947405,7.029633623542544,10.230077864174456,2,93.53795478313697,51.09386016562219,6.60971919583386,158.545305797864,1766.1339117276327
981,40.94169151917946,8497.986793139235,5.295815210030896,7.048421022905868,1,93.37158401810126,26.15963910215905,14.265867405096326,202.40710436197654,3181.8565209269905
420,42.18438702988142,5378.116590410519,3.9412918169291156,7.251776279614227,1,93.34221747062202,20.796520811284143,7.489084429921237,275.81264459689527,2570.32880287409
327,58.38601899869686,10674.61963771259,2.326112697476093,11.956430180367189,1,93.28968477549978,21.14502518617929,14.617426675824754,236.47793101786527,2959.080206501604
196,41.848701824298466,7792.479881195191,3.955647424126531,11.276669721704174,4,93.24888128043271,54.327363724734155,9.492623182650656,143.93619331908462,2538.1935586597633
1945,40.299929196943815,6960.933058795123,3.893819190109536,10.165891611240255,4,93.05034482155904,24.751434942033313,5.466664016693572,121.974687482782,2810.2313254466853
950,44.62190602606429,3911.3349447446517,1.6163710484265073,6.462949348883284,2,93.03252572026847,27.684544503962115,11.626410975095594,179.5075698334045,2519.490913502735
1425,29.50624304421112,4887.82871536864,5.246402343015024,3.242927632446314,1,92.93185699698641,14.476147925836667,12.773159669098911,247.53087375935104,2565.0152628688747
1082,44.13677368469149,6020.729860530738,6.105114401391015,3.772856806716203,3,92.91836140542893,17.690923733376195,14.943665537802428,118.150246989387,1787.4178173744244
1033,40.097312991085516,24508.562475129103,7.2128292316770946,10.63447681707351,1,92.89258257336405,55.90432900384248,12.158273490067764,278.6072910142669,3857.0901969512192
2070,49.19022420144204,5401.631790781692,11.880101731952626,4.298970023027891,0,92.82297200683473,28.216188229528385,19.151269550475043,175.6697485559541,3330.6533514651337
2032,37.443172734296866,3138.326578275965,1.9721547270660205,3.9024664396342974,2,92.80773169949887,23.824803962110842,0,104.51389544319866,2023.5095574094034
875,38.62220735262241,5181.841124431882,3.080694926890894,6.718009739831117,1,92.72873752533471,63.75671307174753,14.011425909920968,162.16502736388762,1805.667756702458
1874,38.509291737561135,7548.958711385082,2.4389264643346515,9.085969038595513,0,92.65289342391033,12.576681669295112,8.9272407818662,232.32079664878268,3314.2846183299916
1862,57.57900982658895,6048.43399479663,4.561525371906927,2.8545019915141383,2,92.64366003602615,53.9515350538024,15.55669965763592,220.8990722781168,3048.2541281803783
850,34.635970654683966,5952.449046213003,3.6350597418352693,6.606605672958516,1,92.61434810563621,8.874241252705835,13.207306873667752,210.02554052108675,3009.178947055154
277,35.11190593961704,2370.926759769131,5.694135590928907,10.689465871021653,0,92.50683093190788,67.52786502667982,3.0760447914911175,176.12946061849246,1686.3470103415104
1254,28.845336707447736,3343.9169711339514,4.561734319508976,5.89265997768039,0,92.50151973715663,29.869832716428004,11.832379032676268,131.86799357051615,2658.626296457192
2139,46.444614329321055,6714.280698098598,1.1392166460849844,9.330253156357395,2,92.47830035118113,29.6861259385297,16.560172445127105,295.67833621911814,2549.474858021175
1488,61.34257175942331,10398.934907774894,2.1648063373650603,9.006308200348382,0,92.45660631446384,20.885092287658196,8.789466973155436,179.74675932108354,2753.7565458053446
1714,52.266630229504,3287.90473827278,2.532198857606898,7.8658392347922215,2,92.44213157026377,35.217879160735244,17.224483292048873,217.4981764744217,2548.517315658655
1031,44.358994967296375,3115.0196203361415,4.2349829997563955,3.8730779410910046,1,92.37596834986958,35.282342491133456,9.859320968874743,91.42108261948545,2157.3549550948937
153,49.37243602690751,8023.468906506282,13.092112371144463,5.492546138512232,2,92.23532538984885,17.047823447406902,6.427342075398684,144.14559607326507,3106.6818863187264
1733,49.00650899395654,6110.053788831112,1.3642464438689195,4.730694403672311,2,92.22770691253699,97.86245781950083,6.071752434113629,209.6573375886307,2100.5929610614276
115,40.53554941089376,8758.049704712856,6.678383760276073,9.237146876061464,5,92.13688324000657,15.342652994407205,1.9353994074337653,130.51275046513223,2532.848822797283
166,34.83355409228797,5259.677973341629,2.6738651183206033,8.709125961067386,2,92.05664625434213,55.878611271521464,17.097576400544188,343.1135316812441,2799.7144320995603
1825,33.52259894779646,7476.373226285529,10.006640024924716,7.769993583137155,0,92.0473062336559,19.684546592874028,6.527044002701409,142.86967185451698,2589.848887468254
988,46.933211910805554,5182.424580774712,0.8436262366788287,10.661665986893576,3,92.02520974539654,10.326042631877247,10.210839357809613,168.4502059724398,1874.0814303305015
1690,28.723018923817,14125.876767376827,3.1049521138945764,4.876930630834593,3,91.98415556313228,14.671944981065447,9.387313046782648,81.61645074071697,2888.5804502744486
114,52.56500585218837,8035.465967136833,6.960465349652731,13.430484482580272,1,91.97499168781304,39.51999906647238,7.067935354716143,158.79364438616963,3122.120243630201
2111,30.369327721756683,3115.2313226802053,3.156288278139288,11.44141394473644,0,91.96449030849864,44.540875245970604,5.106801024123942,127.35788883327035,1773.3844372618162
242,27.345825153798867,2767.318496968394,0.6340854597622477,7.8804208006691825,2,91.84381983981585,36.634350940318846,15.48978957137669,218.56857322736693,2472.9122846752934
215,34.53454571914423,7319.319691539577,2.414085542604276,10.09779351787557,4,91.804860126608,40.88584291153811,13.61762950473826,229.5227156955874,1936.4320788580853
207,29.17772526103716,8979.661459087692,4.400932823822815,5.402750834632807,2,91.6073162999339,21.53552155805095,1.258373637507475,206.79547715860986,2948.582083011573
824,51.966114703276695,3636.813917546599,5.281930408395919,5.33982310150207,2,91.47529039765331,44.158868822416935,10.89378861024628,152.71496943273172,2156.8083966954473
307,29.21287306142196,10455.879354540415,9.86119908447401,13.59086713147192,3,91.39278444494805,29.604035682550403,13.276391172793383,240.50533860094777,3380.440981656007
1355,36.72107351557543,12305.49557704159,3.0405817237875934,8.356159266599144,0,91.18546943438965,19.52878703127198,8.671472760323715,320.97660132497845,3257.5752690271947
819,47.77570520982334,13464.299896583867,5.321331543596212,7.93526775015419,0,91.1404183392714,40.94359055467737,7.881996355128086,155.9858443561638,2837.5426638124163
1556,19.262847883181443,3493.2152367536287,2.789962379156247,9.597821851381559,1,91.11842787421472,16.807298835900227,12.051723028833331,211.38136366017343,2138.3164337967582
1474,40.66663714804018,6890.920068941994,6.24342068967221,2.5680985251129647,2,91.09498000281602,41.97544717683808,8.717063502841512,127.20789684840895,2406.7359338155
658,58.737153504524215,8612.547531021743,2.5233706875530775,12.174202581798603,1,91.02687480335678,30.39074292938293,2.2076722613811945,138.34142049486684,2881.451616871169
1105,42.54780037974131,4714.194675737905,7.005849941420636,9.486183845103625,4,91.02427632320611,39.15954424626706,13.08807288492731,125.69552452716513,2379.8624975020252
198,37.65011826254616,7799.6896272235945,1.5044243108857362,11.505466792485405,4,91.00601478736507,46.98436639242725,16.098806042098573,49.22638989027158,2632.9293989857315
1196,42.246479650879955,5055.880537084271,3.9298572068949453,10.195906409257216,2,90.92285737024906,25.42256731747641,13.0480869146978,157.7263944234455,2740.341738473527
283,21.491894824690757,5433.083115025893,6.9305076493568665,8.202901357303421,2,90.90672918078536,26.079068740184752,13.330905218190203,191.59163949041158,2760.3462414590886
1135,35.66406707542849,3865.3049741485443,3.584051632061512,6.847750389191618,4,90.87076776697883,55.49251077163156,4.829255601039769,215.08126437370976,2258.736197822917
1443,50.824446313706545,6682.118081412986,5.5052314448440764,8.184054858508857,0,90.81921500701598,18.76079507951842,2.306978702313252,154.42574514004835,2191.469871190255
890,39.88837683291263,7263.213165360756,3.1311676945828117,11.723185775026408,3,90.81257134012264,80.51175132071802,11.956646704461274,190.11080288330555,2075.9346048558964
856,48.310991023164206,9101.936401984633,3.2443720559991664,5.514804454728379,3,90.75103948271202,12.376714595762655,7.884620317111282,144.94782754493883,2753.953337487961
1910,42.82241957484359,6894.916125603751,4.145259083947152,12.951879883710001,2,90.68464131945018,61.24503872524711,10.562402754733323,87.1151778096555,2077.286873714644
1335,32.44945708583815,2734.632121699598,5.56171488555184,4.055595010828445,1,90.66044513406952,13.576545359102777,8.786875986409715,30,1939.0116107097194
1179,60.40777379397992,5471.397470874108,12.430259623804515,9.425227212406067,1,90.65266052351981,35.95395035618339,17.539602643466274,131.96528824089646,3423.98938934201
982,58.02357736007889,4673.2667937604465,3.8293944852889332,5.533330876316763,1,90.57430019486982,18.54445499837506,6.564961795974613,189.4188183683201,1849.3902078714164
1231,58.46136962446218,3678.206246703631,9.039656770551858,10.043306757500732,3,90.52299357603405,12.525144252178823,11.215926320893656,220.23776239596847,2336.0982881266427
1880,28.03874971501115,9045.354860315532,5.331437452826663,6.616122345785736,1,90.48803234257575,8.887723509557896,11.844253248374086,109.76188465141345,2530.701392232173
2189,47.60191492217396,4067.0004429698506,6.1061551286514915,10.667588687133705,2,90.42931545877596,19.8074153015797,14.65970223202878,288.48878908377003,2330.750727697791
1412,46.643047920996885,4080.8882144603363,7.849031529475936,10.903775388167897,5,90.29491097486437,26.918335572711918,13.566214938105144,148.6396547960547,2734.993799659667
1925,60.451612960156936,9772.024102262523,6.510490497362594,12.802586888755268,2,90.2022005587026,48.746945060263556,14.773840385299904,199.70656734942227,3015.5754250536925
540,41.01284747397738,9154.548992118727,10.739398993204762,13.248646486352065,1,90.20065149608205,37.620381036035674,4.4181485658593544,150.78654659947966,3406.559965830179
968,45.22652958854059,3547.2278993039927,8.16807429014429,9.808907113896822,0,90.0663641675554,20.96651976970791,12.169820668854872,126.27919948876006,2573.8771335605898
1688,23.251924084941155,11422.074011050077,6.9562611887416566,9.98034911853906,3,89.8397052928966,47.11731701603368,13.04729199449609,136.68900373359486,3716.6481435973083
185,36.963085764508534,6452.818204030366,2.3729946106464443,3.2177747780875112,1,89.82449415008037,25.573167957034695,12.409773204790092,140.01344577399246,1984.0777273653996
955,15.735935706600195,3959.4863772626536,1.7504808242373269,5.998962446909411,2,89.80692102144361,16.714699926121906,24.015948736615734,224.13368829605514,2688.088227126704
1437,37.449267219770945,3433.6740462188345,10.205522404042354,9.557611602454825,2,89.79177695766529,56.95508932192792,16.377664318113187,239.34539134865838,3085.449287867264
560,17.8820617467514,3996.377529062296,4.075073566688413,6.621482055556334,1,89.79112875988649,12.404033157121761,10.20517892224933,196.02358275426474,2252.6073573820804
1224,29.88274341510713,7586.983322632284,5.825751436159155,13.44426288184644,2,89.78219162537555,18.424379199999713,12.883933205281105,135.6752144241949,2762.032747850535
1821,41.63135930273655,4102.241961054084,7.36882402556037,8.991507304316434,3,89.7787745970432,34.02781282661827,16.744574570976695,189.91422619484297,2957.690687315163
504,33.827871553000605,6853.764070792364,3.087413948749428,4.927638297233988,1,89.6757701865362,51.3938780658363,13.320106715349269,150.66594557371235,2027.349533436594
901,35.41594191763633,5356.132339961723,2.7294002040589014,6.630936505074911,1,89.67075622652872,22.96353169398478,13.938585457047479,228.61161270238148,1999.4899979494098
253,41.275121584102266,7735.609014498674,4.931648573301613,7.352219631381806,1,89.53942595815245,7.2335141343560725,22.428427228249536,116.45152932471933,3624.889483360463
419,57.32104034248666,5491.317929045567,3.4338752358077964,9.38630497255552,1,89.5044293294642,13.033464823718035,7.706526943818667,106.32445062821364,2693.3193454263424
1147,65.9951337326639,3277.9592867732877,11.992988270144442,2.132522522250393,2,89.49748277245378,18.61403278678919,1.7247915736122472,190.5228986274313,1802.8628215073809
751,40.053617306565286,2636.2618197988477,3.0386636188405842,12.624740372424938,2,89.47365126819761,23.699362545727627,6.396262120896198,162.95323701705604,1937.112770516388
1328,45.50320754051832,6106.091957178622,4.895459384519314,7.872135180178231,2,89.46104114521172,56.708898570133314,14.328093777528562,229.20757423728645,3054.113307687238
1680,33.885540044370536,5350.101941971873,5.2798477101757415,12.481967043070032,1,89.44856477804696,15.35977983954238,8.706303925785155,162.1928716185494,2513.258847138203
1891,44.198071663167475,7102.615329309875,7.008964189128894,8.018971969450115,2,89.42466276081734,21.195979229699297,15.731548936781598,194.22979466773594,3025.9524550867914
720,44.77771901348935,5908.217464581768,5.400223288211656,7.937511796532453,2,89.37106359356754,8.630234278884531,1.72244154686069,143.07509621336598,2405.6350379598225
390,36.99011971063385,7268.172528246233,7.434256262601504,4.714531760261508,1,89.27776761400264,26.325253272325874,7.7419566007656435,104.5761703848666,2647.1315186778547
1521,48.74405259852591,7297.279371804289,3.5226741162749877,5.60060279580959,3,89.26375410177275,57.395210968883674,6.624266812736089,139.57631301687547,2440.1595061653643
160,46.552992518129734,9551.045404807403,6.167912672911455,7.838965684288943,4,89.1869853856598,32.48094114383554,7.190041591257172,136.17611756383155,2593.625363862492
1332,45.091101810354935,4221.255241383453,11.172664049132862,10.72465229250212,1,89.18260896867571,15.65378044964243,5.08456492043458,116.5238405415069,2682.734768914888
2022,39.503853231040026,3315.6197722642937,1.920306037294687,6.625274002937257,3,89.14256587831541,24.95194105638049,3.4590458343522936,133.62535340261113,1676.5969584539248
2134,40.073713520613495,10814.735075658285,3.8370047485250662,5.341579089681306,1,89.1265902770601,11.541680934153193,8.178123507534027,170.16755426772292,2603.2325015403267
897,39.06756626914549,5552.3964985216535,2.684389421355781,11.378637159043045,1,89.07158791725062,9.231829240339982,6.179109728457902,102.19153396365081,2259.0845296893986
894,48.67252473315371,7819.516207739832,3.087430479045957,6.840314879400051,1,89.04909107538275,26.80025537384011,0.5852514305146226,156.93538120256244,1965.179833268616
1138,55.31750099859913,3326.0833218702537,5.574303379034509,8.336704045525872,1,89.04472039837876,24.200994766967998,10.756124971449587,146.10035672123067,1205.2505364945039
2118,43.099182222620925,2533.79960898164,4.586995756176121,6.240868705312389,3,88.83761723808156,14.385124788005022,16.273012136818064,112.9996652470874,2936.4636890298207
1132,45.18435991952378,5657.278242581088,4.659953324169521,10.073505605773661,1,88.82828339317452,27.111469766676656,11.923783722035672,192.5248382514512,2723.8573335285696
1815,65.02835319147886,9414.141588870434,10.338477471397606,4.176062683068126,1,88.82621269870396,47.398130457391694,8.02657286670829,226.57541047105374,2943.408666254212
1445,54.1306047206033,5614.947792221579,9.703439879678353,4.927359634368347,1,88.70167194368136,66.95663324730816,9.20259853986639,194.4205827405104,2517.8973475147864
404,26.994307553599405,8717.772028346633,5.046565951736279,5.894540500373389,1,88.58469837973925,45.131565622271914,13.14072953921424,151.50923488789098,2576.557362552983
1870,41.189004331498666,4874.600445750198,2.3939918543645464,7.395909093336103,2,88.57931575038613,115.32675754223389,18.538672204239152,141.59458119529543,2973.7278685853053
1373,25.538420494267104,11792.587099368571,4.969095658189823,7.281284325635456,1,88.50055114587785,21.518819103661734,10.94174589912701,209.01026842547904,3358.4190677816987
1396,55.32457714236153,12572.509837805197,5.171935170035316,5.704380130194289,3,88.4771324033292,34.46723670332053,6.782384514992359,186.09647045236505,2649.046140651062
673,44.17063144040624,9985.991027106369,6.805641122598383,8.857113340193589,4,88.47664313403317,36.154391434394626,7.250656989575906,211.53218590758274,2690.7031130672553
1754,47.179399438548764,3570.260000604641,4.511782020733833,16.985391091088246,3,88.462887160764,38.88911584428699,21.031507341494027,228.19265390054952,3800.108260064168
1615,39.80454386719778,3009.9328621191007,4.353386459867499,5.1055186341114,1,88.42868977372851,40.888194421531665,15.091179254242402,188.211266020818,2305.800894059902
1936,42.825125645805805,6271.840767207941,5.645028114732435,5.367036995262346,3,88.41399889904082,4.044247259803479,13.374247897473296,184.4625860111935,2987.831655328208
2144,35.86104300205225,2644.830784111136,7.159242958225851,5.495866042947721,3,88.34974531836203,55.06361326542062,14.101091204311032,147.33684180230318,1919.3273749844536
333,31.331451749079648,7399.372571372609,1.7331331792313027,9.780930248729607,3,88.348739785828,9.518906841323018,13.044647732074537,265.3573254298061,2418.2730723636423
451,55.69711919145603,5508.630133942881,2.7400105303523783,11.20398419980437,2,88.34370259288411,22.78029999293438,7.250981111914383,137.4258481118609,2081.632311382409
796,43.799138125347945,7381.678510530312,3.0677962383528374,9.267286337803988,4,88.32658651340302,20.56110947364015,13.616843047744954,188.01423318506528,2535.472003050646
2179,56.68588918830791,10652.911566370272,1.6986728234958997,4.633741658307213,2,88.29898490399262,43.264589878117604,12.700758903604308,127.13944989280172,2283.5554750978386
1600,43.13601798430059,4964.569195675927,1.924825583666633,9.388478138437772,2,88.25308659502362,46.97043332788625,15.823569273935037,80.26988325996828,2251.6233411272738
572,39.056322911789614,4909.051716635229,4.2954863059795665,12.06202720580678,2,88.24552860466068,28.740405300805463,16.60981555883771,142.4058115413958,3158.6712472197787
89,40.177786061134356,10240.374092905118,1.8500202617051051,4.880695552785531,0,88.21807752295948,39.92651312954522,1.7482423792201303,186.09185988216606,2671.162893417589
2088,46.072150027552254,13987.684057201226,4.516722516621041,6.072074400599484,1,88.14822223704932,13.465903694132585,12.482771321481048,220.27286157738985,3298.444706485037
1262,44.06933808615051,4413.97243243841,7.406692516524796,7.794601599289508,1,88.1108172823484,106.86745074767208,8.346682721315892,220.95636801167737,2824.2495089796525
544,40.430760754092745,6301.184684778915,2.987216746550214,4.1320207063028676,1,88.03741912035366,106.9276171539823,9.057184139158252,231.6790515096668,1930.6156606285851
1922,26.430513008447214,8562.799585746725,3.27031243603898,13.257859773618287,2,88.00078150830925,86.5589468859624,12.197810939847304,167.96441701920614,2650.9920012856123
2040,40.90341517123783,7265.97664977986,3.0035215976531586,9.437683909386733,1,88.00028863181296,25.82064643693336,11.364985039685802,164.96162119846792,2728.3360082455283
1883,22.445629327202692,4203.691879138408,5.20921428793789,9.840532080531144,2,87.99295085135925,31.10698357991145,9.292979638323391,215.77117335681933,2233.626901560945
1100,42.3866563732956,4506.287800106163,5.342704823937075,17.473268551475485,1,87.94688347359549,26.28330259156328,17.055422531615832,82.63909599748699,2886.503359814572
1553,51.48880934978814,7176.8700987133,7.6440637839115935,10.950691696051459,1,87.94377743553261,7.877431860012949,9.00570478555765,219.43128542689266,2809.301215300056
1707,26.961243294517022,4668.163949928542,3.0124966962624233,1.2477632144555377,3,87.92005689621502,40.60346331141902,8.611182674610628,185.8894034222382,1961.0526259570622
531,23.986187667613823,5783.126362710261,2.7336863252226977,5.2170841605007965,2,87.87252677759486,29.929908004856387,17.43389863384231,169.16160040299286,2460.307084694475
125,58.3869447743141,2720.733334124478,10.810025550354416,6.760406141073213,2,87.84283806543927,14.431124149065802,10.699128617163684,100.63318677710532,2151.606026095769
1287,35.817209373788685,2780.5513925332416,2.608885119633797,5.959868515475329,2,87.79512092084252,27.562513794804563,14.208946621388808,171.40317348647483,2235.723136450134
1610,59.1034801412985,6870.210932277024,4.778366348291432,10.402560291853588,3,87.61666158717759,18.887903486416384,6.320861533405339,189.49889496390125,2471.743213584718
1204,54.780972193512454,4850.264750465589,6.680660237384474,8.620206774835207,1,87.588735711968,22.04861490534582,11.33712245492692,223.41486873874254,2430.7224225498762
1484,47.42611556733538,6809.709576849924,2.5382629614152648,7.717859865350995,0,87.55724505336997,59.43715815823523,18.915811873073032,167.07361857695705,2732.4295257119766
2105,52.267606846014836,2949.6565419359513,3.1105132130604307,5.024525428900086,1,87.49716364516924,35.30312215737081,9.112610102025027,140.03011535358746,2027.8895704221407
1937,32.32993054134552,3668.9237089361845,4.433371736809746,7.09063199190223,1,87.40529834865511,27.005609845145393,12.739336465491274,212.66041766622777,2777.5261183505004
713,32.8464390782867,9968.12694171169,6.9334035079363785,8.040564278380598,3,87.3865436904042,58.34298889717494,7.826348447183153,68.3680317772648,2384.0133355180137
53,24.947234376861843,8258.21946297332,1.394023883498142,8.660499787136489,3,87.38332114029849,91.32083552320063,14.71146631644622,184.75498073651895,2305.4094907864896
107,33.18797378431018,5469.311488987694,1.1590200818606635,11.843758500285146,3,87.31156246095817,12.953559141195026,10.14552556389991,261.1941311025585,2364.1878994294316
1314,33.86160038727293,9964.632015820307,4.18604110815767,9.055044249412354,1,87.23777132684403,61.376485054576776,13.87238752544225,192.5687196727377,2600.7951247312103
260,33.31918830800353,6425.442341088236,6.582202123996331,12.643706046658155,1,87.20031790705582,43.348261500729734,12.93162517151518,228.73108468634712,2287.497252547028
56,58.16527765337661,4870.972780719431,3.485244190117043,12.562920253944757,3,87.17966957478815,11.271212359385947,10.143349878670811,107.31942394326911,2358.311086429483
1297,38.3587230077768,5341.545624018508,4.922902251997871,7.852253157165903,2,87.17825978596728,63.9779830745277,24.218527230695727,136.52175203434606,3085.801758887381
1687,35.51444646574397,7666.836253075138,1.362272760542722,11.642048752802179,1,87.15899931127976,22.557905885973728,11.486327774872711,188.30471348343892,2703.9129267776693
1987,34.36861221897323,4202.194202494202,1.6719344381304795,10.068420693223297,2,87.14933337181225,20.25262780478373,11.980786387107106,152.78526205926022,2395.3246292382155
1098,58.36742729376502,8413.913765710562,2.267564522158655,9.802158557882173,0,87.06705252273048,30.054758957869282,6.281628811014434,175.01735795868424,2511.8842204730154
536,36.05012540710923,3817.8576217885816,4.54630695652295,10.850811165008723,2,87.05559386021727,23.381878225258397,6.745968798388046,165.9540608558535,2424.6661180384745
2092,21.89299859411065,9959.419545931243,6.5672595048054285,4.41734356726978,3,87.0420377706725,21.396818334699056,13.516503328557185,232.8232415415807,3011.9255455471503
845,37.47164746275306,8472.524920753813,5.601824205874047,6.366617329957286,2,86.89076448206382,59.246821024971325,11.131693615386084,137.8886465404914,2794.6765656997272
939,58.53521555433757,4412.9759569908665,4.817248767499165,8.511050779774143,0,86.85446163119249,12.983700269408235,11.38409114286976,171.17481088165977,2405.293788309252
851,40.16524987297837,4157.633611531816,5.1261006855555875,5.646693470975714,2,86.83212744148257,41.95858728753905,12.449342324903164,148.1402072506488,2124.2086095869254
74,55.468361279216545,10612.56494363606,5.781974878114325,11.064306776804829,4,86.72474668725407,87.60255382005042,12.100713924362537,176.1464141425525,2813.6709162780603
456,43.897579072235814,4131.510485844108,13.03736943972167,7.89229174520997,3,86.69841593445955,11.330755647327058,16.65246837260355,85.03416229929996,3049.0318241948435
1698,37.08429358231227,3231.9119697982737,5.195561544995374,13.334329218126646,3,86.65725913173033,20.96290993972326,1.5727706220003874,40.65063833965402,2278.555284513452
1067,29.14909193750143,4898.625010494778,4.186644180974125,7.12864877925531,3,86.64355503575317,11.65792541314552,22.4939475550738,294.0856436847189,2731.245468829683
964,44.61397253745858,2102.8337875782413,8.231758705983125,9.844686848743992,0,86.62362699785314,24.166828733431593,9.00066954190546,149.46698075494726,2541.659900528238
407,46.312292721659034,2953.760811674534,2.8370856592189955,11.317006364972558,2,86.52883992671137,47.498428294061995,8.773695586328335,167.50557889347758,1923.4717501942223
1614,58.305187792979716,3749.7289059315635,3.9598467547397878,4.819496315396116,1,86.5125681832999,45.78391218747826,9.460159709454572,169.5584255267056,1779.778879178654
665,35.0300470656034,5318.453145115411,4.951627154826654,5.514944495665963,2,86.50049877186312,36.05001675940163,11.014205221795644,252.05393363253785,2720.7551903896606
1739,21.62861212566677,6804.090875695089,6.58827940907197,14.069193281834032,3,86.36841687324893,22.031955367892536,11.918048302024962,156.87883002325142,2221.694002106046
783,48.002300950183766,14101.724933268702,13.922543522577495,13.393462692912859,0,86.31658243909848,27.43837849548821,10.639373456332486,228.50643693092928,3478.727045648654
375,29.802744805840046,4268.035773986803,3.1436791696059347,10.200403362054004,3,86.30924173388223,52.1258164709339,11.579569698366395,159.71689360310788,1533.3944391880823
191,54.607173029569225,8359.825621504702,6.468624850769735,9.742634942793638,3,86.18942808200862,57.12774791108144,9.96848797107853,78.59819640386463,2332.0301874929023
1466,57.370608687164435,4756.732043846241,9.991592923366708,11.65496165859169,5,86.14778692609791,31.83403122805813,15.535451403055724,174.07032832615874,3033.894252810718
960,32.93788357502837,4645.179568983439,3.2109229533719477,9.055093303746995,1,86.11438635897596,25.03504402089098,9.905065191146344,215.1061118675008,2346.8253491640467
1542,54.346668502298044,7282.380858862279,6.875483086015669,10.077559522578099,3,86.083522808315,49.46135052608862,10.546595267460305,210.12114780870343,2838.1067908109244
96,39.02382678335396,4928.775150304692,4.18480646841901,6.551916447168087,0,86.05752681544419,43.05174234516425,20.871761504576444,160.78045886714813,2891.9240773768365
1127,69.22959953557736,5681.631772861663,3.2433708138962842,7.583521704422043,1,86.05699982507366,6.285055185011922,15.450287986082797,75.52577009427478,2040.40587411308
1888,50.40809525977232,9404.57075980179,3.410242032596412,9.704211989810643,1,86.0427055279849,18.803476591016093,7.339531447837828,149.39869105568667,2465.5411310601085
1177,42.34902118389094,3291.6019406072896,2.3287640965060628,13.46671468018875,0,86.01117911129514,23.710528525586245,11.66172129298696,107.23937215918959,2539.0306645305445
1371,52.55500668909264,2079.7065697876587,5.998902227070857,5.621137320408675,2,85.9985250768206,7.866187873353269,11.648804261305836,188.52043685763687,1732.9551598912844
171,49.054340862330605,10221.270665820926,8.098825477383215,10.350146746558115,1,85.95398491261496,22.359820608038397,10.295529513348347,191.08174164692255,2710.1776964561986
1504,59.874846529950844,7812.735568810416,6.012733855565035,8.644146191165937,0,85.85359285671727,59.612097730209946,10.186391467220886,161.16839980525788,2680.969301324299
834,40.20064857775451,2645.486590385828,4.062915785398044,7.509725452504402,1,85.7192105580334,18.156929012321562,11.687953398982824,162.41460351198043,2058.75791565931
1633,54.94969866112007,5238.901268702927,4.806695480254983,4.837715607836791,3,85.71092095705099,16.904777781062634,8.179174920909327,279.56798111295814,2016.2912074686053
930,28.927830565965607,9940.766887927102,4.5010120761602606,8.821397394635115,1,85.64534682066737,11.45343089897132,5.127761730629661,168.922496939577,2171.693547097998
1001,54.75006088503602,3606.6853970346283,6.082145343346281,6.775259274531901,4,85.58177571476881,31.375223220649108,7.468963184194705,223.81081229702374,2559.0419790402098
2168,48.99056564968298,4216.354669341393,8.093945644164705,10.14541821196978,1,85.56553365145417,22.719019524441634,15.421132775925393,224.68265416600084,3131.29888888849
393,37.52291580248627,8212.121161859586,14.74864534296451,9.930672095002938,2,85.55472230223742,47.02652979619341,18.351475435631265,173.76384842654306,3465.6531206464097
234,52.56078060313761,4946.111131963664,9.363824960013483,5.7417497292744955,1,85.5320030104413,18.41724959124067,0,136.6478777367653,1755.7881418440147
183,22.347192978573545,4481.538265882392,4.285548207149885,9.092392690620756,3,85.44105625130116,14.843725370780742,3.853447106571794,140.45179670406208,2360.338727909265
1212,36.49074727818614,5625.919228690692,9.607489857142276,3.747172903344505,1,85.39050060081888,83.56102663595489,10.60721586916417,226.7300882683436,2558.8990603734237
926,39.593188227109984,4691.789693214908,9.545248022108055,7.533316456702408,4,85.35444316367305,117.78489035488475,5.107435323298402,178.8635121070445,1454.706192793227
1074,44.2565915603993,5364.808163103705,1.6016752395434264,4.865027118004963,0,85.32653227727535,46.64945448073108,11.66780292736357,216.5424512551087,2884.338659320949
1890,34.45293692985118,8816.258040586397,9.115817288925857,7.275065578221503,1,85.30655296286074,33.04544746248115,16.737329739367887,149.13739569763618,3225.3057652940743
2006,39.48116523151646,4784.350017344978,2.47551293276605,14.015803644163274,2,85.18842990227856,10.361274204041507,8.325335027240556,142.72415392928698,2565.396949919105
2054,56.404283745133945,4267.466560069513,3.2919559340551015,7.259003778373351,1,85.18755862709251,28.54364733339313,1.6643203513745934,46.88403123444252,1824.339296311307
814,27.819309791386345,5655.933622156606,7.158175378883022,10.156422713488936,2,85.17961242767247,37.907250434207036,3.696754325833913,131.71483518240876,2245.591604635379
534,53.99182637059728,2617.314968523665,12.136540499801153,5.3393911044853,1,85.16090615794894,65.19366538527659,4.796754338784188,205.06110243525157,2489.0566952547615
2,25.705369331748493,8745.452693175886,5.257815419783281,5.043057987730128,3,85.14415970829549,11.300598662159873,9.772444734457057,141.33407357740805,2131.0040392503174
37,43.22523567464188,4760.661414224599,7.418001186998328,9.211963169820217,1,85.12344189932108,9.232002776057179,14.599003379943536,200.86718438366728,2069.1704015364685
1564,62.74112593920521,3011.8099653581626,12.417546587975293,7.428705399106936,0,85.12229840529585,31.531591458412414,10.091079932037582,163.97637230966149,2681.158857387232
178,56.78845469299268,2868.2766166796987,7.027222184805152,5.5391170930241955,0,85.09453068667399,59.85973115870873,4.140427535154163,205.96664050184305,2298.053907780822
1150,44.27543049003372,5156.12943940178,1.230163108365054,6.711386054308427,1,85.07376632516304,80.43399001673568,7.0089826622133025,194.08827130448594,1577.999371101445
1115,21.06808281697357,6448.34996293261,6.998772242632239,5.606353164324708,2,85.05993403721111,17.64956712357857,1.0213644118778387,182.19220825395655,2730.7530092695006
1213,37.92176386066089,15857.22762753389,15.218351044778386,3.2022866419050127,1,85.05170548654877,26.60563089795052,21.605805408114463,187.8435748108572,3899.1553246007697
1536,23.95075116428052,3228.0409834331804,7.242607691949513,9.460791323280018,2,85.03212494959142,54.21713901583642,7.623904412449434,197.01986800879092,1885.1089139813141
1524,29.14650095172741,6148.370981165114,14.34622543400127,7.952789940436919,1,85.02605766552867,51.88302639993904,9.816404132984864,208.43143884321503,3370.1357892524693
700,55.718836091061576,8086.839066688968,2.868783696637394,11.39755712671488,0,85.01982195128822,30.592961274974,12.776647757560331,141.207590417399,2445.42447477107
826,48.33814158277842,4252.763674732364,8.554671929373285,1,1,84.97586126075024,35.71522269124519,8.416101843464826,233.2864382419259,2662.684663729611
1286,27.58761966911704,4712.190403744,13.286428332812001,7.376984107980174,5,84.97124254145685,36.91356186410313,9.480507010751946,212.5160792104456,2563.6702988702564
1646,51.394352673587065,8162.007056646245,6.436329504206131,6.756507529510922,1,84.96423826065352,19.864848915636955,9.155653521893065,179.02177141652135,2787.8678356186897
2087,31.45773557517305,6830.4636656746015,5.346048038967972,6.441994309707214,3,84.94141525126639,36.91959491574335,11.490642751600094,209.6922178368458,2395.681974355998
1537,56.86481797627735,5286.056675055669,3.0555992523804028,8.425483755369216,1,84.89505503796929,56.75996122580239,13.972087046070774,79.64384752094783,2490.298887508018
569,59.5143664933496,5142.815780189344,6.3159832221840855,2.161005323100639,2,84.88745818290487,28.41277929876328,0,102.85569850701783,1933.2710771890252
1634,50.40714811607015,5095.566023232787,9.083490838745503,8.109355330698108,3,84.7862687895405,17.270191693170304,5.367837021212571,171.7729316752697,2520.5842299115357
1914,50.074291985893964,5741.110043054227,2.3359383170580634,5.472386055439147,5,84.73579189629248,38.21229748450983,10.437152913697279,238.15882981813414,1642.1483485066271
1929,43.72433979168769,6305.228424441767,7.724990813173643,8.409565347855292,2,84.7028969036306,60.16089249715162,25.48975459723149,156.87590073512018,2994.5391970722876
570,42.83301193875252,5823.653126308036,7.423010331713383,9.897837669505485,3,84.65154100256376,86.85503049177612,8.66868503771952,212.48864917279408,2381.1737950383135
1367,43.44792242572092,3813.8455070205296,6.805396410366286,10.810539568122731,0,84.58604503630987,34.99086670902486,13.29384306281882,183.43890833490818,2942.1440240227535
1329,28.955427467305697,6464.7703690920325,5.252964435852634,7.944316039216257,1,84.5566907865211,3.7449485856695963,12.162041099121186,185.11170513859128,1787.1379374158969
587,41.245647840354465,3496.967034884913,4.431764019432287,8.62237622111033,3,84.52841299010011,57.81882389065986,16.08800772962168,193.33443773585773,2134.321547793127
1727,41.63910859242003,4770.5662378285015,5.190619707744023,5.248960546824524,1,84.44269302593848,26.559115488317932,8.879428557910217,138.2833154922949,1860.0030886957559
329,30.072924390811067,6359.135734008172,2.472732550228764,7.1128233380377,2,84.4295472599449,28.54916417439074,10.519206735640642,201.90180627992365,2715.276969397599
816,29.903622211903098,2771.0704931890887,11.1296128207652,1,1,84.42548488726555,49.43734066726522,23.866092004877874,202.6612624037681,2529.794422781859
1605,72.00613780854988,6890.991303883313,5.348346026695216,6.432998977317885,1,84.41747170180409,54.50182059413301,8.118173211529607,214.45669566951545,2419.1556856327247
1308,36.746121663099686,5573.03376650683,2.345337535069833,4.811099622836354,3,84.40756275656382,66.34820873989176,17.646392528747405,40.02911381432497,2361.6528579898213
1099,50.85769092700824,13738.702657904607,6.094753991054079,1,0,84.3909034878551,26.87807829546951,17.44327069061057,213.75745713782095,3220.1382172686394
1851,35.781416355212684,4070.5166788743663,6.744704110592718,7.899589582343928,0,84.33784938248948,36.31126115621345,2.2342199373557534,274.10155860076554,2522.0624514877586
858,44.130804127486726,9566.908551131188,5.926369930200148,5.6305060042050314,5,84.32218441288477,23.252473162639724,13.987497799636333,146.73230660294254,3416.73594347158
289,33.33855167370674,4285.269810521445,2.9617125607924435,5.109148805746756,2,84.32008086352951,51.51101486725068,11.938742164030279,139.42467824461227,2491.3022898359013
490,41.954033272460755,3378.2323968994174,6.680778346673207,3.7609806487737005,2,84.29290092198514,31.829197320471895,13.908592995650936,159.69529042433052,2124.2769796184207
1700,58.00751236031546,8598.883665440399,6.504240272385351,6.144397087524624,2,84.19119301958051,19.922149752050988,12.188548531545196,250.11598897751296,3110.184381588936
1385,46.67613447469774,13727.643212776891,5.810349564855196,8.70550650197542,3,84.15630128564217,32.26178405411313,12.401815104522182,219.17921828723505,2514.6555836288253
117,40.10557848096492,5759.859529475426,8.946221920568133,7.433687434620249,3,84.14105399834123,16.752500390162147,9.148183363686101,198.2938961482412,3038.1184841092277
1694,35.96015518516301,10812.674732993768,9.29465273707217,9.163622393491236,0,84.10366022121298,31.226202279782427,10.351538749678319,96.83549756459405,3014.5478022800876
1686,35.654287368760684,9520.984330533114,6.6858668862325334,11.686763345711103,1,84.01068606636227,64.1755526889825,17.000585986511254,138.84776143347858,2674.4199650244304
1357,55.36152233782225,6138.8049144403,2.406364103533675,13.85619761014133,1,83.92176987168153,52.848995641364624,17.1388848469106,115.3709127373301,1926.6641948280726
2148,33.000135303097586,6547.217374616407,9.433438379834188,8.889712339921914,4,83.87167832018274,48.28895746813046,5.668976204795954,154.40306243783837,2798.63755541576
895,32.386452648648294,4795.517158699462,2.6969873678648515,8.13532400364019,2,83.85611376214351,19.85411699995256,15.931137676187529,164.9834133137335,2469.6778293645657
1593,57.6837502093498,10316.15302203869,8.427754678875957,3.0688015675643268,3,83.80273621246077,11.568706432160905,2.7275540423314695,180.1492034525499,2082.5329325865296
496,27.45652712108371,9682.162686781427,3.389146477578942,3.6733497136741393,1,83.799731429932,36.483123180296154,0.6365284453859719,105.73959129759567,2102.7625599444596
591,34.91694366399842,20192.9396953249,5.111994558630442,8.912903223924864,1,83.78675640787698,27.37019767101962,16.951548265896765,260.9679127450978,3771.425884667036
1780,23.654943648587167,4082.6520776829902,0.8190933461173898,3.9434777438663966,1,83.77941898749532,52.65103135023614,15.543308415433529,198.69625721510536,1802.6488575499066
1557,53.41788219022854,4956.515115160305,5.161178653286998,7.526302946910276,2,83.65637590035972,38.91820334871713,2.539493398805087,156.71180750703002,1852.8044482223063
1207,27.26929527786467,5106.946693968307,6.134611590760547,3.97822625595475,3,83.64927134734039,44.03364353733494,15.94486196029992,120.4934641575708,2516.839205505549
1978,63.793898001941166,6024.086673529075,1.5538974646098647,8.936985771064633,1,83.6246613701373,42.84402184058459,13.72052626296143,165.39787644291377,2151.810524642512
1307,48.3011093572642,6203.057321548805,3.112418180270544,8.060272074321421,0,83.62417414701557,28.068636573034077,18.39834664730961,263.3092062094097,3124.312638008043
1447,15.29960930725328,6619.629842691521,12.022461697185724,9.307257330752234,6,83.59692871567421,72.95841255075021,16.223888757226035,146.90694557997995,2897.2810628623647
2162,55.9835415528259,4696.152400508876,7.443524686003492,5.808883392917603,2,83.59600363543308,71.62142389081052,8.901649185482503,214.83743544372197,1814.5317396548746
1321,67.1845067688033,6792.8484675974705,2.758689272564733,7.6817996979834025,1,83.55769537228579,25.30940424193826,14.499917327658748,128.16713371405393,3124.3370829048063
1920,50.77101488119429,5975.890280411972,3.3682684194819967,7.508702273891144,1,83.55350059737012,26.599832676018607,10.402631564446324,190.9596371177121,3259.9788566284324
176,40.875406992416444,3582.203022480458,9.061027155981764,10.196220462278037,1,83.54320323280857,58.01767609178091,15.80189120368351,91.02470522954869,1783.420854722577
1189,17.319208349301526,6250.847153589592,4.626767219712029,7.981638058154432,1,83.52083173415711,26.42818510027856,17.629883760019496,125.54440699914275,2969.5979374825233
1405,60.305277196465674,4037.8532490611897,2.1276274131265693,3.0660019010329282,3,83.48623561409568,24.961930484287358,12.681080574272357,230.31545484148864,1642.1566672566082
1682,38.88585252778267,5664.308188607941,8.248416896111902,6.728874954947976,0,83.48423244649855,36.29481974586021,13.547800201675903,250.0676704898729,2383.1441520709072
288,44.822030440395814,3749.6975740871894,3.9203596840942354,11.333271633159084,1,83.47005378637759,20.533946756016288,7.495452598210574,245.0324274566087,2496.6871926114163
1907,40.309431246307476,8559.541012229794,9.29707426314861,12.921429663226554,0,83.46742649537357,69.8902354496986,5.376857597233144,154.6093680792307,1935.2836756811325
1642,29.310657051498417,6174.233571240681,1.4632468064506183,2.7937695225042694,2,83.44553486369766,10.18960503309899,21.01551335858654,242.76733335769916,2338.78847441249
1356,42.60763185217753,6126.523467951089,8.092709891172152,4.945019904881169,1,83.4448957357179,44.81949734332068,13.293414368731415,132.6194256002522,2904.2007470247177
1111,37.928030883179225,4743.331480398873,4.538175860845482,9.029950622246082,0,83.38904588916883,41.665281230219634,6.249833075357719,200.47559297600083,2359.032963696377
1491,49.92052151547046,5075.016611843017,7.7491496172606995,6.215689359286076,4,83.38474857365485,32.396620975603916,17.70630473273723,205.95207045508607,3375.172173556243
1381,46.822457237206066,5648.404949978016,4.341188086968696,11.801622453206477,1,83.38282053127443,38.23423677006376,4.245536972990907,105.9055623924233,1714.485749885078
1107,25.836141248083468,4430.906488432166,4.586255218922157,9.375003900922435,1,83.36871446259266,17.59764816671378,13.335235345030858,264.2969118127013,2956.265017057961
1670,51.054550663040324,8128.649877352443,10.354165199352792,8.291590256851444,0,83.36649586245632,36.56768086484253,8.604722594378556,160.96895155032115,3250.2121678663643
449,48.49707387996561,7585.93007516424,2.2810749217860673,5.136012946478184,2,83.35821791840945,62.002239063558164,14.611602095254574,90.0730522975236,2618.464590932111
847,29.494964352352284,4333.586848669305,3.659646107064741,13.872290005753978,1,83.35423594238242,42.057601509499555,7.256355184312721,199.81570348330172,2538.6169578730664
1178,60.03476417322166,7494.7164547150505,1.0164715647121385,16.391048030485216,3,83.35238536354869,51.56454884441847,0,116.97969417209984,1938.9612588067953
2173,36.769362517734365,4633.893635001983,1.893431628799855,7.964391407966003,6,83.34774156398058,76.312318133579,18.864490923483896,209.63210226221497,2187.6920237506993
1757,60.47174436520716,4771.1167702618795,9.753663651374605,8.975502623167172,1,83.31986557924277,34.07987055701197,7.199564557979263,196.7435340170807,2598.726177782283
1915,44.041748584600796,6162.980213190192,5.22899931867515,8.330292785643682,1,83.30548269159313,5.400667716693548,15.82464216756237,177.3719884840828,2886.794195465455
1378,45.30094353422424,2358.2308319832177,3.7316866636881465,6.786804053644655,1,83.24144536892018,37.37459540063078,9.860647905810364,207.3956666494276,2635.349728296813
1038,52.74681003746495,8791.070508135897,9.35537604402448,6.2482997795329895,2,83.20341712483658,14.710780421624413,0.9185746690427781,123.43421526493563,2856.831325490157
2082,41.531032647779234,3387.9645101285664,5.66003119125769,10.582263943746005,2,83.1686507422862,28.43245124829197,15.64240956939243,180.56480134460867,2422.7114296041946
979,63.156637471271054,6316.260145297111,5.868385686681241,6.503628507984795,3,83.15785837413652,57.35579228280551,9.150398657138789,157.04598378138465,2546.8758548516194
2058,38.16284036018476,6509.762483793073,4.357861904810652,5.9421655590580995,4,83.13291011325127,59.656780165333586,16.459580700719616,256.3703947540348,2259.969918057389
35,17.950774298103752,5994.289665984505,5.9398347790230295,8.233264589047883,2,83.127290723912,29.34254775942739,14.590139428239487,192.4217875832956,2608.2892446904048
915,47.00083125924238,2415.715922467891,4.478160056513272,4.050292485074477,2,83.12069871973264,7.788924625092164,10.606892773155502,174.34563457354622,2056.7176621797407
773,40.87528197825745,4561.182850102199,3.3064139182561654,10.006351281827893,0,83.10688872799165,29.698363405113675,10.147016013249871,202.71759730791052,2764.094324685608
1123,37.14264051117204,3887.9498489744296,2.642691440764424,8.174339522401617,4,83.09879841958842,70.29897304014068,13.94148778780373,162.1629687727699,2011.0914909425578
997,47.48524250583102,5602.752804076904,6.242047670665559,8.89877640335191,2,83.02212131711495,29.153866904085145,19.585493735641343,172.62858099947536,3638.027270707138
1546,17.492743646016287,3227.7354467344667,3.0404163027297546,8.339505974880204,2,83.01392211716862,19.2193330530816,6.9471724512042154,162.56351122478551,1537.1254087737302
123,47.23052566467071,8644.224659779758,4.964030197957661,8.898060171109627,2,83.00056710322681,28.672639049568268,18.06666052589849,157.94875550979447,2921.835348829543
1927,45.92196616124995,7111.584428908236,2.5149388747898063,4.859255270486464,5,82.99559538897108,5.727299025873569,24.730828296925125,101.82913389152652,3278.9654820825567
315,29.271584865466934,3867.7785625651595,1.910043223605736,4.5207313543667125,2,82.9281613904632,13.203287416239101,9.025645317150609,242.43480107119478,1981.6614719272086
405,51.457404712756876,6182.760086915067,1.7284414799497048,7.249737213066468,1,82.88674836278896,29.272040657023386,6.551601451096799,128.0163871255689,2757.0879115538582
76,30.74738317155358,7266.503171303861,5.0009462172487655,8.528857451573279,2,82.8800706849066,16.04841063271965,18.64651808197349,187.64927446868955,2956.4463789520178
767,29.525244966343397,5679.305140514977,3.6640425728509833,3.7685711781171447,3,82.85476326671598,64.85735729032244,19.081597658565105,241.42051678182509,2779.081065537848
265,53.82324193272868,6328.475114873385,6.228798556397691,7.406788311145657,0,82.81661313796796,26.765631728794666,6.61474856794324,60.85776701494879,2358.9227461760497
324,38.46559098408329,8883.302169209226,1.8401155180993185,7.788933252186137,1,82.7919694781739,28.293240129890336,17.599577580858703,220.69723097843388,2589.0374932315344
284,33.79267378611665,7427.93335927094,2.41311972146904,2.8194434186675545,1,82.76109302659313,15.028753238911086,9.613361082667533,194.38199522320696,1905.3108667274726
693,43.0963942830152,5336.405990519339,2.68484915240043,12.938558027337715,1,82.7475430133205,43.30837734028492,8.362414125765433,148.7692944153384,2405.0839018327842
367,26.110727247318202,5348.931500647822,4.796362521069383,7.243990173606406,2,82.72963850271007,8.477308636425095,12.111909483831301,120.90943688886257,2440.418327254585
467,33.34833374601012,3848.523302253958,4.484727331832936,8.80358535400353,2,82.63393819211224,14.127409121084305,7.8461929729305115,199.95975513498567,2597.5622896889536
695,34.98770405751131,7807.328978645436,4.508045933766155,10.931287156675326,0,82.62268996088548,81.82991683848401,5.515377429567202,203.6062517755745,2277.764482238898
116,50.70244063917315,2701.0790719347174,10.5314743913777,6.875696812137251,3,82.51362485124089,19.01113964556425,8.074912755728054,110.80051297870983,3099.3799176436405
1482,30.82876671903965,4960.810629270074,1.5434225355933808,9.176635007983442,4,82.47174012196268,16.532803820506224,14.153460260170782,214.86448156158653,2276.0487283076
1767,37.8842774617187,5795.915788829158,8.845618269278363,6.232179507585984,2,82.43246627250905,60.891444726898904,14.713510396668319,176.0050539086609,2724.1616695016132
439,39.50844229422231,6261.326743161186,3.3682049137920003,6.395747667824904,3,82.37662796657831,48.33500462128424,15.266748378550949,188.1322984142724,2648.3336469438345
1310,27.200652103065405,5073.947539853912,4.415591122875038,10.954955081333198,1,82.23443181263723,44.26050072771242,12.24885967498381,137.85239154675776,2644.025119593079
1171,47.005658426045315,8182.761581315137,6.90985328656742,3.8278862599442753,1,82.221178975901,29.13297489530973,8.450867366751618,145.364601247992,2278.006660993023
2020,32.905188584958935,6226.791522949136,4.798167303941648,8.348792412113186,2,82.1732967346776,45.91389583324333,14.846557496407616,201.15542034733,2606.544384969334
13,52.16019570905804,12167.185903861073,8.975939134608906,6.436696478591458,0,82.15473251371132,46.19146815952918,5.799058063067006,208.36512807893953,2880.2740528269674
1627,34.04720518738835,5473.6573824397,4.178267386681136,7.0785516536062625,1,82.06721042208326,11.604158511206744,15.210973231577103,169.34512216386383,2641.1299321896663
88,39.68716473049229,5242.235886425445,7.590235165743785,7.7924800116602295,3,82.04964922534292,63.32937765008996,14.296449710788767,125.32330674838377,2236.658039351144
2163,42.0603944828999,3847.1618417661534,8.942338642636905,8.726830966595633,2,81.96681490397285,38.47266112182294,15.35508166939038,141.1508614206374,2492.074567492271
84,37.68521020050233,4273.412762530198,5.818108500873333,3.63559149920526,0,81.95537314810358,19.28740580334732,23.822324137378917,180.24083859077197,2632.139192249807
1854,31.823232053080577,10369.799998058572,16.7622583628403,12.192256314136827,2,81.9257769696658,34.214719724946214,13.357834160904648,205.12017785780233,4030.2037590340597
1172,20.3559688363891,11766.0732694441,2.9519704194457552,8.049331950484083,1,81.92246873693205,47.861263141934934,7.266173003707807,229.59318015210457,2314.9696879874905
1717,6.8518464698311945,2964.156358009353,3.786284053436329,9.155099420961054,4,81.88111908819076,20.763312165072705,22.124653357342602,85.81457071510617,2613.067725854493
275,27.89200907325614,2679.1501818776337,5.440281711439552,13.260058977829475,1,81.85147092825122,27.61980739914273,9.913449170897774,210.33644685440433,2026.9302857983362
1765,47.15939475420698,5403.21979693914,8.541950322288425,9.09085639271758,1,81.82040910177939,41.654957629500345,15.066665864992771,220.5769043544987,2662.648004053539
140,31.277393502664815,13580.832430544433,1.8698112775361513,11.319280417905553,0,81.81483907630005,12.946768261281896,13.986621418652302,198.93068741002298,2939.3867124025587
1758,35.13183336969264,3470.782723416559,2.8210322218729855,8.684984701060019,2,81.73506189716956,9.060076934002243,1.7518353395657638,111.44387814047924,1347.325555170662
972,43.40104035113053,5074.149598404678,8.92360981539624,2.6003232154071547,4,81.71530324371018,56.61433376400963,9.507355047360907,80.95034629742149,1214.170742663765
2069,23.84112011004059,5224.821592498573,9.194247486192424,13.431061644852678,2,81.6983329061334,28.982862038281894,9.886274448591589,154.73042882105514,2703.940420967463
430,64.76308266791777,6934.546102535074,2.3207831176714495,8.781800909165483,0,81.67147077789406,6.638134359757167,15.638765727619617,310.02231524688085,2537.653098672304
2052,64.8928451872721,4988.337166866422,4.1980258070045675,11.11363468670773,1,81.655151828596,30.339098992641354,3.674755177852129,221.92280026496456,2811.4342748814283
1070,46.45692654211806,4408.8869471016815,5.586533595507387,5.945394676168895,2,81.63012223643767,73.77867095484113,2.754986071738948,254.36207767984354,1752.3512761668787
412,31.269190030837848,7188.066360764228,2.6913322444995105,9.102982979831824,2,81.58747367447106,39.317150290876455,15.914389001861458,321.8597543530391,3112.4803637158375
320,27.62671177998123,14017.044932177598,6.018656942287267,14.509164073505778,2,81.57559357547814,28.671270462691385,10.944031058650731,220.9760302856078,3117.500380412259
1643,36.36200634554496,5256.771911066677,2.489195586600739,7.209188920578157,2,81.55571835047367,16.95645891424022,6.414886460979492,268.3233429425935,2326.434984794482
2138,67.87545287043628,12995.941126637877,4.621664034705969,2.7581110009757444,1,81.52749516952512,30.38144262353507,4.309121959286643,143.44591808482176,1920.6588073909688
1720,46.37529923682886,2669.5511187945067,2.028042833004155,11.2050289308543,1,81.51393970319157,60.30710393265629,19.724231008015213,206.42295054226713,2524.0779079436124
1312,54.95207928228866,13166.161026869388,2.7684211374072567,6.853463850846397,3,81.51169584849062,36.14583051259566,17.165819232653988,186.2126022981153,3044.8290296373357
1184,40.751830501709186,9509.496861158954,3.6388935863506258,11.129326768647674,3,81.50426904598518,33.85951779644124,3.97775903439733,149.0615103848547,2086.9326752636994
1946,33.55379836180467,7653.653829110075,0.7864288639595015,7.653082779614523,2,81.41601134486757,21.315809694281143,6.983600876679326,202.1217357337885,2203.5786814153776
2030,32.381287500146136,4439.217080421994,6.637073506869449,2.8775107944178444,2,81.39945127277667,47.46628336817747,18.072066612234014,110.9077281794326,2405.474351992499
750,46.31482784778263,4203.746298543747,12.01421934312387,7.185223130606646,4,81.39353395778505,24.32124403716052,17.98584740485183,150.86714167272598,3978.1226054946064
1121,31.90283814398435,10095.183014325214,2.86312742647178,2.5123669168580784,4,81.39163005483286,9.635690610567135,17.79129389525422,273.69014858277757,2401.8730695977147
460,29.88444367701138,7006.692327222233,3.7967490522766183,8.749668182837775,1,81.36266513253904,12.211676109957395,4.272181086744927,147.5583812697525,2791.9241853700696
579,47.380257698673546,3119.937478206751,8.456861430515556,8.416458099217142,4,81.32602261875103,27.54130150942563,18.832949699467132,231.07048931983005,2506.5790442147386
1002,37.67988663947476,6632.443229493823,6.780478199464794,6.2202524228548555,2,81.29195017228838,63.21019001031256,16.831734057180995,85.39704666608635,3147.550198565706
832,44.72814861785648,9501.784368272707,4.434856968247175,6.307167614269568,2,81.15695351502995,36.43888193975099,3.8178819031632347,159.66107252308748,2539.656609792541
774,47.33733142409826,16060.837390622752,5.680479810943841,7.085718646637024,1,81.12932628307975,34.64951781522542,3.573745858639498,216.75209536975873,3355.539743818153
1636,26.193337727838625,4684.494008946728,3.8228543538698703,12.808714678526899,3,81.10321677478414,67.57999784719449,18.532222225027667,260.7699615891454,1900.420298530013
1903,41.27386955930244,4149.9304529773335,8.902846121823709,5.2481141002652265,2,81.09824249287571,46.808211574755774,9.041060027704525,157.28696446194965,1752.7025135184024
1457,52.36806706281813,8463.254988158098,7.334174876024064,10.888930264959688,0,81.06494451615752,40.639125656350345,19.131281376549605,175.8963171269831,3368.630122298851
2010,30.585446435622323,3353.8438830799714,1.845778345002361,8.027965410701754,2,81.0302190571326,42.927358253966354,9.499368715217898,142.95046493542097,2090.8121631043423
663,47.98297922850554,3155.7385138522372,6.147350812081079,9.331677821033969,0,81.01599275788254,16.427741226573296,9.06888600452185,232.1998801977266,1930.1909987189943
1032,34.27942446093934,5407.622796318385,4.716888243088711,1.921304528045785,1,81.00351718754415,4.299314237902772,15.777934312064486,202.8667755940981,1936.5870979824797
1193,39.768892399740004,6178.902108865649,5.554350108956525,8.98896514540399,0,80.97381281830307,15.217234082183616,8.865964131604505,198.3113584296291,2529.2036891117646
2065,62.22116610435599,4971.418910958688,3.4517159239729356,10.651926726895832,5,80.97046385555706,95.62477606716233,10.638917140566232,132.39168770517455,1713.1066237295609
1161,54.13798525183762,6323.295414463237,4.273265757368947,10.328392896525768,2,80.91002482874828,26.22408182079088,5.994777397681782,117.04000184600744,1923.4807689398408
294,50.99830529096149,7891.746852693699,6.82066773091566,6.139827829639829,1,80.87481299534842,7.930068469150571,16.01486783395636,181.3318090346422,2742.6113659544803
952,51.22008015967904,6795.444937222609,3.2831162757101318,9.88003364735584,0,80.79055119295754,18.511636319592814,8.344978769255853,168.94240907398512,2964.18030420402
1621,44.03820669617935,10414.09642099438,17.932332008518127,5.4874235135817955,1,80.76616443614778,34.14786197657639,13.406453906526668,182.65716384621732,3290.9764003827377
2005,22.12485347630352,3189.5268080725114,4.370428851291654,6.22309756120965,1,80.76202342916477,25.599608239769648,19.24144089624945,85.70411094226176,2932.9733509653065
1800,44.8243454804171,3776.9987571193487,3.963527734382605,9.908794674295029,3,80.73542152650899,0.6746105614157365,18.122923376065714,166.3076596851535,3195.02825188015
825,37.37070669394198,3796.359865139021,13.591913029821226,5.729627591090371,3,80.73460680545365,16.97475861598997,12.724324523501073,223.52324315691624,2810.9726457718334
233,36.70069887898954,5507.720862328407,4.813785198183543,9.235517821717762,0,80.73285334596487,6.085022356919982,10.2533390051124,182.37156269275886,2671.1867522537786
878,49.83156188477744,4705.4273364267865,12.861509485974628,11.061166193845935,4,80.730654042541,15.975779285940888,19.21885475673229,142.65260343183274,3616.09178026302
564,57.69754404063129,8711.662054926095,0.6523239244364608,7.934073105259282,1,80.69542877986913,63.71262129816148,20.766193412444185,94.91058821214742,2317.2877655446086
1509,21.38657412142415,10587.111322299475,7.7440877178118,6.264689486078298,2,80.69022076591793,19.320333522286997,14.613598118387936,113.46388518274004,3846.740177674859
1446,40.31398830491544,5990.651737470709,3.9794174619369618,7.335495540833465,2,80.67224995529494,53.478927980528816,10.042624510133589,114.06966084963543,1776.5669710856923
238,37.487547063915294,6205.688482286103,11.885423599241147,6.2734549361732785,1,80.63383376842769,35.04168052217318,13.011593347081568,78.60524853320398,2646.7307977427486
1302,42.101328618952984,4187.402731263908,6.735039559413848,12.34058920304259,3,80.62568415173405,26.78381850827393,11.476549269895239,186.81705258238873,2824.192418848266
1764,60.270593594669165,3089.0120410119985,4.404413477050128,3.8671272865738677,1,80.61357183481313,18.64254874224902,12.577162176228988,82.85528126819611,2277.802388298791
1275,39.821492122027436,5106.319349012066,3.717663842396092,1.6561428006206427,0,80.57596665148485,27.65778318619855,13.69047318317311,45.34984575812112,2071.4029961818037
1203,41.34656996260057,4658.961347036008,2.840943366480843,7.132043887306759,1,80.54652152908439,37.728862500727736,6.27792663518966,253.68120106217128,2073.1482808439373
1814,26.467565358325338,3586.052425191898,2.7354099444177917,7.161597594681888,0,80.50926727484944,5.620457274764936,14.860873265421958,122.77937431661147,2428.8241915777517
1689,24.714971274077975,2883.6805866677964,7.266699953456441,10.05631790528508,4,80.50858344918268,12.258635572899053,7.162216576186046,200.5043099803325,2129.19199012055
1865,25.082083120734627,3632.8857291931968,4.956046860614261,9.431486379192007,0,80.48002891380955,6.307972836265011,11.114612285225586,164.0325932800018,2384.53922716394
1368,36.43977519803848,4465.286019715717,3.338708270912174,6.9457565144662325,1,80.4631528067648,6.927877293522357,17.897974651113167,113.42189072060985,2391.9818543562565
1769,52.153711720643145,3513.38499821384,12.218776407299991,6.883570341398375,0,80.46067956737268,58.78477597745919,17.235437043634743,206.7565103450764,2561.5084617043954
1526,41.98480811748825,4097.621607247856,3.8317572676314056,9.384242343252389,2,80.37137026878356,32.97977214434181,20.435912568990865,117.07315261083349,3376.0426110871513
765,53.84994694088357,12797.670765799758,4.21407016914835,7.138437383682697,2,80.36746738636162,33.00447818385338,13.200040733652534,109.36838690214474,3131.6574614798196
1374,23.52633891511788,12665.626892349152,3.552267856849994,9.066960179828452,3,80.31621128320944,29.133068106708343,16.23032656621057,170.98974304406715,2915.8190555935976
103,41.39923631064933,5915.862129700804,4.612830987414282,7.084807826135169,5,80.30686450507697,91.80280847141415,10.709746860909528,30,1469.0281279636765
909,42.09203978582097,8667.790334203975,1.78240384075441,8.410052406632902,1,80.24790191304162,21.405684567885743,14.969567483200056,194.53786490193858,2354.8449567313005
741,53.64439159107816,4836.159713395884,3.230099765748591,10.876739877365523,5,80.23777714403968,39.35146611439193,3.6634987914125627,241.02026484132853,2581.7693502086163
1988,46.241146861033194,11217.219190364724,3.643813708098913,9.633331740526698,1,80.19378421651244,53.03887186630159,9.271110949781374,97.52212464801595,2084.0456240796975
1730,43.01741652452668,8315.871547441378,6.916074742479426,9.294200593040058,1,80.10548514032104,86.25351271461133,12.232690388417835,195.23031209526624,3149.0048581345927
77,43.98949767120315,8328.295633047974,18.02580402332791,6.8827563362225375,2,80.09667031560579,21.912125513982193,20.00345248341973,154.52804575230283,4068.858606745796
2094,23.46338712952106,4318.543300709508,1.297209363142446,12.205081852057905,2,80.03063585734422,27.99660816690477,15.583946862763035,180.07660368297869,2066.549248824699
372,39.34198621121392,5565.246899839807,0.28813914620736863,9.708834222874149,0,79.9986878717448,36.231635542589885,16.87074021215403,180.96651206405696,2442.4335913724058
1923,36.34307585610452,4199.026653639979,1.763546893429235,9.660791439737903,2,79.96448033914669,15.932084472184751,13.894866500944536,166.35336381031567,2382.7818708693944
659,57.1790408076678,4284.25750676094,9.624488254905847,8.466977905462823,3,79.94207343817786,40.742495455859554,10.515047142860087,264.1929398871639,2628.4304269241366
80,52.57130444281896,5567.264743571782,2.672230542162126,7.590559304718656,1,79.93416288722149,12.405009783969277,17.065805365577972,184.81780091718883,2622.469784908268
1554,47.59946165452841,2916.5555687393576,8.379960439131947,9.945613204162946,4,79.9198158890833,62.382153543550345,10.195427073614658,178.06970866034405,2212.565397526078
1142,39.13436630380309,6725.865444775795,3.8474419129560755,6.179910892790666,2,79.88495794222047,30.2455314781958,20.470545871811517,334.9753208154573,2678.412556812265
1162,37.053937002606474,7062.083086338828,5.733847866972916,7.337885422905596,5,79.87257206792458,27.264155268508123,15.752978140569272,148.4524470960573,2125.0550386783398
501,51.305825977324716,3782.591941567207,9.999569121061345,11.4115501817179,2,79.84341560851797,50.219183952983926,11.667743989861904,189.56915986306416,2059.0208051145114
818,51.20431634342977,2096.3317791291843,5.7635461862084805,9.316572338618396,3,79.77440879246615,34.21097330437227,24.62928739738823,81.42963010110186,3434.9012450260516
484,29.305255011203702,4655.986501313509,3.236093529037397,8.845139073272357,2,79.76273488245694,15.761601361650133,0,193.18052172813708,2810.388813337928
913,33.123380291751175,4158.7334795080815,7.326925976839199,7.0432192960113955,1,79.66882825992255,4.609226135219378,19.223679690530627,156.81207500035703,2880.197950106853
1061,43.60705364305638,3366.1569342834705,5.613364921659974,9.117783054487612,0,79.66151408673534,27.699418798896936,7.487527728210242,280.5096278124684,2542.079474146484
170,13.40512051792738,9983.759774323744,7.036664096240063,6.230273782610092,3,79.65251041334528,12.02852015250646,15.243979554193558,173.90776250040983,2750.4670230102724
1696,39.092951964530954,5379.102605360824,1.787541637821954,8.620090097119277,3,79.62677213607049,14.875222395293871,2.1609088328988832,222.79665651803455,2093.7462387307773
1469,36.35764773511241,9701.787363740514,2.6600286648992912,9.972141574794314,1,79.57982342549555,24.638234889901174,14.094599054436065,187.01393520632604,3038.1681432382306
29,53.530908140298905,13926.124684253013,4.877501305780914,5.928498012762313,0,79.57045351619175,70.82158942076802,15.27314452082772,208.6128094521589,2957.0397600730967
1759,56.095786072023216,2473.2913137236005,4.912686841808005,8.884518083646052,1,79.5495034542491,17.902200887386723,6.874853903177575,209.6226131953676,2440.3635408657374
100,52.29724437422678,4727.410270710348,5.058473412182309,7.888110641130457,3,79.53825864264725,2.9767862819125295,6.22478335900736,231.45467304401882,2637.414896073281
462,30.733522017921537,2219.7686552916557,7.90378941373185,4.209684260348356,4,79.50420070876288,18.605680005253358,14.766752292185098,202.3848833532983,2063.139616675158
109,33.49597155329412,5162.715584035571,4.4796880440730416,11.044488486779041,3,79.50365312128991,4.5237817507224,8.686001632765768,127.21436707187488,2368.899145059845
1296,54.832238486143545,4586.254342756437,2.171852615101569,9.498560195743163,1,79.45804353506576,10.501837261750419,13.169831333531333,152.844928179647,2946.4960119186253
1249,39.042628315219616,10691.911861044104,5.451974331833131,8.176984371959628,2,79.45704480547401,47.518325751828186,21.158241033632496,202.92523975687033,3653.7815040877804
995,37.755340759692295,4198.650617785138,1.3122651317169705,13.545389796654387,1,79.45163285469374,32.62053069254794,12.105700470265218,280.61568516401417,2340.0769388205954
164,36.585614615068316,9099.999346951221,3.4289682480399493,14.90618022029023,1,79.38055731160009,57.95678741979789,12.919867753176222,229.7202652043568,2731.7278633470987
344,14.846168629712004,6819.214516771483,4.343127604950248,5.133607229737464,2,79.37359309695906,42.37443524620874,20.100061089883187,190.79727550225041,2714.049006034229
1844,41.74509211340279,3411.216887264693,6.906599102089893,6.432615330622603,0,79.34793866181086,20.537330943958384,10.393663513811493,311.39681549820045,3022.8472253382215
868,38.23632430949538,5741.097273409972,6.994571099430613,6.409252962691044,0,79.30352300708033,35.86721585743227,4.731261513841136,151.075529390412,2427.1888124223437
364,57.59066721777786,5771.675131605905,5.2805805653730005,7.315732872538392,3,79.29508919011262,18.99948511488613,9.597233601835782,168.18151965193468,2478.6460192337736
1776,41.32006590006646,4534.742755036654,6.080089985467118,4.1251104079377985,4,79.2717779633264,31.36204836235742,19.092958999734574,172.13266379858595,2513.0000846291355
1560,39.71010878420355,5665.862076141376,3.376352023268191,9.966324549409073,3,79.24980269344005,29.141843664735656,9.838920626721729,233.57482404029622,2116.908843198039
1461,47.07161575959654,5836.329464733643,6.265844504030632,12.490047488627457,1,79.19877954018017,102.42411642230726,9.829939764610746,234.8377048353666,2170.2326299417728
739,58.60874880034814,3232.5374012688208,3.844260225845689,15.817958865077983,3,79.19483337350171,8.178179621568383,13.077570787248007,162.5529563377485,2694.0362163029095
1918,48.993945884076446,7245.123668695387,1.9667247875561542,10.561478722119542,1,79.18911449383265,42.67388435117309,13.425662373330486,224.96395460036607,2283.181162659279
1050,53.72222578428047,2112.3663057895124,9.230790043992553,6.899155706609474,3,79.17886469233812,15.870517807836137,10.26072587702794,207.09440504073243,2190.419308202716
2177,58.955510418925115,5648.809769320786,10.778133398552344,4.983808501408243,0,79.16416054943089,73.76256115141663,15.084626466322865,149.93140294835064,2730.546486076689
2146,53.287719088494335,2996.8398100832947,4.464238736911218,9.736863291738208,1,79.11971124004221,56.82211397164539,10.332160551254427,290.6699765486706,2763.4928629820915
1964,19.244553507255898,5135.238605635073,3.2314343653779765,8.68852122370523,1,79.10121569864614,67.28295014420954,9.655072472756174,145.54588510198388,2163.9389789712486
1959,36.43826027125891,4561.668485584627,4.674566543885212,10.73230895387624,1,79.09917437717338,18.1764188819367,13.137090276775048,184.79619599087562,3060.670701411467
672,26.79776295416766,4724.31505266284,1.8511640056063745,2.052961358542232,2,79.09480620571136,22.39642248255621,17.37390738751201,126.21207346550833,2180.9173638300063
1501,25.206348229258364,5614.284509194665,4.73179647034584,14.166683131279,1,79.0189670000016,17.592200064938265,9.033642576367237,199.96899676439023,2718.6978961186996
131,34.81487803147932,6242.617748410592,4.379661693245039,9.56184420229868,3,79.00003960969497,19.530848815656448,5.680468428588029,134.68828003090235,2536.17457504337
863,43.429629213275966,7402.3227570284735,4.31509026288382,1,1,78.98091258781515,19.18438914622186,13.67406823501527,144.14169264353978,1682.7996423839531
743,52.779220206669066,3192.803042566978,3.185008512396861,12.20236776593391,2,78.98086067104693,46.02481498650444,8.958089608022664,109.78011842760127,1086.2614107133
710,40.78500587561515,5582.379601942308,10.482396119437851,7.914175894238686,1,78.96528477513921,3.762787330532415,8.195792093476243,151.37212419834353,3014.329023879938
745,40.66081097177995,4380.902542183614,4.289811067588056,9.367634053868285,2,78.96522177388071,26.04590209276345,14.8450365712323,211.2574251510012,2326.0162113911906
1066,33.32806232039405,4207.428592594847,7.8751090976859475,10.530264614780716,2,78.90796319899384,45.29218609077301,15.268920130672146,114.34994812490908,2935.991324966943
1906,40.57516575468869,13753.001778246728,9.191069590702709,12.137663757271397,3,78.80218319195683,74.81045958586512,17.27958265034987,298.7940067196122,3612.861959033666
1820,37.4969637735658,7702.0067314183825,6.140137600233122,11.985206987156158,3,78.78001152811221,21.30799818687973,7.847244563241376,98.34765508439312,2751.1460587044003
692,49.60410308815207,9400.86239844632,3.7228306442836763,4.872039253109858,0,78.7242785848503,36.99579570786868,10.253894614786525,97.78633920295609,2607.660826099692
634,51.27062206957,6768.645896466423,2.665587248157024,7.035987934558796,1,78.59203575213375,26.500648324321602,17.0194228933403,165.6152075327355,2485.7354423570164
1361,42.50113603224955,5522.147595780517,3.3765681399959906,10.116987664192209,1,78.58062834278333,22.368162355384825,7.972316199750921,96.8596058794655,2945.1540845890627
929,51.50827836946825,3826.171271308741,4.124365776813963,7.811430126907179,2,78.5789362161921,2.5208453691574793,2.2540103867062165,217.478977731292,2061.412843768278
1497,56.29976188165328,10108.14560833254,10.54106288975413,5.869869065484937,1,78.55555446249772,87.36469527803484,8.87291715655815,172.08729083201442,2495.7248669847904
1846,39.44213480608601,8249.465551144507,3.1833439135070547,10.070974691341455,2,78.55391773861199,39.87688007581171,18.40865866467582,210.45908861872428,2754.9420189770617
237,49.28434720097025,5054.976477914947,2.423443254025432,6.817645070602479,0,78.54227213018447,22.91580995104793,17.801005424947245,190.93478804647447,2963.843293103089
1426,44.245846541977755,11392.59066172703,2.6250192104493757,8.313832691347505,1,78.53577109179662,34.793250535749344,7.179499114521,200.56809221700604,2709.1444656569447
910,27.762920554110273,4694.812228832758,3.36786964693044,7.609497619409797,2,78.50537812051873,42.5240166067775,15.719287021468443,246.83735342137857,2698.450158019389
622,50.207103679993935,3927.6587582747197,11.58078975987697,11.27365633154414,1,78.50390669831827,44.950399183606436,15.134699754395232,235.37593927582674,2388.1228510676915
195,27.68796053815558,5491.994430594631,7.154198286694666,2.60076700470381,0,78.49102355925397,25.955089231358826,9.086448230700423,147.43864125998277,2639.6876021137127
521,54.2694292940664,5089.743259190097,1.990265172726149,9.290219586530116,3,78.42387574256317,43.52449129252096,11.65653284153516,107.3918451422428,2201.693183108947
1762,55.56704305088598,3696.2250804784394,3.5732483211996757,10.256547695460254,2,78.41124381299048,44.72582803829568,10.901144418175505,144.90534819964387,1433.285697965866
201,25.696124512314263,3283.0379202393337,9.131907488280131,3.4919571441296036,2,78.3511072827182,11.237305900876528,6.030715715443426,176.27043192365198,2158.126390278338
68,43.638543953665845,8054.22168666151,6.953946223099086,2.8871933839001045,0,78.31256492298165,13.493125400153907,5.223541911342393,217.30042239691437,2024.1875280903992
2048,32.92180806138933,3168.859989953716,2.3662958946607766,8.97389798747926,1,78.2995355141407,42.6658234012326,9.357675489821208,187.48402765891345,2298.470040208842
584,45.93802677613539,3524.276003626457,7.347045410990263,9.943865447991907,2,78.26401165020113,14.536439789894107,19.182935548867114,35.73681733470093,2920.352152872475
2188,42.6165384092508,7568.30827324886,5.487285486989813,9.966934429350651,3,78.2137081858634,40.65781771563738,15.316326489290997,165.81897447351582,2388.7271377994534
385,65.65241135865001,9058.301026682118,3.8225800358228237,5.1104363373799995,4,78.17381489414603,31.62987770566022,6.601532830993048,147.29846880435977,2287.1943271654404
50,16.29584486006873,12426.780486853933,4.26956653617598,14.810579832926756,3,78.17307087275103,39.3791055224617,8.901230442513786,207.92280049588112,2944.2868050562483
369,41.341034685551215,9573.084314162174,5.05529751330039,6.537167882549303,2,78.101059843574,32.202479025976906,11.141555960884478,190.20904267872754,2593.2520264902023
804,56.076568172382835,4998.589084276499,5.822929164958152,7.3962225912994635,1,78.08797506259181,39.036320225969085,10.603199330175325,165.46888740443976,2480.0016644078432
1663,53.560039708667965,10106.699726012745,4.147758982798021,13.579677844454931,2,78.03399618400908,11.69337055858944,4.997211525553159,115.56181080930364,2509.088734267214
753,54.06904681571857,4715.412062227345,18.70351120069586,4.133449910362606,2,77.99609493702249,34.38511727504816,5.657907077249711,81.78180309879272,2892.3284969371684
1450,55.57169448594925,3193.22455371081,7.092667813255581,7.18034950040917,1,77.98719216852771,20.86069271293278,15.363984518695817,212.28650235322306,1907.494051555665
857,33.85156735859004,6717.330461557873,1.8721636784447373,1,2,77.93221055014916,36.15474034751599,11.229309061022196,131.1098200634666,1685.2592859080703
46,44.32221817983243,3362.8425710974375,3.27787291545225,6.947105235293072,3,77.92386049999102,49.03346394520935,12.487552745667545,195.34855004454846,1924.6076249032587
1052,30.674124204068494,5071.364797367452,1.744047057253901,4.760141941096473,2,77.90572960979524,31.002295776321876,10.760550550099193,236.04860153278068,2302.715144171241
1246,40.557868584491736,3081.224106709539,8.785683867544078,9.829059628351885,0,77.8868821031075,37.16333904739955,15.97797048776545,96.18656415590708,2479.2166385122428
2141,35.09674536990579,8574.77908976432,9.692529674415713,4.187832203017959,4,77.84725758717651,78.61584492802,24.598314143567215,243.4357147784958,2958.7960668816568
1131,50.04541808090036,1474.7389709408076,6.907240563162013,7.144688591941232,2,77.84385374564802,55.93356115220365,17.02820598568597,132.20871452977258,2542.4088789156876
2043,27.93749065956414,1646.377716151987,4.523582036197997,1.8869397010918245,2,77.69947425158003,24.372264844921393,12.848422831425665,88.58807419925427,1175.7450739095532
1970,50.157489998267984,5890.895828300566,3.432578920376824,12.445364226323674,0,77.686008823966,15.690725301218805,19.039756556112177,206.9441553966766,3187.787371855068
937,40.9420585189626,5587.904214627351,13.406552021811937,12.488218369295973,0,77.62706128520787,23.685674943146658,14.587837339568772,312.72591083763353,3135.9724451099446
254,48.965204781802406,7509.395310540559,5.668352948622421,6.874020123926744,1,77.61691368866107,20.012928866362067,7.756068077762028,71.40723060841904,2372.5031306423743
303,38.67895464141393,7061.912674330391,4.045720155116255,7.624401673653205,1,77.61307372360105,34.44203248496211,9.3943074528148,112.12713647861753,1905.9203590051613
769,37.47293135546726,5959.718748890753,7.646985123055406,3.7748397747628193,0,77.61058093428763,21.96836201756166,18.646260435703784,163.76751679978184,3266.678877291229
1659,49.03078932478799,10411.322232553957,5.529832733058898,7.162922739534983,3,77.5965421131231,13.47058271604198,21.558603717906177,191.16311364978276,3665.324795939066
606,43.09002309374122,5372.948632133415,5.106602414628291,12.857562356967154,0,77.55907964881553,29.124632826604106,12.244767391976898,67.62476784784897,2778.4815668689926
674,65.53649918463485,5290.89355922687,7.836419699824522,8.131531868640483,2,77.49924033515946,37.83105992328752,20.382242373770904,117.24446336197903,3022.681602381795
920,49.66610528698258,6428.510662698745,2.2130044725723894,6.238789390088169,1,77.46256116234689,26.966432363575827,15.23579287690139,144.03181979733688,2865.8702450698383
1273,54.39684877509233,8755.673456522123,10.25152203379054,8.097635095285773,1,77.44032661803382,21.197727513580404,10.760845104894871,89.56347057196722,3055.375275022405
1069,48.1713607672135,9865.614906044195,9.873623944671717,7.388107379022582,2,77.43915282391065,45.700513820581655,21.49026117766462,57.09964687605165,2957.9238785601706
1760,33.92573083855979,4551.439888910559,5.3303440817614725,8.000186613831092,2,77.43388338851321,22.35377642761233,17.860178271025397,140.7270340105846,3073.5139212482204
380,44.94379259934226,3373.4024850255205,2.937789087427034,5.709578876867962,1,77.39338491772307,33.746386389734745,22.84047018636479,181.70694540349206,3171.983117059293
1827,33.00957127296313,8216.64187329849,11.013529794261206,5.5120493175294145,3,77.39328951568338,30.389529755900142,19.037999361096375,128.64936300050388,3249.9893585647446
1276,10.646434842784991,4764.672360070132,4.3253880235622635,2.1594678132029745,3,77.36534410470081,60.048764208023925,17.311483065195297,136.96190340092318,2087.2320794318307
2081,35.27143160200114,5882.956466953253,4.374021126014866,5.4378386925138,2,77.35038561459275,29.042027717612527,6.226665565001715,274.1451127247675,1829.7413709946766
641,43.39977233326937,5480.44076410983,9.636304197298804,10.964225643558182,3,77.33257265837331,16.269043211569787,14.159024860575242,211.0620196974552,2950.977270816503
397,32.117154865705096,6237.669706295261,2.135157272695641,13.25637233199323,1,77.29578358933512,23.174707427401817,8.226560484447791,110.2183665831844,2036.8251093315816
810,42.0058322828641,4717.101155552007,2.190641642230875,7.088293595235947,1,77.25066101039549,21.35519443357779,5.522096120946704,180.32641925510399,2558.457937724955
865,44.8508686024509,6901.860554537149,5.509063587207463,9.191074283132506,2,77.23370684553994,36.3563819569806,10.45882572511444,129.8782085272896,2172.300413874555
492,37.74341142964025,6589.959859306782,15.512939798715903,5.918370502805867,2,77.17223350671219,20.193853348568492,15.949504803118014,191.82430737720006,3028.1972684196585
1417,28.213455480762082,5548.058498072175,5.4174746897030746,12.848755207798272,1,77.16319984718314,13.84566756877402,17.65187586993634,127.35439678646298,3285.064341521788
679,69.28171956933615,9604.906056542159,2.7839900420310477,9.680452966410305,1,77.14178448867375,34.92932311432051,9.985464621184564,178.89674121410562,2754.239332473544
228,39.917476451753124,3163.1402083098706,3.5801328105483674,8.139782501318104,2,77.11791823907195,7.513177451314599,23.571941473164017,241.84261426658782,3016.8047774852657
209,41.80983812819913,2862.5064448159956,8.189390517293006,5.9364621649271205,3,77.09178655419626,25.841700550154258,12.7482335990582,191.5599524437218,2803.855491227125
1751,40.01851906870678,14137.136719792632,0.7457371963923191,7.479599907746856,1,77.08945365354953,13.14422474148125,12.377525861016116,154.60327986024376,2939.6007202896863
1290,31.580251097477692,5056.77891149082,5.36960380037957,12.701927318389643,2,77.07072783104815,59.19526540088078,11.064066677680744,128.1824899823855,2339.2590606954677
1263,48.62661324565994,10251.671985998197,2.851862261083333,8.203780475284306,4,77.0142052179215,54.17708597802344,8.498774897874934,230.40164234011218,2612.113653416644
91,39.75026306909482,9595.60278771994,5.435511974344863,10.211472675071636,0,76.96625755423004,20.554504919567822,13.78406788466669,224.78108507552625,2937.1621435435654
1498,40.78535909440749,13735.32829045287,5.979137252864236,9.305447569655813,3,76.9265068943898,11.262820629701942,1.0417928192286183,179.5396822334572,3340.012096422409
1966,50.35232884964978,6534.728416124874,3.8395233877182418,4.564231604985842,1,76.90919561667224,44.24387860712457,12.456701005438548,155.14466725477791,2739.7710956364153
1011,49.592711245557425,2750.0111602425445,3.004192237983444,7.690631823057787,3,76.90183638001417,34.30646315000088,6.710737133649764,201.96467245043036,1653.4822325513576
974,40.149887502503525,3081.9930620661385,4.486608537317396,3.6075227013817033,2,76.87329123570893,16.019162248444577,13.82057294689124,250.59555251079274,2089.6808033343646
474,41.92248805410967,3622.598384692197,3.6735602938686247,6.95969412039978,3,76.86520677572122,23.866771042921897,18.422184321216935,173.7739775812188,2469.117096950354
975,52.11784774211192,4891.251864240457,5.387414894073887,3.6867775887265672,3,76.81994091602915,53.083684608987966,17.758258573767687,209.3305948954409,2506.8494706414704
1325,49.72533065723482,7977.16315576549,2.9080663065824077,9.67356595816322,0,76.75932480858529,46.93802024299777,10.222161314555393,201.77141464900936,2409.398625118986
861,44.77966137655371,4779.4717092571145,4.466328230610615,12.922772603160356,1,76.7095919244225,49.596257807893835,12.180572468417738,227.7180713302469,2541.3207761188783
1159,36.57275984613469,6211.894512631689,3.098345094915916,5.650108248455309,1,76.68225639391842,7.6309985322026055,17.666994748105658,205.70041566777329,3177.1230748667504
1370,37.13150738211697,4396.267551086418,6.11026012957117,11.730024508920824,2,76.65084674361854,51.15623055083624,5.722544134097166,237.71145031049076,2278.5676321054143
152,43.473282181345226,8312.018944794014,4.561068373698016,11.349551858751417,0,76.60406306108226,29.039978994196993,13.708998998818085,138.75615536042534,3163.7521715578027
2008,58.70095804041995,7784.999600801144,11.846966311493997,6.560567343924513,1,76.57167027562888,66.41377257899352,13.136676670482835,187.61079654808515,3101.2244617225297
1347,46.04473552097685,5839.145023185572,2.3479541161314277,6.259985315106477,3,76.54801331251785,29.3145870355949,5.009650944137375,161.6836347214734,1862.3352422243174
2126,41.13128400880775,5208.411444336206,5.560876707399559,9.658328445862622,1,76.54069376899055,100.4070903307718,15.889241693320571,198.63046066496256,2989.6774181833616
528,20.50301474569956,10455.43401495585,5.748698354362888,8.814070887987754,2,76.5332837720091,24.683084988024454,16.86732526739377,222.4089432203376,3805.113636086484
1260,37.95049812716761,6583.618703437429,6.7935702661646244,5.214852288405988,0,76.52766391030882,76.99263258728728,9.177442523180861,155.7620536811908,2268.8914623254254
1551,52.49646020976735,9733.760441536973,5.458579792394199,11.565026614424358,5,76.50163862680903,44.666462484276124,13.222858207283835,210.865282391666,3043.641333957741
1628,46.34998589626214,7402.723230915561,2.550485283605726,12.318900591580748,2,76.47242529719499,25.29177159332291,11.11809194894707,134.19253525411278,1952.3050843383983
934,56.03026884351961,6378.307263056538,10.713627568898486,6.517366071260529,0,76.46218749114016,18.992665108373757,14.638246147197714,129.2650935831101,3290.562128624458
862,41.49661728562547,9586.841925305036,3.381114119608954,6.956833295204072,4,76.40227310992194,9.408439345345508,2.663181503769744,135.35498246709471,2125.719411541377
1541,41.205562154180335,5593.736756494697,2.7371512595478613,8.906351975406858,2,76.3744557027842,42.926875278721155,6.27319481824191,186.52257423242193,1815.730105442684
14,22.747629886693225,10684.834303894284,5.527122366868758,12.72510732473756,2,76.31589972324481,32.06623961391472,21.543167611163735,94.48660235010472,3362.700309174251
1242,35.5781623551827,11715.645497556578,3.712841251105202,8.123121847066768,1,76.29364322709212,36.78709554338108,11.11427752692282,181.0949751868364,2691.1536570120466
1998,34.0374007969001,9312.149188323343,2.922849560043958,5.5706089925080375,3,76.28329464643645,36.413636246551704,14.149199219753893,169.24997996810717,1894.1878895147975
1975,46.370240221545245,6578.860634978247,12.42222613115874,4.112681363578342,3,76.26754575593687,40.64021449606691,23.799315911689366,133.86507013091313,3745.8085280370638
1596,23.940218330938034,5872.994280367404,4.2248465801790855,7.533489592220572,0,76.24630432454903,80.17914139440389,8.078288389104502,278.80510593605015,2151.3333222908473
716,47.96260115603567,10546.123191383589,1.8296894678020768,3.405547110266016,2,76.20904137614683,29.895888672277696,17.266827588993216,221.67601989487252,2473.8552081216485
263,32.43310901442606,7566.906697376603,7.523888096986796,4.5010719027077455,2,76.17085937356649,39.68615911681522,19.565876214335724,244.37798885207752,3284.2461826069575
1809,37.12922946315217,6233.841011355538,6.201175178417563,9.190561067889647,2,76.14271441609783,26.574515556725444,6.645068425417009,251.47382036342012,2474.4752296518755
2185,43.114445130934584,6956.680216593013,3.4510668002298313,6.017522272732067,2,76.13964692183426,39.47954034266463,12.680651254936071,194.98851631860333,2879.8070844284584
1109,38.4972664308746,5825.351310657268,7.756391194583741,9.205586797151906,2,76.10902355790157,66.79414493624797,21.348441667886277,122.02621747576993,2585.107968097652
1771,40.46816956590453,3942.732981643029,0.5680599398514281,7.499775381429969,1,76.1057609200917,11.919894713799135,11.57010125435629,155.301094357839,2319.0239439546026
1238,44.7581468190246,7261.497343836092,5.35169212146497,14.517040557390839,0,76.10378186382603,24.193850318042294,17.07109214846423,30,2795.4586563483927
2060,46.447073213549125,3770.9839362737416,4.216222236642023,8.620991062669008,2,76.09903582377893,29.281311751313616,14.069599558381544,153.87275752335083,2369.785610660938
967,36.21187979408942,13149.554208067419,1.8747910620597923,9.7736224854104,0,76.08894108384747,45.24353280209735,8.17900332818154,244.05619515933913,2957.371595183376
2012,35.54999654931793,13838.736706763852,4.583907717127477,5.342540457141218,4,76.06241043096689,12.771724437722213,7.3702975916827995,163.58983158012634,2782.1939873674287
916,47.275801560116335,6194.61082056329,2.778604919103197,8.947206096277844,1,76.02156083572218,40.5388010956904,1.5453690329791456,199.46951720586094,1416.293198463152
1234,34.8262395903936,2010.0063272630343,1.5699215657483865,5.762392088982821,4,75.96937396949332,53.69418767367782,8.386488118268584,148.16305174547193,1793.9851879165271
459,53.30364797541291,7162.040379670955,3.95090097448537,12.833581806308665,2,75.90740166357412,63.59015883556994,5.930502407316233,258.04030224842177,2483.231913388398
715,36.84845389354425,4110.307680004931,1.1056681802474095,12.267765381193438,2,75.90482357250126,18.008665121977362,18.14053519480975,194.67578415896912,2440.38934940677
11,31.971713862143716,8092.341783930344,1.618016405841066,3.640710706790692,2,75.85131002748057,43.921323779167324,14.637978615255477,236.28343643676521,2154.4577319388845
776,34.49531824253645,6792.2713370498395,8.741870811506645,8.716673174233588,3,75.82262176496128,26.93398768795762,13.232897789867518,195.28045015040314,2613.376071783263
58,34.921635200085575,5157.570150345929,4.696505838681248,9.586302907128905,1,75.77616609068663,103.4381182634445,10.277043174039445,169.42184171449546,2296.497285375436
1295,49.054535273118915,9820.972304375187,6.132778031730194,7.454545376129992,3,75.76555705533052,46.0559868408411,7.499826782090556,231.68804104084575,2813.3359124832896
849,44.05253558958831,9231.488848521703,7.0540821386853745,9.598601623922098,4,75.73598666996742,14.435713410940048,10.718335913545703,183.655450913225,2506.943757760951
1911,33.17014188906444,10820.976911298387,2.8796701590136973,7.901243426114992,1,75.70218389830026,33.72146863931619,0.999970302492148,260.63655593797245,2321.786808444589
2199,23.218113528712554,7300.828186882076,3.1344586010878768,5.101318595219629,0,75.67879425522325,15.736935080637988,9.58697283980034,253.9339059785848,2119.0961940935767
446,48.343482575429015,9642.446392354894,6.8987324332565665,3.2726095882406447,0,75.63277660563944,35.3902846406637,6.221590968254583,89.87661252863421,1848.9055205703824
1464,64.52147220245932,4069.535122385405,3.4711167540556995,4.540571568586298,1,75.59293215854814,41.035519255210026,17.838850568661492,211.0348999344172,2277.10553723535
8,11.542394563892017,12167.091745132622,2.308428937420207,10.547763713921432,1,75.56669162569013,27.63607619189431,17.696599520109977,185.6176814741951,3834.2506046869025
297,54.97298543962387,5892.385529202362,3.4313948823157516,8.323444178758622,2,75.5127537711254,22.11392523391804,18.27859566787842,287.84722992703314,3138.8750566424924
707,53.28255352656812,4947.414764199474,1.3532110500383794,6.758564622282515,1,75.43633790177661,10.466476746287599,13.07984179000243,313.6441893120558,2357.5647021960453
1479,33.21678893953036,9788.98121281483,1.8584513872077173,9.650716311869614,1,75.43043959470276,77.67682135303565,21.864403054296712,208.12605442812486,3269.2627920050463
506,48.32381109705324,6455.9141737057425,3.714334989302009,7.214263706238482,1,75.42265298279057,29.329533339671016,6.6075057051767665,253.74219682663502,2987.5417237157317
1949,35.27589209226343,8344.696181559448,4.88816475623436,15.678585369997124,3,75.31907706113795,57.34369646906045,15.442880292789408,123.23530571829968,2208.955074966041
615,54.70205312799679,4834.014272528968,2.3129994011508526,5.358112505744232,1,75.28480653125882,16.112420891354283,11.276871220107507,146.9734967248854,1614.4045500111326
1078,27.83870105572845,9259.575071021965,2.8613905042588827,11.343639472642662,1,75.23796824153422,58.934216130112745,8.888500941294607,215.73483522511867,2147.106882169212
1875,54.1403135783024,5394.886654009232,8.81450510788148,10.883926307951038,1,75.22995233588087,55.86769836527662,10.303086337375312,244.31015915240283,2087.4666539017644
1153,52.36810655661252,3422.1709203157698,5.706020882026458,10.644052437138154,4,75.18719237771008,26.094517753547983,14.25968770163176,229.2929538388468,2078.086587395452
159,46.30444960470081,7560.521434130849,5.160855635726647,8.65334453845981,2,75.16090619762646,13.169556661962265,23.170945226399738,174.44258198848507,3177.210750479051
2072,43.855344328251704,13559.195737115975,8.726424124845273,3.9896988254641768,0,75.14776785046257,31.919085358598117,0.07272528169762538,84.61549040887883,2981.46357611109
1609,23.470894740034247,9307.819313025926,0.7844333900557421,11.314551665546675,2,75.14423488608337,17.728767579157477,6.91008354928641,212.7131738776603,2751.247388501494
179,41.783737942064036,2634.7179804407015,4.915559808031582,12.036836859242774,4,75.12640151075574,57.400937331068356,16.944839035752693,186.64795221693595,1956.1440393239259
376,70.06796600619136,5662.516827015469,2.8911208311361247,9.25778070959651,3,75.09895599639856,7.457128304580431,17.785675757160774,177.27692297161119,2258.884411788314
2097,62.36192638157502,5992.983790238242,0.755914736621554,3.156097466237191,1,75.08806715282208,27.23524951531944,18.303659128644046,136.95627906377916,2627.3388802372424
1102,33.7114194862892,3796.8932838655196,8.200762763990806,7.406408888781001,2,75.0810771541678,29.158560514707048,11.694834254587207,291.58389360120503,2596.5082500708522
70,44.13514518853715,3611.8812584135876,4.710701159429755,14.053614144447932,2,75.03797742702362,47.138832294518636,13.57204881653328,202.62550304364862,2547.9646606346073
1331,41.74760093410094,8353.643999830927,4.663077056661656,8.723000889244027,1,74.98743485768063,9.816108025575438,11.381352827407374,192.9397611537244,2346.365619748618
987,59.223475229998556,3792.949554438077,3.008931719154998,9.128770700847015,1,74.97095417532546,21.798528029893287,13.319858544776038,203.75483347478314,2571.183459547137
827,27.08195195476088,6319.145906035812,1.540389435552438,9.90054042165476,2,74.96618362834273,30.097646168863143,9.61890421707826,207.1465452910011,2209.7319984436826
2064,26.228746327795356,3271.5647158259753,2.4594954601339376,9.649609953472691,5,74.87786092670198,42.91049861354017,14.416013671047294,149.39983757739634,1674.4696816082535
1904,35.079688864400616,7115.882303755535,2.865856194776076,7.910712141168695,5,74.87783658065122,5.901176874320023,13.20320867319538,170.52105855724278,2534.5098938555266
433,48.07861298390078,15359.22141566807,10.313093204866146,6.479455835494022,1,74.78096581095647,49.27059313470893,6.323020602341076,158.07815024462795,3007.200394996312
648,54.10943770719418,3238.3670549432763,1.3719656415390178,3.021975199594424,1,74.6839370494954,15.579058400750698,5.605991418004515,153.06577447756408,2006.9175013460044
322,48.04271710291149,3932.18328763889,1.8251141209135102,9.950368291286853,1,74.66774274352821,44.1663578987144,6.1967457527956995,217.9170338313138,2959.837610268334
1738,30.89789217825685,5465.060390082963,12.030343449624223,3.399935684367761,0,74.6483545644753,33.42525193161672,3.5413951587626578,152.63085696684993,3208.3918569779535
1023,55.121379864479806,9140.236285144823,7.155440342104155,2.0378704970795063,2,74.63758912839938,33.21360522526711,6.875568812516107,204.77559921467693,1659.9887171238584
193,37.37867935803811,2686.2959601957095,1.8339322972032417,7.017300223945255,2,74.63466125960274,110.13609506450857,10.91238580736563,122.98118390833434,2461.493974489126
1118,43.05739908331537,3953.5390442784615,2.2173497332303422,6.811902385268176,1,74.62527749686605,15.665504665313222,17.783708600184333,144.37018040554665,1745.8230806039062
1408,45.860263841001675,4108.857220474154,2.192351699465065,9.972094478625902,0,74.60217427105793,33.21047898647565,9.494350578992677,192.18779831334118,2289.5422782736555
1581,44.13549892542255,4053.4829833457916,3.1151801038838722,6.640030207058629,0,74.60014670208606,3.4214505192890154,21.399258674975236,218.95268665043312,3013.4760326125697
882,37.888171193057275,5693.887193237668,5.640175262773112,10.714301781349834,2,74.58199329634031,24.460518223299708,9.238773321913856,141.48336555858072,2164.8409641155226
1441,30.601349301585625,6908.294903402953,8.268500535696923,9.139769860401346,0,74.56858686847252,16.92329879696878,8.294634782002905,193.42071505263132,2861.4428470827525
802,47.470161048007306,5315.982601121948,0.9502007481562293,8.331343211435836,3,74.56487377921293,54.154020095972264,10.90845729223747,156.61293862712478,2396.7172473920036
835,38.74239848590017,4438.141637647165,4.896446357159335,5.066521238310655,1,74.56374915381367,6.962074112883814,10.12917138146064,220.19733939341734,1668.4540090311784
2145,52.837793001854386,6846.231728087176,3.298630436051889,9.000008540743616,0,74.56154569316284,35.657686657383934,0,279.2692889310322,1871.3223651156854
71,46.14045028635951,2794.016803527492,10.311406529279829,8.897923148609951,1,74.50746628695036,27.5958811926236,14.826346646787446,143.66461685992914,2362.0916941149385
478,33.05978342849684,7163.602936389782,3.9777870287023305,13.303795828944754,2,74.506872446094,35.016923740006796,5.65365768926306,89.2269534658013,2339.520069964124
1418,40.10414480521064,9995.236099583433,6.415211119044146,11.279711547064082,0,74.46963153579577,17.86599704337981,11.004300519671377,168.34263000616454,2845.9996862146713
1114,52.19337181253533,7815.846564368029,2.9072441445765578,3.2086786417446316,3,74.45017510299448,18.0578889291807,12.419319379143065,126.56816655075764,2078.3474215306583
476,37.475323445026724,13074.816475702613,3.626156474729666,7.3688303483276485,1,74.43146543995468,11.072754932570435,14.570563846055835,124.82963949664438,2721.444425526313
1573,29.145713501574555,8684.105877049547,6.020098152367779,8.39905698705101,0,74.4021222756855,32.57668085435943,11.72845367625349,94.94098085750498,2963.836547607383
427,39.9054706728895,2933.131972889648,2.048784820931941,7.87274936059846,1,74.37431612553935,42.04391335534574,17.092017938895722,192.8136627558635,2394.691814380381
812,48.50981120824109,8335.192166345198,4.5255484992547865,11.026552520810379,2,74.371201917925,69.63350426037346,14.212789663939194,233.45313133493477,2625.7052705310834
434,55.108385791871015,4287.519020141189,9.401328243011557,7.842417893830483,3,74.32295138742133,14.430082580495117,8.045431865937195,141.3012883948381,2706.080263733319
1265,13.336325537200516,3642.2073372351424,2.8661636146649325,8.17149482080421,1,74.32175659994725,89.82129036351385,11.121474010637868,204.40963100023689,1980.556525585691
855,43.70902320727152,4766.749483687687,3.1016713190224032,9.084313410094467,2,74.31678324318676,21.05477970332512,3.2284373434442095,105.36564928547577,2065.19416696509
1578,19.874821528105446,11379.366003543202,3.182388084747145,1.6418211685007265,1,74.31184559810872,43.64356635379197,11.904364448450172,165.6488858599983,2628.416398892101
465,41.465713623208025,8185.160638353499,4.717498988071687,9.34424404092517,3,74.2757912595167,12.587198483721878,10.032209687066105,170.54106055915918,2517.446814408421
1847,40.248841419527814,4330.383725544329,3.6176831678591035,2.302899720685489,1,74.22842675331415,43.74516616697135,11.462832435380818,146.65708199458547,1377.967347706931
1079,42.326971280119245,5807.992948719519,4.559208143477563,5.100449325940989,2,74.22112558571557,101.58441116234586,7.682723951571159,151.30296011673252,1495.2910915057719
1684,37.663963425712886,5548.294077303643,3.2683824082491273,2.0979503391071477,3,74.17186311227859,30.523832083370152,6.363564925385982,129.36008822977544,1716.4699164075332
924,35.782931689460256,7377.768834826538,4.05218654734603,8.144024414624347,3,74.15058928252948,53.79533412903422,11.912535554834273,213.3433277895759,2389.785625018735
1860,48.29916879889447,3461.2574954731504,2.573532618904127,8.412536918383955,2,74.143352899245,31.03034155114718,14.578358542191257,211.41740731146137,2662.028206319353
1397,54.73849166321733,15006.041947401016,10.733487269003698,10.762839329214628,2,74.13692463724306,32.297412568288856,5.4347287920484115,235.45369325508912,3590.729851246853
2147,23.8841826974647,2888.893632759186,0.9034447760791957,8.4854569694456,1,74.13346116983524,10.407435293876954,10.973293195041819,200.1913920609255,2377.4992771431957
102,35.89728055529176,7839.362441063568,2.9958850724580937,3.4748837430637867,3,74.12902272807797,18.016662381420204,13.389958651518343,171.99968852697998,2313.833404902347
1641,55.565421820617956,3232.8626855043794,2.452605757476526,1,1,74.08476297866426,17.291763724199992,8.361563739514873,130.88358036253632,1661.3334831651414
1472,21.35392426267192,5219.436540734765,2.1418942653301842,3.8381251268166476,1,74.06896143370034,10.180984028252817,3.1627689436570225,164.57138943730214,1717.528583914046
1558,40.01890768922831,16236.891063542691,7.7737787786614625,4.696980984471945,1,74.05184812115533,23.405519759718306,17.148321716623165,161.87809870206183,3426.766074767043
151,49.5349788004351,11891.601272821834,6.25549119656049,7.188280624553398,0,74.01021637870954,39.809632436030796,14.916160061138706,214.47256316764197,2555.0215045925715
325,59.80125478513122,8444.40528902051,2.633135033799256,9.216806790386824,2,73.98698526638718,22.742970586428868,17.960246772183012,251.36972979878368,3121.46238266014
1585,56.121381980185696,5754.573289442779,2.680239824387147,8.795070722510848,3,73.94204197277236,41.65524679995676,6.096001302061918,183.83631862848347,1920.3324440545439
1535,53.59708604002134,12698.311146681288,3.152182518122901,7.773782515988247,1,73.93730526419353,59.95581306491664,13.95238205104594,166.74832220180502,3085.711050129641
1629,49.573660579263255,3036.9449926862635,5.0966539765793675,10.956940379832773,1,73.92759488031967,38.833291155306995,11.494581703072948,172.423406997839,2150.1046254175963
522,32.87029945322248,4184.610275619517,5.037558994759531,5.7948864963159785,4,73.92098534152711,13.526673694944604,5.427480654793703,136.8771968598078,2267.757638740861
1110,29.09866259187512,6510.4020103629355,4.236821697845613,10.179088552860511,0,73.91617030873779,47.50580879781194,20.092655676685325,195.3340510513703,3065.057253287424
42,47.773794007486934,4651.719938420783,4.737673174441767,11.326210028805868,0,73.88964338102816,26.471063274437203,12.992162215342226,151.01430566309028,2379.9774054417603
169,48.09830468690997,2572.1623860065492,4.875226256676317,12.57619300662377,5,73.84633130430674,13.77508338920535,8.91943004689717,273.49517665505493,2166.1397445858256
214,25.00522155307235,7724.360032168991,7.884327817950001,7.9950539528037625,2,73.84065992752521,18.658534579629908,4.5921578315166585,207.72657474706836,2265.2116644545513
1176,22.169930949398285,4814.201986503385,1.1367826908620824,10.545114212948555,2,73.83563009419528,64.43993526454481,12.763516486381025,130.66928054636725,1933.664481833821
2036,32.16802957202893,5670.266832831375,3.3356822757524487,4.417158428267462,0,73.79784650419322,11.679854443662373,11.108581265338383,118.0408837433626,2557.4601293882615
188,28.964185523664185,9426.77610792535,7.597335611828741,1,2,73.7495397416599,44.04931016350139,12.78975873203745,214.89670449183922,2014.5828765895685
1516,48.27189754519361,7584.8771036481185,3.211623008168172,8.568611804358097,0,73.7489398967694,39.39171644974949,16.469314766847962,139.0390199049453,2561.9236153841057
1300,26.72777268911157,5477.07785032975,5.711293904822051,6.424390245214079,1,73.7093156992244,13.31974541801985,9.281077747496516,182.1668857912324,1788.5461730628117
203,41.92190261899943,2578.006567301912,2.4059234959286755,8.37793164952351,4,73.7061968461115,38.26923887084678,8.571974895076247,245.11824040414066,1324.0458283833568
377,30.135479603295934,4438.221882400207,12.828531801767403,4.917993931344441,3,73.68768220807351,14.732155820800429,6.45577302029794,264.83594729230424,1766.6466874651621
403,26.85507898965485,5279.653908532786,7.132596851052138,6.203029861749449,2,73.61078686476138,45.89516028158409,0,194.08216054093634,2846.2253194031355
1931,33.01663733015006,4665.434548119392,5.4233072198204715,5.713012443141919,2,73.57382183721562,23.682398678467557,18.35612310277105,184.11200435213252,2497.964844666413
1848,56.27034136528552,2445.8445654310344,2.095251653648507,2.1706378916108537,1,73.56580427649014,42.30987785526609,16.080911383766814,283.6326261575292,1609.0849101931326
124,36.22574233769853,4714.090333718313,4.838587767197229,9.482827007849231,0,73.4568810804125,69.31674098083391,18.653226106426537,213.31229370756012,2612.123626265824
1752,30.090831034649668,3912.981508378929,4.06185837215369,13.950547140000678,2,73.40002604223206,17.740887915150758,15.31434179834417,161.46821438793623,2261.7633789336687
1644,43.072852797514415,4878.237286208919,7.415064813080042,12.068130894454903,1,73.39023612207637,15.455252497970989,8.954898922165583,129.3794797610329,2624.4026146547376
708,15.31500754571864,3179.894630881736,6.761995352943365,7.303945936661651,1,73.3811016688922,10.068487410000117,24.777383853699117,86.89193073093527,2527.638803498172
846,44.467745009870534,5474.047958260746,6.221126823743061,7.589396331899993,3,73.35756138311291,31.007940053934142,15.814911952868979,249.17702433187418,2977.7311517784715
1062,27.223409193415087,9229.861966762022,4.368395197736889,12.057992283966257,2,73.3375359710389,34.771043721258096,23.737733948901464,158.5508171897626,3468.069553325975
2093,43.204490381170416,13845.38591009995,5.964043129107445,3.9029507981204627,0,73.26914534444768,33.36689088223818,10.504943566031129,119.83134753464188,2650.9263775275367
445,52.945338562224066,2879.4841171600065,9.168003178520584,6.099347493465828,2,73.26404726417529,45.60377738678228,17.0932431236975,156.53530478240876,2507.567795124885
1849,77.56843029573363,4647.056702289234,6.153489890889885,5.509826361505744,1,73.24330172551853,50.21335088470477,12.605015442295011,130.99855810646443,3058.084036197114
1188,49.755373971510025,5178.414349044744,6.098187174489719,5.148993854489846,1,73.21898409301461,3.8528519504000354,10.57727777922209,225.6963694984035,3131.699507610711
1434,29.271668404324178,4298.25539415587,5.505393638429028,14.575123841453152,1,73.20895636986586,51.51510604562941,9.934186446397666,153.73724565415034,2885.6990317301975
357,44.46096574158825,18172.49354789275,3.9837628449872873,10.517231409393212,3,73.2070957566672,54.02252092829198,5.410595717942271,227.56389461841363,2662.719708199438
1248,36.97968327191842,6576.8191723537175,1.311576204708158,8.07200183889644,3,73.18707697845622,62.74906193262696,17.929399787304057,183.70859216886146,2497.6772730475227
1166,43.36581755346718,7025.158459625429,6.216491321118176,1.8620395837787393,1,73.14718240581429,40.13116339229835,15.676456721254997,108.18943212120286,2584.0483410709735
537,45.79314880424751,5829.065474493541,10.378048868879473,11.340899333490146,1,73.06409631588159,17.689413376526655,9.372656644698452,112.19938771558111,2906.1463197134794
2104,41.88653874791834,7599.9939375149415,3.4653719717058644,8.440744291777646,2,73.06006210981688,10.019490004852162,7.997453257780378,192.57770154342717,2638.7057635359106
1741,52.60544565837513,5924.937477924021,6.423251510706584,10.958714849053777,0,73.05153841119693,41.15683238973027,11.67841139652634,177.10394364260333,2988.981654916526
1853,49.40662082663232,3831.7922202993177,7.671221408607501,7.473669673450161,0,73.04093012925073,40.18370803288691,4.121234113740914,236.99798959183073,2088.8440171301004
588,41.00988715184019,5794.184836780985,1.4601584450557958,9.111216270408269,2,72.95859962976236,60.47604987846531,15.821447710741166,230.0373022876141,2675.977220348918
1294,50.9255691984769,6026.933665121249,3.0735653234368656,9.021305044589456,3,72.94638276981023,8.636035622853282,10.911908424047194,257.57618576735973,3051.9317747499654
231,21.710533068078625,8779.686780630134,5.52881013659961,14.520459010680124,3,72.93156707492837,37.58700713857169,17.632419650927112,228.62906589095783,3065.1010833718997
2196,59.54015458622163,10663.252197267018,4.893875949343522,11.059546091780192,3,72.92875292371635,18.725551232323994,21.646748018361773,36.691484551021404,2982.5742278253983
1144,58.3588391280401,5158.512720524602,7.7414261872602586,8.24064811906689,2,72.89318819199016,50.19044798056579,12.331438572000742,256.49762848587625,2881.96238608107
2083,43.430558274130036,6173.546775632113,2.113102962478468,8.23266443973926,3,72.88977484192593,13.900196942076903,6.977795138630274,174.3595227623562,1742.8339157455587
359,20.70191703714561,2714.7285002451044,4.048874281174152,8.327011968738782,1,72.88623966788495,48.227056440880524,8.24431371703391,191.02580275401948,1453.6141657108283
337,37.19867073798482,8552.422717782087,4.0591545452183615,5.161909436480478,3,72.88214040833563,47.020350746705596,14.242445953733343,229.64943881052912,2101.7814614856343
1782,53.53977460214971,9570.94631516779,4.171205483438651,6.38954442475749,2,72.88061107362054,29.38787058768729,13.97885339211963,235.9003908473789,3086.276700603536
1346,57.48833802896176,6115.994338478435,7.803323965370109,11.152542182686176,1,72.87225568309155,27.30779538722549,5.353862673850443,198.28978682318345,1824.050574032167
682,55.465379794186916,4605.8239245091,4.772868117609331,6.5835006303588735,4,72.8562533287559,18.187339991237586,19.100161671703237,208.55837241644906,1630.7333976649666
106,21.78242368639528,7045.748090359943,4.193231126493907,4.86302763410698,5,72.83230754694931,11.748409770650305,12.27488789798705,277.69154045771097,1987.2392033496255
887,50.38576815374594,9960.379833892222,1.0306372003603512,11.558405344897729,3,72.79985834436854,16.64328836591867,23.354297248622174,171.36943952277593,3188.380817301585
675,32.445272505134874,11132.226077721365,2.400745021949148,6.380912699402719,1,72.79478047844921,55.3797416359462,18.786632662590947,280.2180555067062,2629.471562316162
366,48.09471320090458,7594.836737754118,5.51830109779126,8.27422931948445,1,72.78244473569926,24.70240965303521,6.180215242960577,202.67296571501763,2226.8296101968276
728,51.460984656926826,4273.706267586675,2.8941548065235496,7.564019120436686,1,72.75971195773411,21.808577519519876,9.657531950794896,137.25396303707257,2154.6651506922135
907,48.90901010981676,9815.652578788984,1.3702027813563569,5.220575129686187,0,72.73481252469882,16.28367259246596,8.688685442728346,249.13224660933707,2446.0090435144643
529,61.09627660446195,11172.872106757812,6.845427563726344,11.478043129982998,1,72.7272673246043,16.09845946957592,8.78226616777078,144.42288911670727,2552.9506715564703
1414,61.347724896629295,12083.017741986365,1.4031276998384896,7.677299234617137,0,72.64553754558088,14.937461648122655,5.704957642485434,254.7435826555653,3118.5812057659796
2191,34.23173061760757,2789.4063823750234,1.2330712078070687,11.60430815298626,3,72.63638695197182,8.240546341436783,10.265798732884285,224.7825707507935,2231.0065456950506
811,40.33155714597384,6375.211611815094,15.180469066849858,9.583945104473035,1,72.61719977259646,49.57495027851108,3.7098811065513413,209.72506243104442,2889.210284342126
1158,40.57496498437239,3906.051110003418,6.381734620467496,7.119162839607348,1,72.60864579470844,59.77360616237349,10.821919245968584,250.44755327145697,2414.968920447077
1169,34.12428682801867,7022.846340626864,10.222035488163948,4.175507917592096,1,72.59546966805416,30.874876697765508,10.915798071888185,273.56039765414835,2900.2172340568427
1672,47.412067911671855,4425.715210762428,2.1110137889771776,6.321698526113881,2,72.57706994487519,79.4254167552681,18.280406654745878,218.35138556885786,1943.1842771702616
1436,43.466873557559474,6049.952550581856,2.3010860015017203,6.065129210217899,2,72.57424370806068,34.111860687621224,0,177.25495665529974,1641.3925504401498
837,44.55131259491447,4517.011211369467,9.063076696075507,4.092885340803198,2,72.56707254439479,42.79708649643749,11.355791137946465,106.01950810275471,2262.9864978931514
406,28.133465793201566,11617.875884202549,5.028663618652321,10.699673978642247,3,72.53558816916886,29.81030432770173,8.652970531057274,110.58349753571945,2900.7305746008083
1256,29.576291992399234,6331.803632844395,4.010268541157492,6.726749171908469,2,72.51196715196261,43.97978220979815,11.95990339859325,263.7256829676826,2559.7866786348422
55,45.723286750579355,2099.641619354848,5.243760101016954,14.656143393552195,1,72.48499685301043,15.323809130951144,19.923116524775658,106.67775701836617,2845.308855533228
703,56.711044071926544,4587.978278083961,1.4502465105238584,7.408044350867572,2,72.48250216513551,32.318438233464136,0,174.32846014647487,1793.5892984475313
731,39.689386497019804,7655.724003723736,9.201644287245252,8.43722719711711,0,72.47884086670139,12.047011627759211,11.989755643430524,187.49780521503553,3472.5920292817614
630,47.79553244269893,11185.81283852817,5.188847018727308,8.744114605703976,2,72.46890051717412,13.01075280135783,0,86.23762380645789,2788.3800885153937
1761,54.19845630252071,7606.804020198088,1.6649431360455522,8.44898940550263,2,72.46639703899315,24.828301809517832,11.849123393037294,146.4814567664683,2992.0526146110656
803,32.986281257418725,3135.4609493588746,1.1793694927582905,11.010143941118098,1,72.41031324193192,27.478391672880473,15.150482525656049,261.0728036830866,2858.663058487611
98,36.35154123682138,5838.862653701314,3.726571449709815,6.760472650580885,1,72.39963123068975,27.54847384632815,15.9437936323216,151.81675704155793,2484.888534210199
1884,57.534127161662035,7337.935711415722,4.73786470718671,12.485048741712117,3,72.36399518534569,48.729624771296656,11.863599101092873,315.1613297377339,2617.874873329098
1828,29.350279040350166,4763.55464161083,4.4266924166009405,12.42375832197588,2,72.26451102910626,17.996137298814645,7.45480562549714,237.32338054977424,1911.964390638535
1060,36.13273359195329,6688.701041883952,2.5331721330351873,12.244401758553163,2,72.23006629769931,24.508043946482935,15.231741623678026,185.24023525087696,3380.3286146006544
197,30.089856547144446,6057.228347157067,3.4371022050125055,10.10919648138303,2,72.15339767731967,17.521520182402675,10.980133634160884,118.28372793472153,2334.7835252847212
387,48.56624092105405,6879.422108387918,1.9489802412401633,6.33859221001693,2,72.14063052273941,49.04850841065956,18.027596043281548,166.51690382058504,2129.4049132255072
562,64.57221586139623,5860.644419376645,2.2646647117432184,13.487606893595691,2,72.11856908248372,46.21240908461898,10.744269103539567,184.87486663835915,2110.0047844648275
684,39.8355521230071,10761.571689132721,3.9517369562567235,8.744647520662667,4,72.09681789769954,29.60582996850351,7.773211789928828,125.43571013145134,2511.523690375001
575,40.55585468614464,2328.588185591611,1.5351631038838578,10.970463017332019,2,72.07705796958535,49.66205064359016,15.057783972684437,142.07992384608937,1724.2620343466497
1094,37.456655424840996,5928.877657361942,1.8674737227785387,7.214489106523073,0,72.04207387155047,40.554811901801926,5.390907353780729,113.47537544751597,2786.1546354841744
1958,46.260894527938596,6052.954993281977,11.747837294945377,7.306682205916926,3,71.9659664757609,5.892595459136413,10.009475457715158,208.63421394992974,2853.7752643171207
1317,57.61951137430712,10397.658328418473,4.833684514812204,9.3568912583363,4,71.93225796743022,19.07736865292156,10.283571383300972,186.12779224924455,2812.4949749168827
538,48.525413187745215,6334.918053424994,2.0337739665683596,13.234221457935595,4,71.89129025101634,24.76803072638211,19.561527584676547,191.92593728901912,2589.076038664364
454,37.72675491819965,9429.969298841434,4.296286439376685,11.179011912049582,3,71.85540588295359,29.623539280140285,12.621029173323596,100.2752705331038,3270.6162614043733
1064,49.864470801439964,4610.9362857307015,4.144834872157132,7.397444641576007,0,71.84764646086033,39.324146195065204,10.934853671791915,118.09484284001473,2357.6256837773512
985,45.64912883561094,8141.794861605083,8.002261834509088,10.103952734617184,3,71.84041937679407,7.367144059330238,12.24221617505089,198.6088277263783,3122.505177697045
235,41.52098773698618,3195.5890473118575,9.064344113625431,11.426634648624944,3,71.83605285269678,71.71053740652923,5.905066398240291,116.1882932518558,2212.4364186045605
1951,46.56763914817783,5470.5388862853215,5.044684653260777,8.679675998799135,2,71.81986645169061,29.55211749700146,15.248254636007886,230.75765001344178,2107.34514907274
338,41.717967371285106,5488.98347732156,4.141194545971352,3.387392448475519,0,71.80471120884646,23.775795688125704,11.387362513436765,264.8168168985055,2358.7516988948537
1909,27.645566072169984,8333.819042932946,13.298881531813526,11.513184567985553,1,71.78002619979289,22.24286735140778,16.99542101546021,208.52280014371792,3539.2144080244752
285,25.286607121859223,2971.0140864351124,3.000985326925946,6.411442890296583,3,71.71486580265193,41.74133048509099,11.835254732184474,198.97207225158337,1679.270037033677
786,61.33860164844809,2869.3393245496013,7.022992724211792,4.170586845291038,2,71.70544590036279,41.89533869656641,11.574404981080365,179.38929733668698,2083.482933989363
1358,38.194532068168016,6276.335375294209,4.110586505955362,13.546093179702735,2,71.6710818301761,7.939998673669184,8.68222339168138,176.63495839755691,2592.2112920842287
374,40.98762828365886,5615.619896248803,2.0739892982101304,10.79942909120344,1,71.60970731822506,59.478440953963734,15.020045835078243,130.8015396459964,2413.2559500727707
766,41.65307339692456,6121.638768292984,6.66769022064348,8.974199107466202,1,71.5620300101397,20.969282735849223,12.048645763958206,177.73145055551055,2542.752354897418
1336,50.69473236152657,5189.292008216895,7.538230387685908,4.511004278874724,0,71.54883881884079,40.24263108060061,16.039074447112345,218.38978160156978,2469.8765061507347
1239,33.86897008396001,4365.828065482938,2.6653667330602784,6.68283697576261,1,71.53696210635188,54.36688388974561,19.42886981593237,56.40674273897632,2556.0273109584496
49,42.08512167863781,7679.955833049106,14.542708316680217,10.922102206669209,2,71.482755092715,92.95852204847637,7.810962504758017,190.25676047448553,2254.4275845851607
631,45.3414048306891,6221.12817450105,3.950064353740779,11.500403158373414,2,71.46415699994341,8.631556841791799,9.924939630880674,247.88788702140488,2656.3200089073766
1258,48.99089590027412,3595.3409342846653,9.3230230985674,6.903544400856058,5,71.44807731829763,95.79339201721811,19.507777500707252,96.48319193005574,2373.2348835203084
1068,42.17340058726971,13735.225342006484,7.489042129506728,4.861225291940867,1,71.4394472038243,44.551407325654125,5.4386212884805945,172.5288355582493,2557.161052613018
443,33.71648586887454,15733.893671011845,9.413398149898443,9.256683711425591,1,71.4180218947932,32.739504142569075,13.384874078281218,159.93578528714067,3897.5047657383134
1561,46.00445189224523,25324.405636456442,1.779562462474983,9.81071097105507,2,71.40494582782104,66.67019107648534,17.874759774418674,163.65740754570888,3780.789556689578
941,41.65526981579021,3351.1547923407143,1.2714262645966528,11.24317301015149,0,71.3993690681636,67.27440881447164,21.469373945969885,111.01093277020937,3104.6493172894934
1810,41.49525296450995,2816.6245782447013,2.1622077015192325,5.773353859323038,1,71.39137438745236,38.48702069840991,4.969793320363266,146.08466299600747,1360.9980102664138
1660,51.81260383146811,4780.00466985378,6.853163832282399,2.5361055161915074,0,71.37431393813324,17.325442305732036,10.225927167557561,182.54282132139556,2170.8867498624672
1879,40.106796254067916,20845.84106422425,5.352092186794536,10.108783320070831,1,71.33058237485926,24.66837774383424,7.088507978596188,117.28692226838416,4344.726332224413
1965,24.40074831945281,7758.689460645807,1.3203766135496062,10.386608894501652,0,71.31013323625697,30.638680642764744,11.217399504746634,176.48984375114185,2275.3151005165614
450,48.923377400757225,5732.622213880375,3.1054183541723925,8.833115169477264,0,71.29906351364474,78.20901006985878,14.682923986784326,149.85108789596558,2092.247224961921
227,23.44337137530606,5674.317527382027,5.5727730524965065,6.485286311144626,0,71.27332867946798,16.17315392911354,8.24231231461474,154.11789954353787,2378.751920757094
1996,70.25446270999203,3481.563229155653,2.6736465595466212,10.160229698238597,0,71.26051413792818,43.095809693170494,17.21069131439286,239.1293830734494,3151.326575134004
1281,49.65441331629455,12091.365807847485,2.8056855766918893,4.8594251138952025,4,71.25679152418716,44.469407748003434,12.732342736869319,272.89308407430076,2619.452545532435
1737,40.86302038349139,10294.789401951624,1.9966750380866851,13.087061027224612,2,71.24935489313272,23.96598588468934,9.879275072074263,202.5542465341041,2477.8646199054338
259,44.53850074450805,6610.757225948382,9.75650445445937,5.867643585752572,3,71.23824134762613,22.254220647758565,16.009785867540124,214.24081705562205,3300.737194093903
311,53.34554369234775,4385.386065407554,5.022195920024968,5.580106660618448,2,71.21726339270967,31.406728644390604,13.905930895280097,210.9494383434332,2783.22800042197
1655,36.905149750225476,7174.329687749009,2.6194031101510444,12.142360113300732,2,71.1949100129756,73.5294009321082,23.20177499133246,209.9736326910095,1995.7585687752264
1252,42.3307656452494,5806.63933398523,2.3135630618511147,5.241280910353092,4,71.18915926148031,8.245055235893513,3.8262789010869813,83.61929826656818,2443.776107483802
917,15.224027717506427,6864.495808211196,4.571247249779177,5.712965765964647,3,71.1072751683846,61.26632651147647,11.128226393946427,236.13242657593642,2242.817556474141
1685,45.78565237811044,3630.6478423321328,2.2829505844679403,7.838916658391692,3,71.08058585504527,18.846196109505357,14.94569958866988,183.8536287997811,1833.037333527469
81,40.62339852417725,5762.885712139949,6.586794733809984,7.927729243407083,2,71.04852685684615,53.493688328324794,9.053235591066247,253.48590567931979,2564.0831509238096
472,41.7338562294551,7054.938812846634,1.427334295001165,6.071320554021783,0,71.02496111295005,55.04029679620912,13.338574567151866,170.5934569375119,2707.711735508061
1340,46.75401987126266,2502.2215074024666,2.458107198070646,6.342082009452351,3,70.94082625187633,64.24204109466366,10.562509883963514,178.64061598110953,1378.0090416293972
206,40.160724793252975,5051.35848513118,3.328030784979119,7.279807803804784,1,70.93729885220792,10.540594815537721,15.159079094590862,86.76022751382655,2683.0566193113505
1170,30.284511930488847,8014.09971150506,4.5739857864891285,9.119195251436695,1,70.91920079559758,31.282023118297637,1.7642740916236637,109.00960385763496,1800.324844283873
2100,19.77186149774441,4590.221584313242,1.7638927991372877,8.75887114481889,2,70.90631077708791,10.486582655353617,7.737022710147565,214.05073786870256,2568.052383761567
1570,45.549440801906655,9812.630499426472,2.487145360581588,13.307447516057607,1,70.89770760880727,15.353161177054146,11.90041800957703,187.56204116150337,2613.659028589639
543,44.20626052423535,4920.14422848184,5.943851816380024,7.877395582106682,1,70.87465623114126,23.56966294121042,8.08934037404521,274.062161671838,2745.575747393963
1460,58.80768296595318,3700.1593095576654,0.5596039289850782,11.399572936525672,2,70.81645571838828,62.85479657570005,17.107220929201436,193.9705693705996,2200.643446675189
155,43.78990608536083,12896.55568963779,3.320004610099856,4.428435297960863,1,70.79249289922447,42.510644337100175,11.95842380323409,215.56837107898875,3042.4719428911044
461,30.547663858681332,4187.134148239468,2.4685977725012234,5.18692778219937,1,70.78098440923887,29.19539328334901,8.299707996367285,251.34102608493436,1917.5336442909143
881,39.64221174523159,6882.1014243621175,3.1207113895693563,11.289482647275861,1,70.65946247406255,68.55214121054635,14.721234865931104,181.80086549286372,2425.5168392640767
533,33.985242012067864,3586.6529552537972,12.580456498139116,9.18615825468914,3,70.60523775501278,22.211334167916817,5.073402794451048,93.76676363687156,2141.7772815551284
145,59.51751797039526,9007.089663431814,3.3555199210166844,3.5941926454338153,0,70.56553532449136,41.19059591432904,13.079155284901612,218.64805340876043,2057.315338831808
686,53.395884207245146,10695.938656122478,3.847454084001338,11.334358491298987,1,70.56214753253232,17.42951983250137,14.315180908299642,179.89452154590722,2947.6704600594876
735,49.14284025646573,4638.576644488843,1.659819635713954,9.205984640551739,2,70.5367851864753,24.37543936792207,11.279972935078352,221.0371267649656,2277.3597234883664
1552,27.14394946379516,4775.345592482848,2.256780272891239,4.385891616251348,1,70.52902349409705,40.19004377769366,12.030596892640094,172.89396240464967,2352.3498362188047
408,43.25784020802656,2805.9549465573978,4.288637811497437,10.778617589272011,2,70.52583035315234,9.022646764520095,16.71586123518141,223.3589009371201,3236.871709959718
418,47.13849465695779,3552.189252144893,13.32388800017432,12.606593445781904,2,70.52304425003145,24.243302852647872,9.78643475861671,224.47632418733536,3395.977038264197
646,10.133058017769976,6085.975087648469,9.5035755093169,10.653308916653753,2,70.5194006097234,13.345187071458449,6.095164049919768,174.99613400185532,2553.4811864603425
1180,22.135016739032967,3486.357119388632,4.241396919667186,3.906740228343935,3,70.51200214382052,61.57862051906841,17.0544536150562,192.4081286394894,1693.9865631035445
1881,27.15041960594744,3689.4220799979307,1.8070437428781785,9.535469143459402,1,70.50141288917108,31.686348328852525,10.010433368581406,122.76389195595243,1991.0336991805234
2128,44.18257132398101,3256.2306208622676,5.336187635247499,9.679105850911007,3,70.45397939949346,50.12776436768073,17.001848265208157,77.2477629457551,2043.0682593325412
447,46.350045136790555,2624.465469734635,7.616130789770538,11.81478909718582,0,70.42079081692575,21.227125733118417,6.589559219021629,185.39823780082128,2285.341317403515
1292,40.22855691124305,6394.775073075793,2.57223616305796,4.687762693979155,1,70.42028204755144,64.02034769634983,12.669947636438733,143.1919899013303,1882.20526826187
1384,38.440122350666606,3824.632126387548,9.596142889730954,9.711016988793297,2,70.38564576926328,33.773821862641654,14.78839427152221,137.72204858508286,2417.1312511180854
2171,20.364185240341474,9650.87080593945,3.4148916021458002,4.7764721500121246,0,70.38428053193192,35.311131244753966,9.205679304303398,160.67955989427952,2262.645168186557
1989,41.26291269885108,38873.133235688976,2.5375805287244138,1,1,70.37260533334148,9.426626516924458,10.573317150010704,158.68832802930862,4263.170888036005
1034,45.403375663034765,6047.654505634246,5.364539902842286,12.02609103723343,1,70.34020163534349,15.127659779027177,1.3490730931863215,146.62555821350333,2702.4601343315467
1227,28.968327850569395,4095.4612852136793,2.076765808069169,10.761745274814867,1,70.33552792298781,43.998457440552585,15.251025309733818,198.01885189071652,2171.5855940279107
85,45.72099446209934,2784.611089334624,4.691756392888664,5.927930179176126,1,70.334035359398,37.21457602248615,7.123823323935229,172.86117883103313,1879.3270519238463
279,33.7511546548163,11832.848723875122,5.220582848462325,8.288927244821888,3,70.33142829836136,59.156374967930766,16.998233980032676,101.9111344432678,3106.2669261614424
1274,40.695794317314224,2602.4511537031476,5.468713842012524,7.221286053136566,1,70.3263076840788,39.17957482759611,6.6363165786927665,95.1084778896051,1625.984133084549
331,40.58436337600827,8023.614108368043,16.814545784302716,5.464521058160537,1,70.3129061951855,10.749025830919706,19.63463856440577,237.12627935874377,4131.720604383028
276,39.74563507002201,3755.1873071113705,5.066655748566421,11.207118774886837,4,70.31143562537348,26.332369273172766,7.3466814058662155,214.46419752120818,1697.0101760011376
44,40.79570999432226,8528.7806450896,8.354456380884102,15.494633606714903,0,70.31090042486127,54.143892545011255,17.208991296404253,165.05759855708806,3180.5783731757992
565,31.72504588840645,3892.0401163525535,8.704520383171031,3.140545117334545,5,70.30927093583536,46.65254644067162,10.570066376261439,221.48355125448848,2131.0005103255767
2080,39.08796539217035,6587.79588174103,6.446283413533129,4.063204707495618,1,70.28046286061922,25.48094792562886,16.236996145246447,160.25858189927587,2378.3696868381494
723,33.2538416727228,10127.922127434771,2.7934319550224793,12.179769212395993,2,70.26443993375099,37.18663965217707,13.786049029817846,237.752925617058,2693.5424796937677
1485,61.74019331220261,11432.627335795298,3.2126326864616717,10.22579877947074,3,70.23740595065252,30.243118941718166,8.817335706757632,177.00928843932735,2165.8555294122916
2183,25.447851877503183,6644.476031992673,6.112386573401392,9.80133291583763,4,70.23284812752645,123.42321567771137,13.81297932360253,65.98990627163572,1791.4544284246465
1616,37.54866443367362,13227.499918336776,2.137477655939381,11.372885821065598,0,70.20393681892526,24.866681216355488,10.561823291086911,89.31506189737672,2678.2980291058184
563,29.98210417850673,2741.8531947290135,3.1006933319641323,10.212025806778826,2,70.13801088768062,30.709791846693285,13.31155193601061,227.45816546380607,2373.66083744759
1708,43.92664359124351,3653.8911813412496,3.1021614980056826,3.4957273027597022,1,70.13460980813082,9.531860785470164,9.865360030189029,158.3501883903821,2215.020804045852
526,42.161404838860136,4599.966254917994,3.766892207382698,9.350471956852537,0,70.13375813643277,46.191657124651776,15.8435081165168,128.74508660422865,2221.66818312944
1022,44.55670375467668,9786.964314206112,2.263161452161295,11.115813828581302,3,70.0669374138294,33.10019708008369,11.66130503964711,176.45149806800876,1753.0576814209371
755,30.79524755760651,5427.192163329402,2.236013424088273,5.325457459018162,6,70.04457187826878,41.416340204963575,10.25994522680367,189.6978668556991,1725.5708254715958
2026,33.64898273794611,5243.127579181654,7.590571865012576,5.946325706269736,0,69.98079659804078,6.3589701905974305,17.70709373969347,221.8934043514372,3389.821129239446
1225,50.44076576965715,4606.861915541196,1.160159573398074,9.771401614802876,2,69.92713789663718,52.905894929784566,16.831892702878466,173.2150996327245,2248.6808385765353
2029,27.720250871953215,2591.3692410737617,7.071912342722883,9.07509054912683,2,69.87820150342158,16.968256469451,9.328042147294163,233.34773583837824,2762.4174467926746
2003,49.194106041642705,4438.940906019999,5.389631276731849,3.481098304367853,2,69.8329264504893,37.84976596772995,9.215728631200392,192.11917461182273,2108.605583556713
361,31.516170982470243,5303.288885994183,2.0932124591448877,1,0,69.80445131829734,24.573489328145488,18.881700311728146,223.70280610098817,2030.1025350569826
1833,17.685016849080913,10070.510729343845,5.859513891984809,10.28705198285591,1,69.73632543000754,34.668661510545064,5.247987469437687,140.22600884804137,2827.9591183037064
432,45.1027919585003,7692.045551904118,5.001804316522686,4.208776194436289,3,69.70630839008007,26.02896196208617,18.155907957082057,266.1007199113741,2470.7441659041956
1146,36.68052859634527,3669.40342004673,3.4723279544019485,5.456479787666816,0,69.69858053680969,64.63733888881819,15.528922679338525,60.18116650339164,2489.4999200071193
319,26.64290884062432,13728.65551572465,10.212375832440012,11.800227474612084,1,69.65343934983927,18.093675498831963,0,98.99423493730094,2847.8823724127415
1285,44.55696589741894,5400.2519194614815,2.1150382612499286,7.959102302210577,3,69.58280960389106,58.94638947208976,17.784430531088844,157.28065441734933,2543.2124404712254
1666,51.952020651720396,2787.2498996323357,2.498502796893997,10.90050845352763,0,69.57999469116201,51.59490311160402,8.481431164011006,214.702316439222,1975.0206585447002
549,56.05542999950826,7351.1368790468005,5.779989672175417,10.891767327636916,2,69.54974316945284,26.06687671294131,8.930147526986177,171.50879258293924,2554.546355568622
488,26.789916161288946,2722.9462847610216,3.270360134665418,12.769189534140196,1,69.51840151578499,33.96933636842973,15.919218799288677,181.3660632935702,2432.366039859906
1145,33.52047210695084,6101.505889331039,3.7539721930248016,7.5894965819663796,1,69.51497914990613,21.397164852900964,11.124535702775297,171.8951378953824,2462.247111565011
1886,41.517731058725424,3646.413090128342,2.0799845103506347,12.541513973989202,2,69.48551774565288,2.615881895678764,12.060448887133035,253.1409618366465,2280.519928370053
1201,51.087358980180404,4675.048245712621,6.026170204486747,11.339115891482788,0,69.48141561980292,24.31963654943936,14.779827545963666,70.27037863263797,2478.9044956186717
567,48.87729085559894,5453.561617128512,4.452829621669628,9.893960866321809,1,69.47647560764509,45.681437220363435,23.432339634879177,164.26579562211825,3376.619315316179
823,61.53951227844638,9534.3237555819,5.130213048439545,10.886661718405874,1,69.39734186717024,16.934271914430205,3.543458010128546,154.63693532371545,2323.089350232972
1222,39.93521132469023,5974.710014956626,3.6064716704746775,8.587985339800818,2,69.38813352619253,21.788684383011184,11.5283724551718,46.12474652665287,2717.140350656922
581,44.35190675101065,5732.678312028321,2.921129526778539,8.78890142830149,3,69.38310342160878,13.336487748829525,10.414282957823993,203.70826582797247,2462.2626457670385
640,36.78506739858335,4874.896689152508,2.1998235603382468,3.179274166212659,3,69.38278966351763,12.204861451079065,13.59761656078657,232.00080604668807,1269.5770455349734
2059,59.93303655801199,5811.023572115811,5.246420602743397,11.979538014751608,0,69.37792923169607,36.16786263858911,14.316725823132256,140.002971581993,2564.367247636883
725,25.24745359606083,3521.1318487905523,5.192855325149649,13.908953634840417,0,69.37791882850344,29.709042688127298,8.469167089264603,213.2146421316776,3033.1890342518736
1095,39.312332695989625,9388.071727451817,2.2202426977062353,5.126107332428986,0,69.3556405355402,38.60290567355938,21.44337807613907,137.18059434671588,2894.6078295049083
1087,38.14849548627904,4875.9469193018285,10.59446952724595,9.219707357306042,1,69.34167790601381,31.199677788269277,12.558854140947943,240.14983056936597,2564.6447398021846
2166,18.99808872549709,5641.023825807814,1.5760027035163258,9.449244656246558,0,69.33682343815885,22.917537927855903,17.586627790171473,156.75673801091457,2502.7623333139
652,44.3661465786361,13793.487762397697,3.3723267162498094,10.008844280688066,3,69.27074844707829,43.226493517582654,13.572206683363445,228.47756707267445,3293.914676322889
389,38.09759960408968,11135.457434987433,3.8195695323638477,8.20815111841335,1,69.26385618109568,23.259951676927162,8.324637136919854,217.21840322788753,2654.8360249088996
754,45.84706098275218,4513.555166136787,13.24910554723284,11.28614810372018,2,69.2577785575011,34.43377371390106,11.700202343800044,240.72711390367198,2844.0682899744993
409,46.1484573274213,8487.57775106126,4.324299863068252,9.009062267385243,0,69.19058237997699,37.31387457606017,14.523005332577775,193.03008466008654,2967.964696472503
1320,25.51595519891144,8349.801449591472,9.377050792801317,9.974827815813496,2,69.16299608179362,46.862226494038126,4.100795522530905,184.36659619743037,2790.843237587158
65,46.897339812717206,6781.983118883534,2.3119329173248477,7.37729790548244,2,69.14076093890928,10.46411687436438,15.808624996945198,82.51044619844002,2671.375213117244
1665,52.0989015638542,8712.413501362715,1.8865294957506493,10.191564293866293,4,69.1401911716329,33.16371920761972,12.420796206864736,186.64979473878785,2654.059225017243
992,39.51704487678401,10714.551166881281,3.7363501631559615,6.521430008888341,2,69.13364501356823,41.842918649896404,12.605731701361218,129.61674499274397,2417.5303021150694
299,49.18851453692364,4688.534614883391,6.6840915648679005,3.670387084741855,1,69.13040235351856,52.05831951755747,20.672913604084627,167.4350675153154,2843.1028395057965
1928,21.51495335186278,4822.639290525587,7.559426473274486,13.305042174770838,2,69.09699291194839,44.32643999945094,5.4027401975758185,206.96346846672992,2580.8997894492986
795,35.057906049514685,4777.848238467456,8.597515072850392,7.653758825866553,1,69.06337123575007,60.88983628361962,11.879844146484015,247.81455194218182,2259.8563284013953
620,58.488688286849595,14590.813573709545,1.2331583186318515,11.712914028861128,4,69.05426576282146,58.3365715264402,10.85654865940064,241.06897289654017,3020.825176090619
935,41.06996805942995,11421.201502423288,9.55746725411896,8.050766759849228,1,69.05003366955451,40.26617215932382,13.663140202636402,173.01976748713125,3652.4029454609026
1974,51.65201404369005,5283.073482515455,10.325580359101794,3.1671444997483658,0,69.04261123279309,16.503936949213944,21.945835519347796,218.903958741507,3288.8229835813154
780,44.554712519962436,2965.570183433366,1.596920885138942,14.062706001382937,4,69.01112228465716,33.2037933865867,19.4663328458693,127.0163595552578,2392.8344338694537
970,46.96902280185868,9658.747897427154,5.081585940896144,5.262181423676626,0,68.99710078522749,10.670344740498749,13.80306066861106,158.3985376661193,2741.6746174392633
1108,41.5894428304529,7681.225471494343,5.581148863173468,7.661841187326157,1,68.94351308457406,12.910592988534717,2.934196745412148,116.82327462239016,2715.142978902212
1802,38.59752837740038,5701.387960567927,2.239869779727048,5.993626399558554,2,68.93925461105373,38.71933123599828,8.639565502936652,134.07205518213584,2092.81169022225
554,37.65451474016702,6612.394100817418,6.446417266044525,11.216074029803323,3,68.93100946856168,7.957461801132626,3.639198968832872,178.25285878666156,2154.3805287497257
334,58.57445451330417,6672.8421988183745,6.692898737106309,12.554807321113389,0,68.86902055706669,56.21714333884926,7.442391300762028,79.46854260240636,2539.2306983998883
1938,37.49400588192737,4131.457977167517,1.9384904611617153,1.1198280710953812,1,68.84609382683621,10.087499113796145,10.253450712153853,246.80291592514305,1702.322404070279
161,35.29486362510001,1499.1987933547491,4.767360295407147,10.588809817955394,1,68.79401427550766,13.379550994102607,14.314768033970333,226.09620345294323,2444.9650266835047
247,57.11918337589457,5516.165477379524,7.546211844886696,9.98677962731121,7,68.77295384151714,28.20156528259276,8.707799654752995,196.18996050169181,1598.8960764272692
957,61.780116509763644,4679.507596470922,2.7308949547909958,11.223176325384845,4,68.75337631781456,51.71269438113339,5.107259373415881,175.59221432642883,1814.6237458791124
1420,50.22634289612489,9906.472845633878,9.76739724180682,7.455139314198071,0,68.74452387698037,42.29327253566195,8.2787569173371,100.33854812016038,3137.8812562613825
701,40.2528401188492,10578.086966131214,1.3020834560838137,7.795448756222462,1,68.72729877613598,31.081032187404453,6.889475709587794,141.41207059104053,2339.7796989220387
1786,48.24191073407505,10163.233675831743,2.5075944346101693,3.64118159920886,1,68.71539624243891,79.30556890329146,12.808282480635093,145.67996164470287,1852.2185607282427
821,35.1895035276453,4509.537357396027,10.08350046857041,13.781929806997741,2,68.68044884588195,80.79705443173009,8.485239391296538,228.52604798618137,2810.510563799879
1718,41.2284495308913,5192.4434764990265,4.968567294472066,11.89009529633359,1,68.66998563956247,16.6508991226203,4.933355044147116,177.46270223966027,2549.5612409541654
653,48.10934398186546,9456.78868831604,3.129307876352512,7.771242038539695,3,68.6665797533425,28.184564584378577,14.227160435354222,212.03615440426506,2498.753451534067
1313,43.000186093263245,7750.790517086448,5.385004911820212,4.8217246938596805,1,68.6516277966084,24.283817583700326,18.7868459733923,142.849116186837,3033.8684445427207
1740,47.72816877555608,4040.8510067513816,0.626953554746198,8.866629150077266,4,68.63783834933301,62.959658989060856,12.084114749790666,89.59636120735303,1276.1317636024714
1749,44.72563564731569,5458.083949360769,3.2285952107918696,6.016276644325329,0,68.62304457410777,21.120856940614214,8.208956180024616,225.6686470891362,1870.3872125844669
182,49.33750102342018,6785.449225832838,5.218460629855291,6.595306664806652,1,68.6052009262131,45.236174062015614,16.05550408419726,138.91529729974962,2580.5097801207153
853,56.428369744985176,5404.727465816184,2.827541944582403,15.511778014556672,0,68.56935471082079,11.032369969768187,7.336565619210308,229.3304408471062,2430.675139182897
1956,38.47914804517928,10061.52042628346,8.722092887899093,10.278389603326604,3,68.50829952237945,11.107428051311755,16.74271943338905,204.6908057810299,2946.380414819209
351,44.04837448593948,9598.34672805254,7.543809142895989,9.200371496975723,1,68.48559052517138,18.11358046429062,9.389741193273474,274.0613656637088,2493.7132795282273
905,47.710863822690854,8316.82306137132,10.417078302714318,11.006821171395803,6,68.45775762095265,26.21036970504997,16.408552198994855,291.51274664566176,2927.7077929749335
813,30.94557816879678,10270.495991115828,8.935337227446883,10.322706324556385,1,68.34645498335937,49.52050957646705,17.839266461320225,185.97014870520314,3140.803748976484
2110,45.42787231242058,5776.103428595515,7.741309531192569,7.6707812075479005,0,68.27600495474961,19.66144893523234,9.948368359409761,209.96862524221368,3268.2813534818615
1288,37.89978629661396,4425.197671963769,1.0936698775043503,4.417992032209998,2,68.2394058778814,15.39529082013291,12.2137818403882,171.59988951250642,2527.989397699156
1960,38.089866658078556,10663.048865363902,7.202284779915255,5.580970761515422,0,68.229180051966,12.27619503926699,9.215330451252012,164.85826963495376,2922.397450070336
1195,40.07808516883247,3442.373991136585,3.0090013278853096,8.182812709612607,2,68.22193250701379,25.19571275454509,13.518762375158577,108.75419188686993,1980.6428788523149
611,23.337744348668313,2876.486419685061,2.6163590008977917,1,3,68.21370057356899,30.020182482034897,14.445432028019805,215.6938354493887,1687.6344400613311
951,38.32820676156766,7672.3092484871595,9.32280901778786,11.495266361982168,3,68.21106569719647,3.8340177997229423,7.6802993077646295,155.20010915777098,2531.8358651881726
1382,43.74133890799579,5533.76528712071,6.514704348072791,9.892584542542378,0,68.20920831800538,44.50081228846492,19.31557723587636,239.85488090734373,3211.826313428229
1731,33.04588675633381,2913.6959653701033,2.7411613255640757,9.463646058958412,1,68.18521495162292,41.92000236979928,4.948992705567159,164.3229685542348,1746.0676946703456
1577,44.281471339412846,7971.030324251113,2.303816125698531,8.744950518666796,1,68.18053451336222,59.15205352037675,8.849727240480503,160.97896005221364,2690.966402318292
1503,48.216408445597146,6051.402211274025,1.5800717900573997,4.162042045736465,0,68.18031490634336,74.37218429939809,4.203009092389751,323.8633587227788,1365.7157662089076
363,47.270366397593946,9737.286409158867,3.209736249899283,8.81486876263669,0,68.16130044716976,9.655459610233807,9.601578616939968,229.5235040710895,2301.4584692424314
1908,37.4614753509812,4591.82565931053,2.8584024432630244,7.7024116397373135,3,68.15971747821442,70.20200957860294,5.627279803790112,212.2096143446842,1076.7200894204043
1788,39.045642904690666,9311.955873188346,3.3460626693675284,5.745346614460766,4,68.14854343544468,11.535262264105715,15.94700797189898,204.02490862941065,3134.4427793726804
840,29.035432449988342,7934.754918467884,4.009546871138958,8.889664583894195,0,68.0403639136748,88.69454496294097,16.754087650601598,280.69145075221945,3105.5160956075597
2125,52.43831243748435,1890.1035288301237,2.2008921286662853,10.0097842286296,3,68.03949292219973,21.338451854051748,14.745441895658708,172.07403450042466,1612.6762412425749
6,21.199068091063978,9905.323346364587,5.4918752646577325,8.00991330225132,1,68.03759251697446,72.14645307674762,0.7075330723100066,149.85518167411993,1856.9522884565304
1640,48.175316884678345,5244.547297946469,5.241844422341019,9.56430814929251,3,68.0297783245429,75.66641385308627,7.115909670897526,136.9045022168906,2217.064606720315
1775,44.57030117745858,2228.309595133776,2.48513638070307,8.474661458860382,2,68.00362854928463,7.022228855491706,23.44220416715259,207.53873025509708,2230.342560253772
296,35.30816539964298,5671.392907524253,2.467207059157066,8.509335388139297,3,67.97025407736885,51.16237699258333,10.232584305981153,184.18290965992213,2219.8496939128954
1518,39.630304546132805,4784.812897474746,4.143064893577276,8.320086663165336,1,67.94333987400042,123.00484846279878,13.298586513356737,162.82324407367088,1949.0934656569925
681,31.112686356850958,4065.191433929309,8.327187990861443,8.875583610680614,3,67.93782003175323,20.870401311071156,14.019438832236617,184.6602201078429,2386.2588034452324
1619,35.6879887637775,4327.328406101748,3.0269954064571243,9.655773880269411,0,67.93326102274614,49.34851287427648,11.81887366894655,206.7461500676888,1612.3166968053936
1669,32.02098572838826,8550.05708750768,8.331341744242533,4.805219957772465,1,67.90818116065051,9.655397361530035,15.440903673430837,124.90964501185871,2934.1033934800334
2000,32.68061346605502,6281.6385746377655,2.4255119224371215,3.3688037583015316,4,67.9080854913382,22.812750294429687,7.69498721220112,149.18437818282064,1761.3745193510886
573,49.245923157187995,4238.914469330231,2.9359386514254924,8.625667744714871,0,67.89324243925962,19.583589975652934,11.530903217400496,143.27491520230882,2359.278071636721
1604,55.05557493796215,6168.966531452026,11.865274392126825,4.716322294824296,1,67.84659401989825,48.57854160900973,8.900692735502192,227.03173902909228,3055.258668866103
844,43.67657007714631,4204.241533361497,5.50286094429669,8.00738550676285,2,67.82155011251265,46.83034049346653,22.02351916952413,53.093949969501,2925.362360695947
1444,56.25015203714467,4704.007856630143,3.9856038788533774,7.831202437204222,0,67.80303139350339,5.125088915168085,15.652394725923408,150.88638311593098,2508.520320035515
790,48.60891603932747,9043.652243166582,8.890959628773048,6.09586067881639,1,67.7402337770761,22.021339485995224,8.936771773478403,162.3155929191459,2411.3883354145623
2102,28.566155368865918,3659.429349422638,1.0739901819169657,3.3053434236447776,2,67.7162584791222,35.42080893570494,14.237391078497478,94.5830710336111,1780.172418473806
829,43.15349592536075,10267.12687768086,4.791543744607134,11.570534138574535,0,67.68881000109417,30.942487305543004,16.85871785122032,247.94783425824642,2743.931857710723
1528,38.75900579086917,7409.033439645209,7.154909208925795,8.830980425241036,4,67.6737102461883,11.239293096532915,11.474268221690371,307.40116563919247,2560.012864878465
1777,55.09936148683899,9059.962602038793,3.7677198100008047,9.014231568412088,2,67.67097220890804,53.53428617442951,12.708164535280657,167.8672307643508,2575.032264418859
500,36.21173797326451,3997.808055228548,1.4536884827237861,6.724144384585173,1,67.67075581399578,54.36840600504358,8.107127817690266,145.8577245406122,1412.1672527555181
1921,21.385826475766272,4987.411024243629,4.580914427091996,8.664965278728175,1,67.64329745437384,50.45089449660975,14.473335421137778,133.67427872229956,2007.2811903885586
52,50.396675236229385,8366.932976321581,3.8978707218861306,9.041949584382554,2,67.61790355537512,137.24671197071672,13.686646747928858,131.21209631723644,2453.531077663563
491,36.72350925625315,5657.375739592901,7.500287901126237,11.631051297478834,2,67.58367152354575,11.627430890461111,14.159716609725846,188.78644751468576,2382.1582845282355
1977,40.083722482710584,4989.765878056677,7.234790936223063,3.6611502879136895,2,67.56632316835301,51.00113850463819,12.60707846094655,230.1395779414715,3062.1008035215223
1120,36.071291408929966,8571.334159608603,6.192907743663706,7.553087078126825,1,67.54971178199956,66.49368176103401,20.454939180738144,154.74278341135704,2560.157820903428
758,42.38907675782187,9532.653542019352,6.39851621394431,9.848931398754063,2,67.54642292018994,16.12022361480612,10.706285638868605,130.00632201649483,2658.0547351843234
1092,47.040590250144476,8293.399665986906,9.092753715085196,13.448463234112843,1,67.52508571453662,11.028276778462153,12.103254748180166,204.43242403222075,3111.8081516027805
2011,46.549818740220715,5252.795584188633,4.537443160999345,8.810501165071063,5,67.4658363946742,27.588794367357877,12.001839480581511,229.67931521266976,2128.6855675888255
1805,38.85358791539175,5800.1321180877885,5.094533631528912,8.873647763950668,3,67.46308644380012,26.502214923123702,19.80267200413192,156.68115591211256,2127.737049421508
282,40.685588985160045,4503.935534302297,3.712008933043671,5.254841732939598,0,67.46233599695769,35.16071437677207,12.684087821129852,206.23882621680679,2237.7816889406517
1547,37.95144324787783,6287.967808794476,2.394471237217358,7.140721164146779,1,67.45240335773943,6.456590110530611,18.884382370660717,135.9585162376434,2770.705061242305
222,40.17499159388812,4103.82815246512,7.713341856083898,8.857936937388159,5,67.44922232354953,21.688818641933217,14.271827418321614,223.5330546073105,2551.6585570798406
1990,38.609184975204165,10276.465010268585,2.557798161158457,8.762728808834538,0,67.42299936461052,25.204077763304603,12.737056385694798,153.1622050803809,2584.7357610324575
1041,56.700232111751134,10554.51126855624,3.743966260475902,7.312465065812993,2,67.40854164632422,18.557255311900555,6.448929346377889,143.10618798302636,2325.263264095102
162,33.113953761573576,5498.600657992789,4.93916575422862,10.088646655490733,2,67.37922883952169,14.364530542121493,8.31696230147972,158.2230690282221,2552.5067806476372
2121,37.934615304865275,5002.782219312948,6.233337237667979,7.405146235834754,1,67.35567929803315,28.481679102780248,22.705388536051217,201.3025279906023,3526.3704288446174
1648,46.61252779378468,6176.2811562865745,7.593727533216212,5.4894027281460716,1,67.27659474017572,48.98499561476551,6.8899171560624675,141.10035842261237,1753.2589166664238
633,44.24399407221786,9468.863035770053,3.9846621449412583,9.790540478358738,5,67.21814794420365,5.00773634566851,6.785775394463796,233.2273117223038,2328.4909301829
670,59.94150098298748,4797.94371698163,1.59011284106864,4.742946713906752,4,67.20824373228437,59.69282710418335,21.345632738283797,118.38672134998579,2172.998707144812
486,35.221610294268764,11171.683282912327,5.35029768953197,1,0,67.176882625003,64.0029272664508,14.905440698845156,237.19848274803633,2288.598321250332
31,56.863027613049006,12812.76681388325,4.9919695122588985,6.700443939429711,2,67.15056505373688,54.80892338072812,8.827641951703939,96.04756029908938,2366.758715100434
2057,48.57569972982542,6574.019835194769,6.7354747739200285,7.42836747819775,0,67.14834223614884,42.27682691837718,10.726121879001562,144.12267405043215,2373.439842564367
2046,32.522174401833865,6076.089877287853,5.871230051182066,8.741822651796564,2,67.10753091457798,40.44805167826138,22.721831431484503,140.12592977277825,3064.0473739121126
2172,39.332924629438715,4558.658512800816,0.6533430737131091,6.653120327597361,2,67.09871880602101,33.92304862535557,13.136346285173504,200.87405010075543,2224.5755442440422
1651,38.42220695055834,10082.248893825876,4.337077356469708,11.768062212140148,0,67.03449345143576,26.02702940309505,9.662670768655847,137.04699968359733,3164.1620266446344
1523,45.432730664867876,4334.930590851396,4.591030273201347,6.767536531970765,1,67.0017539249874,41.492144960842666,8.950661886627977,204.21072669749813,2445.9359310266805
1792,27.688071208335305,4565.482995018735,4.8600641152887505,10.2594981847448,2,66.99499522637748,43.07747833247954,8.384908842610852,180.693456310793,2203.5062783882245
252,41.78324658570058,4657.260672610502,5.065508247958905,2.7731060272148955,1,66.99106691087803,12.101342672232253,13.329677712728818,231.43614627035532,1246.0342787010836
1592,37.06807893920116,3575.680280461893,5.626541534724522,5.994519554320587,1,66.91440566583503,117.23992084766368,11.791472660071184,194.05756611990566,1886.1206247753698
475,49.83454436745251,1939.2993183877393,4.20690485832968,5.303400726611214,5,66.91327501711001,19.097201243157137,16.866057730627745,105.06671718295436,2294.4977028028825
1090,45.03359553118424,10537.667714012548,9.084942207489146,1,0,66.90264672078389,30.228798832037818,6.898981902984118,113.59358609541164,2209.2349646992766
458,39.4250971961184,4170.046382655637,1.871671607108611,9.02770955511263,0,66.9008303553957,21.299686664198607,21.449258175842537,251.38238224023678,2666.238385121342
1473,48.04758287080411,12017.471642479932,2.012864489325473,5.692131255731404,2,66.89922510655941,39.067183044874994,13.288411764637576,186.9299302481851,2906.5485734215845
1119,46.44636649620871,7100.20114506393,1.1986677703566848,11.863225348670133,1,66.86324840009122,22.663418372714364,20.34238619487348,146.54217008151318,2168.8348109340986
1013,31.937250543071734,5193.409587813276,2.5447036501321447,9.95319836821181,2,66.86124239613808,39.02192650383754,6.731023509095658,107.56371077524699,2105.939540629124
481,51.368478605519556,5438.807019350578,6.8432746377357265,9.486841505657734,4,66.82641765324516,27.70709997677084,11.909202696755322,235.69981888467456,2370.5374856836156
1778,37.982651116772814,4261.551671306854,2.7320776112377576,10.547567888944881,1,66.81740062235791,6.502752241933206,7.147611783695073,96.01657826067971,1909.9019679993885
1459,29.00069365574916,7284.08206983787,4.577642496006761,12.269207975872142,1,66.78664053875137,46.17943298418975,8.755442590613791,179.65822327644545,1992.9050298043933
239,44.636245662148546,7719.6652389720375,5.529871004823845,7.194523922632415,1,66.7691976152407,14.780790682444163,4.112317393324881,203.34285004469882,2456.0410932692557
2068,33.72569295192638,9733.086051979408,4.069460828069676,5.805086435469695,1,66.71996292345064,51.55320083975418,9.340258320499569,80.82928792705695,2534.5442067027734
1168,31.36436299096302,8110.897674807201,4.044118180992153,9.708094266205544,3,66.70320351398252,50.92741260398333,11.202563465865413,169.63625815283612,2410.7825097118653
388,38.31881856550234,8314.876084262361,5.7689316988593555,9.21402006477266,3,66.6761119379255,23.41416518355361,5.862228116899099,210.7835532925131,2638.8464835089653
557,45.68219397582072,6818.498148159016,6.76460338068378,11.680000929910225,1,66.66672045296468,11.722830778134192,17.134033295544086,264.30496332889527,2688.661498053515
763,49.77032246850569,6409.744197848651,3.7215583052229935,6.069974895125385,2,66.64829663519707,23.703549648398997,22.478191330289913,90.74866375873127,2738.549317884032
1548,37.41068263862678,3188.9298956182997,15.945092636573937,7.026756873718855,3,66.62324997537073,3.74133801623281,16.08154624646641,145.0366484285692,2998.1667459647656
971,36.812631443859,4338.6983325812935,11.862964947212097,6.701339123088423,0,66.57422693402665,41.130216251803965,18.496309933709515,181.30552893818157,3214.09743955397
1477,27.15443529914966,6518.359811613393,2.99624641632709,7.866975144400124,2,66.57067812038001,51.825737246366,20.489594618132287,116.47671845327656,2127.620200647531
2056,37.35075022442092,6119.123526903989,8.863250945457304,9.733191642148048,2,66.57027295931682,16.577666300464063,5.354738021121512,104.60726785625384,2861.3024716599934
2161,39.994029447669305,4193.195169879204,0.5923618172504284,3.9665289154204233,1,66.54571865392954,24.198117030276755,11.347469006359036,161.29843942906186,1819.1495497439378
440,42.12235633169277,10548.033332022533,4.003995424417288,7.360494425209086,2,66.53792038600093,33.660022136880556,12.394101195457122,147.0689043343566,2419.7714655085397
135,46.98367216483732,3070.905486854186,0.7966359213001029,4.728359576460955,2,66.52320218502288,43.009387700165874,17.291113445546454,204.75132158369837,2387.4111210194856
1148,43.0588737474587,3057.8350491684787,0.7996025663178321,12.274536862444371,2,66.51539376226975,21.572122808323883,10.983226447364881,241.55769413839292,1746.5795000590683
1661,56.05334173697519,6762.762768267517,5.6761527853215465,8.696111995994958,4,66.49945820801133,32.797433933283855,9.639207537646888,215.44379146128873,2353.8537195608124
2108,41.641102752402006,7739.271579601683,7.51165642315444,6.414053874037714,3,66.45887596363093,67.5207854143489,12.686506258185368,228.69207198656886,1948.2841028626985
1470,57.90946387727312,7012.794050227567,4.308901259596598,8.225609194851257,2,66.37795965583831,6.345187628554734,15.990698262364596,214.36809552638238,3311.0601213314826
1080,39.51031023664652,5076.09719573109,2.537459651700197,14.86861173453965,0,66.3391839809425,14.060545118224056,17.267879978328565,222.10601797466813,2753.5768292849325
624,31.76669843096752,5179.636142329588,2.6002690441754823,7.6370397572327455,0,66.33881925670542,6.748596224719311,11.52858859275234,182.31817172077965,2314.4924433117094
1892,23.489359990166818,6487.439777403519,9.760317817899645,10.093856477444456,1,66.32362602067037,16.383081419338524,7.975729446463198,234.268586629579,2800.5012283518336
669,57.16775369566831,7980.689929128332,8.30283924198319,10.889670018991016,3,66.31490181064447,10.106198680694467,18.52286679167726,291.45207046253034,3271.192803025992
1930,35.958563295840314,7122.620630627238,3.768063121909597,10.68080255044704,0,66.3127725211491,28.899790228973714,7.244258781607366,150.5248820745375,2361.911689105685
1026,42.509960838746764,9272.113387330577,5.648105515368662,8.569961240081428,1,66.30279551819942,23.00027525405418,17.933475634385967,165.33743822665355,2999.474731520222
2184,48.300421912608535,4876.9926585319645,1.950892361881318,9.723329140590053,3,66.30255114136173,44.23965017909269,11.326139802123203,158.47088215907934,870.388279052712
2150,48.589978407817775,5983.726491129637,8.16958352886428,8.414293059936181,5,66.2865730452112,14.248414960785329,19.630115557880263,205.94675229320833,3414.896239179831
1364,57.47341629857073,12255.588870725154,10.507666751135144,11.922898122543844,1,66.2789848482785,42.096871467180954,0,173.47256306694695,2920.8508275160393
1877,31.388878348467514,6810.880559175882,4.459769643652549,11.700415567644109,0,66.2785219950126,45.45962849370018,12.540932117455203,97.68788561893261,2546.779461958743
240,38.10524309693596,5401.497833312924,11.234155423040116,9.255041968858725,1,66.27740568712593,30.543862142021432,15.173878380396879,183.99092006114697,3171.4362187258876
1165,32.14970998473431,4823.360255638648,3.593821906656051,9.645623334059719,0,66.22350405694542,29.477337744764277,10.756546195864846,221.7053089249696,2150.7701357281267
902,48.23048670938766,4499.426805878541,6.236917358153662,7.972807977716801,3,66.21772737054556,23.207774894747793,33.63460370305066,193.12807524658893,3654.2214099162666
2180,30.513732340322903,10931.85547575661,9.135183572273142,7.296933535210255,3,66.21689350884778,29.911231457257134,15.079104352955731,120.70733114788166,2801.2090905513023
2114,36.98927863735687,7514.204215634953,7.142284297611875,10.308453210639998,2,66.15839406284107,41.7462293662921,19.295148339203386,141.07297189589434,3059.07019642723
1008,53.09672893166345,7270.029386403772,2.05385789183276,11.042086542802128,3,66.14086033876985,33.16206034075138,10.371961479926599,204.763211010379,1680.1312206792454
571,47.06935930929637,5843.981255714018,4.695981461215232,3.29469065534012,3,66.13065789041454,22.412738474122115,5.981254412101627,242.04161737401017,1314.2227363377774
38,33.80282782096391,3639.2438017109525,3.6979647912960774,11.231286690099264,4,66.07640284515782,30.336705511967672,10.814000086500801,165.17243405595735,2191.564796693496
1724,30.671802390161215,6574.65657435546,6.284404256690715,6.688055312667714,2,66.07097126795978,54.94515241319534,10.314829654625518,156.51530072698137,2445.999726476966
1091,64.59400317319027,4557.1529288758775,1.1789089134110737,5.465821453029749,0,66.06241988186018,9.824945857571562,15.384630666613342,163.08556757442213,2602.609960344849
778,39.84966287234404,9045.863500552961,7.7256841070479405,11.558417104631829,5,66.05922170691701,10.561910956002281,14.411468894586777,206.27488922769166,3262.9625074739674
1675,37.26790999876897,11494.968378783225,4.250207064187124,2.3188977676428895,1,66.03384568209214,31.2625524443678,16.604272838817298,152.39032346493832,2693.664364869817
1403,38.13626189282334,8120.725592332467,5.519180766371991,11.047700608341241,1,66.0229656166693,37.15193144000797,3.5586621248285546,212.6058771406771,2150.821027527566
998,29.419126442282824,7327.345067733096,7.902848998393239,7.24406414334558,2,65.98255811993872,18.600961635890208,10.450311045216012,156.71786598376934,2337.4980792284446
223,45.622495051399774,6248.002500310117,2.7226796925230126,8.853745236653351,1,65.97913670771162,22.33734927979742,8.606486226419532,259.3449888316971,2089.9280722048456
2014,64.43960576079155,7273.457325004257,5.944190903610753,8.813190752865527,4,65.94405819549316,17.409972981954425,11.81935265106216,158.25884474489794,2569.2965495355716
612,43.63113067470745,5569.865475042528,2.7256592143942973,7.703616215931262,1,65.92578462769887,22.421604032665794,16.394836282506613,230.32113145932192,1587.0352365495994
1388,27.005344350562176,6813.666286191177,4.0983280427375295,7.190609184185374,0,65.89943284828854,69.50916845953577,17.407315830578934,216.88466562086876,2672.4698609070315
1607,35.01558975992302,8450.438706405825,2.674387552517876,1.8461316318589205,1,65.8800800339206,14.419932085359783,19.94501432320354,150.52775823568732,2892.4748208001697
854,39.77535901608235,5385.923341203585,1.8929069536819698,7.137716915318118,3,65.78664528513148,16.647323113665372,11.592266514773407,141.45495119041524,1899.0199918964336
1122,41.91952254035558,7239.071394515614,1.553410358180482,6.729974811997163,2,65.74313384908467,31.2305731162981,12.412088179521659,126.1840867134047,2054.3239528533973
1429,49.534318062722214,11675.268325941552,3.8507016839606445,5.920976755799854,2,65.73712618985931,59.04715751389112,13.087710786085951,147.31819180872856,2199.7377721520957
258,42.36971315602735,4250.121131116071,8.741465045239387,4.600259642944772,3,65.73166859139643,53.3805500579963,3.1658274461345695,77.15242839144196,1528.5926253170248
194,41.506882272367726,5800.930209449024,5.809108376879225,4.8802806959736325,6,65.70451359963722,14.665786682139245,11.931480879745893,125.7235835165528,2341.614569458567
2044,56.37536346039581,3736.6525143954714,2.200105728416761,6.625380123515463,0,65.68928432597329,27.40127856449665,20.023936577119507,139.9207715486489,2604.8137927944545
520,41.77981266965982,3810.421921237159,3.133831902645062,8.300947826476126,1,65.68623906768937,27.47387943858373,8.552024291099123,261.516759734673,2219.069962618186
1400,50.43837315219313,6234.821117065376,8.003400873407353,10.717446155850103,2,65.61284548795007,35.34322439837392,17.569831777215462,174.58108461414147,2652.058100030064
1244,47.492515251891675,4342.075335803641,4.37258630088139,4.642240607887087,2,65.61254186457849,84.79805080559056,6.103387673642683,246.10394874899467,2076.3592356797208
1626,47.776730190332984,7364.938567072375,5.0916895445780925,7.1297322601954916,2,65.60312287171705,3.2347936262087185,17.696468669339048,185.66846949642576,2452.6358960018015
699,61.558176844880165,5385.869539097361,4.508526234450387,10.33733055637001,0,65.58338546879264,29.436078985554296,16.732138982319277,263.9542270353908,3301.0167348900873
927,44.61843317028015,3137.112755279723,3.217925211903447,9.8148428667091,7,65.54079283155474,12.224526345679939,18.655184781948222,191.05447810397797,2316.8643219535156
400,48.18529829198751,6498.487042368091,2.6243984352436867,9.73758570781337,1,65.46689741203203,55.433112495589526,11.546065490789953,226.292241688297,2391.513780300638
1432,29.20269785495251,8535.470987558663,2.379958285460726,9.678133511551959,1,65.44103759704129,25.727794643216846,7.6655493218197766,180.93031010452313,2039.1660794195777
3,31.97787200421846,6302.476439229697,5.142774275271631,11.842788605837175,0,65.40894409992663,56.60235217873343,18.180671180729398,226.9475440896614,2600.355071534015
1841,48.750479772899,2139.793015092561,2.3469348371814633,12.84326645291743,2,65.39720897026692,9.98098635802636,14.796420763009753,209.81989752752372,2643.3057220782753
757,22.823703545219026,5760.291051738492,7.28025775062856,9.659495442787717,2,65.36215680516166,30.715378512218564,14.516430740372781,181.14196976240677,2179.2925183052375
272,53.396857456322685,8151.056966639479,5.976347282905451,7.270786934542598,0,65.34500607288649,23.89611432656649,6.07477517876243,245.59574045593322,1982.5612959588084
221,39.06751700001933,3312.283887322789,8.885362450897762,5.53486962150812,0,65.32732213750737,63.511543966064096,13.695836814049828,144.7637595517735,2080.973732634862
1298,55.22780324412692,6036.916971314497,5.047622731375664,7.6561065756522995,0,65.32121420111532,46.94644311082304,1.1385339750831296,269.35280501096736,2075.5964400214466
1394,43.82704347386231,7650.758017680565,12.413953230012018,7.399439846785469,2,65.29675489277291,25.897372253126623,7.8316872407385585,151.56718832123784,2699.6187813899696
1341,42.089075924837445,16703.662130956174,2.411624431598971,7.086745279407883,0,65.20565333442082,33.68955969381071,10.29998514557456,159.19623586070009,2619.885356414266
110,52.670644492283635,2814.626247282981,8.18667195065448,6.711956524181211,4,65.18837565976342,39.60968015189346,15.72472959040503,124.03707246127354,2277.0977883743394
1566,38.31084803159186,3273.105843715567,11.501930076359177,2.759167594469398,3,65.18529273962535,17.707877091353325,8.393468620294085,179.90372228687798,2224.713731236502
2175,49.40039044983285,3597.9543109223073,2.1906643105682226,4.996572726587446,0,65.12936521250155,7.343533282076109,16.78979011415948,186.63517695700241,3068.9843931650707
354,45.42572311180071,1723.9110857037142,3.8315851601387627,9.560662195465174,2,65.11934371494861,48.255226458902875,13.666088740786863,233.4690016832655,2185.73129387692
772,38.41055198981631,3239.82330150129,6.523648328260219,13.739419616406813,2,65.11904679878671,15.539564472593849,14.06643065488836,296.17255308289003,2461.2287300471435
1045,50.44194129618875,11182.452855091404,3.747476486832935,4.853065144483415,1,65.10135143160925,17.44111922864808,2.0692815921647743,237.90521100192743,2427.447704976375
1637,57.07311429789634,3834.7082425925387,11.291276028362683,3.285688358677974,1,65.08733562292664,68.54570478875132,8.3930131820813,249.14168295893842,2245.611748367693
2049,32.2555266198122,5117.523670266616,4.0338385464375985,11.789114927379764,0,65.00162182260473,13.504059984799069,24.0436792483248,161.47621822991735,3349.208560803864
132,25.520400771431444,3468.1979385168456,8.425791094738571,9.075645438710211,0,64.96274161116716,16.968385254154434,16.166275785776673,81.97912032078187,2377.4361417986784
1326,56.420321848750845,6997.283323768347,11.644856652844402,5.440982801719725,0,64.89248936817674,17.13128532681901,12.95934713344714,173.69206099468084,3235.741824100409
629,43.45153031462163,6756.827074586829,3.092472719849426,12.56979538851008,3,64.8556077034814,38.110922148780006,10.6617682056134,161.8167203789418,2510.2936045700662
1746,37.41662803456327,3997.3496231598306,1.2050353918675256,7.530864866664774,2,64.83034320948758,21.945798658655267,14.13499493148911,133.77548852417652,1721.8765715045274
1543,59.503881667802226,12875.703551071028,4.384650411897729,5.884011521877513,1,64.82693017495285,17.56346232547437,23.02944270002211,98.38561253829792,3959.1447628813185
1811,34.728149371639944,7033.575278715965,8.643494238263843,7.569998293833264,1,64.78531535026451,41.49155300398963,10.49367030525265,137.15934986429437,2628.3179747546133
2085,47.83065115348242,4620.498114177499,2.1795439731724677,11.066907046076981,1,64.76659132263812,31.406411829342577,4.284549430558242,144.52726185360947,1571.776835816379
1433,57.74371237219016,19471.538997806354,4.678787838147856,8.697196887242633,0,64.75412149323563,34.28462119006271,5.365560011490427,236.00046464517757,3639.020992954841
649,53.032965904957976,8121.703870928115,6.158356175115858,12.485884007567066,1,64.73384697088063,22.378767926309177,9.356296908207232,178.0573316570616,2311.72654407421
2119,37.568928617781,6804.852099752122,7.474155105494256,7.601656284391634,1,64.68743997860385,37.839903899127506,14.961818918971911,234.84126063878983,2613.2878619619
1154,56.935553053343995,12672.257934641599,5.237735055471804,5.098281607367139,1,64.68618391912365,21.788850089150653,20.89639264119081,156.11881536755766,4023.3414437718307
1028,60.957518326321285,3511.241299809268,6.059167324451924,12.957616359887162,2,64.65874560457921,16.7234161515249,8.98780858508028,186.31512210991593,1965.488044055701
628,44.36345877784271,2875.3092719920096,2.1192102930873773,1,1,64.64728651411696,11.029977441621734,14.09281404493916,245.42522548547436,997.3059444941647
348,27.71748473141865,10159.393771965648,3.6108165026155277,13.174245113224202,5,64.61930923995561,10.675983134670192,14.228659421815001,213.51363242467912,2857.169756453559
1458,37.25724830713919,3119.7005839591206,1.204032339658305,8.835921568124558,6,64.51064578537118,12.277847888978254,8.203212441501538,181.4647171969038,1922.7524243357195
884,49.96922995181734,3882.2069396002785,5.422847966227607,6.888380337249618,1,64.50510451135685,18.862717841870193,11.53895724574959,182.5812944334791,2925.1329638997818
273,35.33796273175834,4819.457817122937,1.6738580577595235,9.402263202060297,3,64.50171405087143,15.928313102328307,16.789951841226625,262.4159631581826,2820.5362371102356
607,33.26611629384889,12561.701837661385,1.7535160482639631,7.333383424487341,1,64.44790214381766,36.19390908628674,16.818568963547655,102.71880722839224,2456.6803756497484
711,50.07962002439479,4472.396770865607,8.162791816196574,10.530113103902554,2,64.43492802911044,18.64066469390282,3.448655060639206,290.53679277489084,2221.0074808177196
1245,38.35701566542636,3612.434250755972,1.826679540228551,6.726890406957031,3,64.42452318371781,41.71565573215285,11.021455463989351,189.6202339866251,1730.5548059365274
168,55.92537942563459,7228.933385631744,0.9312477978795344,9.03761710283886,0,64.36172809045463,49.62633779673529,17.18815577451063,66.15199063752907,2371.2983043941067
660,37.510803621543516,3196.9546852190065,6.251391693940843,6.200016839899086,2,64.34041799437816,19.784747229728914,20.934081503556826,83.46501493192245,2906.643101492579
336,53.862796840495484,5880.687126949357,7.042212611791852,3.8957765367354202,1,64.33349821799192,17.65171701930726,10.298558948755632,206.34484096906635,1986.1466118785029
498,39.62668814317397,23632.93375737826,5.851350694424245,1.633438356465522,1,64.30972783273359,32.06631683380097,2.9682500573287136,243.56060165627147,3099.449990370219
2035,33.38717715149787,8768.773867900047,1.342815458392975,6.511276644719756,2,64.30201883175954,15.18136992326777,10.080852089473286,125.77390741614451,2244.9669633370763
1632,57.70777746019298,2160.5089505874203,4.815623528192579,5.564435653150302,2,64.29924891617112,43.80379866723128,12.835635858678858,184.5696342267701,2102.682817748663
1715,32.39630946058723,5662.254472686332,11.227275457662074,12.931335283434489,4,64.28598065435742,63.414434079112496,13.543839498947822,195.96410208422793,2773.8284296263014
515,36.74245196175677,4351.43955496973,10.811040720064081,2.9600216978372087,2,64.27852566461205,10.408640186775195,12.675530653692864,191.63556223598988,2891.3956094244654
384,29.72472755549491,9223.7013226982,4.7453229953069025,5.940807927507846,3,64.22977085989135,38.84376924600457,10.933742445853547,222.7349366736255,2823.6758774536906
1496,51.790489533111554,6637.277021768185,2.7265202127421047,11.147246108504792,2,64.21536962053634,92.13644810966989,16.82379080727574,171.2283652208779,2075.521587484968
378,41.288299102955236,5947.148054393541,8.418440926244944,5.742790878309437,0,64.1874821621483,47.177059929524205,19.60536504644231,234.9529170127467,3177.8758121748283
302,15.367043568718916,9742.75062004068,5.125229245944046,11.26012286619648,2,64.16475839219288,12.411562409868065,6.21416216551677,218.73779674383218,2096.1262751971185
130,38.512674182311834,4117.301625303455,2.03409674368794,12.938476246329328,3,64.15379512138006,10.407110287110346,10.326439923799946,116.95736832133014,1994.1312645825933
1462,37.80018719185104,23468.80273541814,7.37840398751857,12.105882955409168,2,64.145551913704,70.43139655545778,20.56989736483296,285.55537616461663,4435.05669635878
1020,45.167724930855634,4622.710272158152,10.282236213886149,4.603983131761267,3,64.12274261184479,28.933003584010017,19.578359069197973,156.74212344331704,2613.000515386899
45,53.98050902304698,3609.2984655608557,2.5633771210670377,6.46224460841718,1,64.11260407825935,39.19361702183567,2.98373728041002,181.44306853327595,1803.7175272888228
1240,51.6833764730182,4883.669476852037,6.617570753621994,7.085836457022721,2,64.1042451773901,21.489853107176156,13.463506794429005,179.58408617170403,2684.673863461066
1395,57.18694210384422,7611.55625833323,4.871089459635403,10.998665218425602,3,64.05989545158236,50.15139757972857,5.433894364689598,102.56063272971477,2259.304668781921
1917,35.715193363453565,7778.82245688507,7.41656750225338,6.49995943924911,2,64.02840173615931,31.426378730217966,16.6776619371554,76.80771171951397,2585.083107291639
1167,42.345474663378276,9081.502945209582,3.265889833504008,5.399719251928949,1,63.996075961907714,25.45006338202795,17.39492935669782,120.43052888094505,2895.2281685727726
877,38.54250827843003,12677.020570589226,7.565189891043534,11.337343589798536,3,63.994063084438714,45.850690674425366,18.507252606079874,178.17615250293719,3159.5652734948385
1981,47.93873485974156,7312.680986268994,9.020922681142194,8.68204994017333,4,63.97408474458547,20.505455997315277,14.70651288722701,177.57937109507137,3349.698199238707
1654,46.97223799362649,6965.143385513689,6.979867312550286,8.024591012929463,1,63.973806936920056,58.37708343514589,7.490034265972597,53.20584706035564,2350.3655643867614
416,49.13630827672252,6537.93588447087,2.793712187332813,8.793731733891493,3,63.95182590531231,36.80314926567979,8.485519603100084,182.32823086783011,1819.288853464302
1773,36.4163495201683,9771.601203071174,1.6126377388647233,8.61804874682646,1,63.89902144497095,22.23905761810825,11.229679200431526,274.58655582573675,2656.8650211908507
1729,52.48076725426844,4463.862824089028,4.637209649283529,7.314991060189784,2,63.85999753302711,11.772049025285561,15.944176663249639,241.03044465820307,2414.1602775363745
791,60.77543716584063,5492.617171610675,7.1201346778029615,11.966971024028485,4,63.83135670203055,38.368177012587886,13.869399066244517,98.32509610167554,2725.2183913257004
936,54.832013763219294,4021.3102359511354,2.327794598670283,2.0842890684470188,3,63.79447158712198,73.83030159300772,0.46339220636662226,158.75644590591136,1511.967038583314
514,29.92087411601741,4058.4579080797316,1.1071867979815608,12.824617782337043,3,63.7610343676956,15.075018229956694,15.89713611260035,221.0822482794793,1791.7289117787764
600,45.66962535142003,3586.80920194597,3.993394216799566,10.6613792164267,1,63.754727080029895,20.682043555440597,17.37663154714781,276.4787473061458,2592.481455992885
664,45.614427756760065,7279.837172823562,7.139316361752646,10.218725324626764,3,63.722412063308134,40.753725253345884,14.719469478061368,183.0446435551082,2760.203371802269
1549,54.67570727416734,4872.185185513295,3.3728334829513518,6.637229731055721,5,63.707626699392335,24.641996951819237,12.929549974696345,215.81689552958278,2932.754185720584
752,33.906969121703625,2766.634432495705,7.378080423166113,9.401828805515443,2,63.671262204067304,73.29575459169459,11.612905587538,229.87181445188142,2564.9650107478983
1980,51.56257969570877,3978.5903747402394,2.5023077990346407,6.4054152527199975,4,63.64567732329349,23.518367273066147,10.796245661311788,180.52751056507094,1521.5941036252223
1924,65.8713655722393,9781.450264000501,4.282515707473046,10.129455869783788,3,63.64275037027607,61.01752823445591,9.062919672402,117.34819602619419,2476.0521152313268
1036,50.24142986602011,3813.0189077775844,2.8356123836579656,7.19066010578381,0,63.63612694091121,19.37753719893868,12.412069668903666,166.41361120233313,2341.659569410438
483,58.7304910673017,6368.614361189158,3.625213320677958,9.362838361563554,0,63.56808824769007,10.182294272010248,11.964730423915833,283.9976656785193,2689.102381755613
1744,53.91501206329694,7092.46621913124,3.3028236351215603,12.985495397429556,2,63.55673584968491,16.95460140713606,15.980442406036222,310.02847375189276,2186.27664095086
1842,21.33236342665029,3857.7823597324223,9.956449443660087,7.392462393971547,2,63.49706145866483,8.084055647543313,11.638078224711562,242.04840301224013,2266.850752356395
86,47.118188629381734,6941.893686744861,4.14444903686262,10.577756342228193,3,63.47787165449573,32.376903600249534,16.43824049381775,162.92008468248378,1786.5412853142188
1588,31.03552173014329,4240.891815659926,6.073794713406949,7.416083623402894,1,63.38531745679931,28.89805356930099,6.162761896414473,112.30968721718624,2431.20160870134
1486,40.23912034014179,4484.977907997041,6.023962211765946,10.785728349689286,1,63.38074006372471,29.60418247073136,18.38784603815059,146.62617164472525,2449.3294895477425
1599,43.11336902332979,6271.053768708869,5.799733710838557,9.703698581384465,2,63.35510343051559,26.15171771837824,8.951594250841131,94.9208819821498,2804.0028990253086
759,39.817820631415444,12459.997121396975,1.991331625874263,13.55956749850454,1,63.308202753889645,39.06556677233692,20.613501318261424,90.25520789405788,2739.9230376168857
1125,38.43350025082289,4935.372170123822,2.845033558275723,9.668112324039242,1,63.28421380851981,29.255386407086718,6.098407934301934,120.11531719196859,1958.0335995511718
932,66.61743498485714,13043.829920559469,7.992242876094885,8.607675187134435,0,63.223854679270616,27.665966796186567,10.663980982857739,201.29459011132212,3298.2288413658775
550,26.293830037953526,4370.067385249613,4.027125431043148,1,3,63.20105795999687,36.377167150777495,19.76104543116575,241.5936497526993,1576.794116633858
608,39.94979331443432,5631.978371909439,1.8751532507907704,6.9709741429511585,3,63.15679893873541,54.35693768101271,10.179911130321358,189.18050553837455,1220.0605132323506
1289,48.513398662687166,11216.483177349528,2.0587080430176052,12.208103869197496,1,63.127436525862954,26.760500364793195,1.8573366268879443,175.24417858765523,2694.970838839765
497,50.756556792349606,5111.574028686428,5.9711126042451665,8.206958210949503,0,63.104161014989835,73.31765838512034,12.258514163675626,125.75120917321907,2165.5031922145104
1226,35.70276620951965,9668.445100413315,9.918128749338923,11.634772636382529,1,63.06743391485706,19.36661740745016,13.95947356131142,202.73188185796542,3492.130519000578
666,46.68230193900441,7622.03913947869,2.1832704763003665,10.92135646231294,0,63.01953401343716,102.93321864758092,11.14032801122806,161.70467719221,1912.4709468919552
1630,42.54855728401621,4111.674908994084,6.644137994504606,8.434694911288217,0,62.99969187505729,20.061911970303854,0,162.25085780435296,2217.946225390585
1657,33.91007948836116,5203.640484335357,6.771700219702178,2.5537129119567403,4,62.99033989438049,70.92622866503463,10.213588685680415,110.48755766488489,1657.8016144121211
726,55.766067800986875,10799.01233027487,4.172517859196228,8.816741244882607,5,62.984549832503426,28.710030345207137,19.34066348669497,113.59115517662636,2519.0237537911325
747,39.318750583711896,4822.000572456364,5.638651492164068,9.356023391350648,2,62.784553583618354,12.2090697361653,0,219.5929932078113,2657.716891053858
696,39.64918742657966,5050.364704266575,4.836788173502099,9.363488548721953,1,62.77484490789761,18.069456326674732,14.369413233711851,182.71110076468605,2820.067916533435
173,46.98388082156539,7589.90359482055,3.4966190036286906,10.948169585328571,0,62.76711922351975,33.12937385713302,12.577870957044247,102.17278975758009,2262.785281698978
947,45.15513957161344,8338.308297303176,11.82502504407695,10.72454666951498,2,62.747735464762954,35.54744525099471,12.446120855518073,56.20527856600431,3290.6776385206085
243,32.939344257715334,7653.210659036239,11.842363344931874,5.8657357461505395,0,62.71467641947576,30.49195726100798,6.440411866056838,140.23183030826493,2911.6240273075587
1040,31.14309508754708,6712.2089457611955,9.637142945440688,8.655119398260927,6,62.621492133328715,35.68759391011413,6.912991165290427,201.21818953807585,2727.7852609132915
787,30.231276950606173,6217.441871660999,9.565192172509283,13.53970776890423,1,62.55083578580898,9.466977762679663,18.036785127420686,209.57580533540659,3108.4055392899922
2074,34.60781378577249,5644.888656674498,0.5461454508608512,6.286119086395745,1,62.54274599657899,22.614874004894034,5.716172029456329,138.0992542933654,1874.1962169894246
1871,39.84648366681826,12859.13226883045,7.160390122482188,8.44032185828856,2,62.530927893760804,27.56402012525728,5.842756446142388,225.92726985164464,2713.9049417784167
1343,27.682429137783483,7019.967777977733,10.408083358508676,4.011132659623903,2,62.51461962430859,38.87510101448218,21.6374317441607,140.74134684267224,3214.502965727699
134,46.63551997753394,5652.275464868936,13.469743335912318,8.621060384839453,1,62.48110652708036,13.013114094108365,9.400118787851437,153.82290681384964,2326.6976316681366
1893,24.011401552959473,4785.462840486689,2.842730093721196,9.900657178310972,2,62.45299613161123,11.099728031272193,15.408340283731409,159.72857506169674,2312.4869784799716
1449,58.17631113147075,6784.344035891995,4.698068985544031,3.7637009252478997,3,62.409501792019206,33.35467282791457,4.202913545344185,211.45016323148377,1829.828449704664
794,54.165915026407575,7643.9452282772245,5.6762904901188405,11.056778633501885,3,62.39432255609434,18.47822120035797,8.429989305178294,242.3913036754828,2910.2522077289213
738,46.99733636313787,5784.094019940832,5.063536011618383,9.267706448547452,1,62.30665450612537,47.38038892489972,12.023934891644066,45.93039413295065,2756.683421904576
16,39.490733001127964,7934.172090902833,6.750663731071672,5.216764393552166,5,62.29677309913173,20.867061976339794,10.088049307396545,186.48782128969654,2249.888220277424
1499,32.510626494222336,11856.334384974047,4.371713014563561,6.112606847174019,1,62.273157541760746,43.87185093993924,13.299186507468896,182.6020925075722,3010.6084222531977
1209,31.547910034363866,6436.697103049831,4.199625702687147,1.6504572426118544,2,62.26522529413621,12.080302814437726,15.39816561231239,304.5509578898154,1694.0888169631025
250,8.980993739217276,7022.790317063672,10.610122961319602,9.150685822753474,1,62.26469992938091,20.46057992461843,5.700407384268404,206.66197887888234,2972.7517111627485
2018,49.81340067163236,4943.935905394773,1.7726763251458673,7.360710515377755,2,62.20373606581554,42.31532108737363,7.305718848804198,211.43145132771693,2360.6321023105174
1813,55.22230012367522,4050.0115881619536,5.675736117980206,3.805271573701974,1,62.147963062553615,12.623258063009832,9.490569625311323,131.23129021895494,2098.115273864504
62,53.541951837743916,5304.9541121672655,3.4589293950942133,5.603671344310936,6,62.09412049477208,14.319117637863663,11.504616672419083,50.689502995966365,2052.289897998955
1572,41.224123614703174,6954.07631323565,2.9458341114148126,6.016688849318839,4,62.08630273771056,21.512545227218244,10.363425802620425,246.06530242045045,2581.6168208724303
1606,47.32335159031862,3156.848536264264,5.9851729805687475,6.226091684954687,2,62.08264875747598,57.75625494576729,14.161638955393324,145.77727195453883,2667.511921242381
869,49.3328049185912,5343.006575782809,3.4541862243758796,10.819147060409732,3,62.07917529252924,14.595357407883682,16.009750650067886,138.02026339298078,2315.46145740232
999,50.47552435241374,7869.6952500753205,19.738309385210606,5.124683860799031,2,62.04318672643129,137.72971350393397,8.77665686426359,213.82803271906,2572.831830879402
621,25.879437782032085,6023.1511060120865,3.8592695671270016,7.3576669328682645,2,61.97155820047065,18.737339532660016,7.159874445093166,208.08150154134847,2300.499370752229
509,14.09926994557194,7879.684780755106,5.27609736153753,10.166675464770085,1,61.94243978263323,16.913346714677218,19.633460518746467,187.30940997398474,3143.4229927790525
1532,31.071654717129398,4973.4901255328505,4.6799634229179405,5.5207611713407925,4,61.941384594338125,45.85421991143811,12.968680233647692,121.7401713716325,2078.1542609119524
516,34.604418398373966,8697.839270090955,1.071009034593064,9.467023864906784,3,61.9313348901038,46.20754522604851,13.220427829914325,173.5803339264096,2061.4123361263332
40,32.52285231034409,6033.764050511387,8.540630182660397,8.625656316847628,0,61.93080644936535,25.319862256044008,10.519066591727384,153.71652622323867,2924.3156169887147
616,48.46709740504984,6057.885008855923,3.4897141586049103,7.190596641582175,3,61.87930271384295,11.491441381770695,16.430954353646626,209.63839970739568,2426.0711974916335
677,57.548767869810746,4305.189301700445,3.0352100703376013,7.761289611896637,3,61.87145575707317,10.013448165952203,8.28553342345781,202.68090397109827,1840.284838201167
1163,44.3360318078674,3299.963784163294,6.313772224719904,9.851628600935811,1,61.85728321191439,15.395791773518617,9.503129779038527,308.5876086055089,2238.561931410976
219,57.10580655804522,3703.815571526664,9.47153050888309,6.657521900728655,0,61.84063035476084,35.75949622492257,11.741297407595852,89.90078360407472,1999.2673784483381
933,59.95969544013161,2307.9814714239087,3.55078105232077,6.240449631955588,2,61.83361017203705,40.57333165770046,8.148765868984327,287.70678767810836,2466.9814056234886
914,35.32116205241588,2962.392499438372,1.2666115889247744,7.307723154872706,1,61.7677390736604,53.139045318151574,15.872589320376651,186.7665926994819,1974.4022191799772
36,53.86718405685935,4221.471907204107,10.817689111368185,10.762389432779823,0,61.70756531047603,15.769540604587451,8.521121590339819,123.21105995131438,2608.6699172497665
2055,49.38492672442939,6757.479381619513,4.2048311769356195,13.539563434684347,0,61.64468127083782,57.77958988145626,15.083785735369824,139.80048217139722,2463.761768241695
291,36.828743186542376,6818.631131102041,6.410966374841722,8.445120435318506,2,61.59352625428562,21.70238419899892,8.211445589320146,114.93547801106357,2550.3675887171744
1007,23.70262846422432,11263.240429602942,8.393771517530292,7.03273982518903,4,61.590293731328174,69.17567806810845,4.48640197950175,187.62128144960627,2396.88025701034
352,19.648734909519263,8586.703371669892,4.370042194330064,9.171579496901046,3,61.57766148802193,25.655081449619484,13.01903503096537,135.30706724607535,2299.19470774866
149,47.1817400233433,7333.8284148791545,4.428670143658478,5.92230046016201,1,61.54087694314382,41.823708619525064,6.7368577698618,152.6547527611978,2207.232617702618
2132,30.695003440178596,4598.573272602813,4.933977250494726,10.62486276894274,2,61.53920255919667,30.573743293147924,7.641360087106061,104.97031744071855,1815.0550026381532
577,35.2724461078297,4860.979489572178,2.717247117998444,11.974782825515057,2,61.479874091733166,68.6573678778995,5.883463866892085,229.09333413238193,1404.1410248721647
1899,48.32134624529476,5947.999354657821,8.146185656342027,10.496804130523639,4,61.41147647521462,32.93707955139526,9.990629497332108,219.01880462447912,2033.4651889367615
213,36.226336410437554,6329.322182685655,2.7495748814602665,7.283043238460317,1,61.398490607091105,24.143754043341993,11.601292816646895,160.44521993776112,1982.2098420785937
1873,46.7592176783766,5566.887184950604,5.930615556294065,7.864097620435873,1,61.37858337768645,51.579322557527036,14.194317758399112,152.32384427504599,2267.837358049106
113,43.741267409397075,5442.853948360619,3.2204005369646316,8.796317842312574,2,61.35522317247428,13.127985931456902,12.476664745853517,129.92568735324704,2620.6130454852787
22,48.04109543656336,6151.990296174232,7.702646136165932,9.286087470892998,2,61.35373225314016,47.12795001505989,12.129433383793952,163.7945197391771,2495.3196510743473
1448,46.29938323340414,9891.428401030722,2.6636412400908998,7.98695120196796,3,61.34358033685078,93.15831625378533,12.279321781417794,128.45096602571624,2352.887603275913
453,23.381832590712307,5973.802419065621,8.00996369255821,8.751830828473192,2,61.34049661956277,13.533932673309806,13.431857238045843,149.1169248144814,2652.5258767861856
347,48.84524836664214,5051.067194699252,4.9955279755207735,5.337110347881737,1,61.33972744738171,13.453529164120138,7.52967553281431,145.51777558800347,2326.594550186151
1097,64.09563004318802,6325.830559707636,9.142601569511603,9.316943586401077,1,61.32489469271769,91.02351176180849,10.225162185290468,194.23159521505764,1722.9629542635782
737,49.43734128830082,7219.9671353774265,5.327208253342818,12.706830477048122,3,61.31669818590311,46.249992393474926,10.337349670274516,178.66029799238223,1797.0093528416462
551,60.084399469013746,9499.866619082026,3.7076607560826784,6.768669826997138,4,61.278340240101706,12.540414727072923,11.228483977342963,182.17991717220085,2538.4293617793674
1490,40.038787758119625,4990.283689708284,8.3240555681449,10.250554595643875,1,61.27001678700707,17.0285930930971,19.926769692717865,156.13272881717677,2923.9209366458513
1143,52.426348286024606,8090.512641635093,2.3084996301538374,10.242370871726505,4,61.25728534082111,13.307413127028234,10.43953887696731,151.79069003401924,2755.3334575543413
1519,29.95823968825126,6697.425376660845,1.9935286886694363,12.945460665449815,3,61.246037262748445,43.63633662876801,10.357150972605538,234.67158719694547,2176.0159863012373
1944,36.823702653879884,7712.612607411116,2.6721210577101924,5.365360783544345,5,61.23145284066792,34.24859503195508,14.141931045862412,231.44404447643146,2353.3004532334717
558,49.43847991042853,5701.157129810923,6.439097391893831,15.037734748262771,2,61.23039149780484,23.857389936305765,8.76611399183478,123.01447389179373,2190.207884122427
1452,28.91546959227702,6468.564371892549,4.477610447898401,8.580540569093548,1,61.21882770325486,40.38101923840965,14.515470518990782,161.59407588874205,3110.0839406816413
1794,21.50234536679827,6644.334680116728,9.005070475569221,4.460957555711205,1,61.20824121220819,25.055739503903,11.033157618443447,200.81932332372253,2589.647243911488
1507,20.046169997808455,5684.344169024337,5.299797916809429,14.00368416052972,2,61.19269468641352,40.27343883234612,14.582513100342961,216.20412645898577,2984.8435911565234
525,24.425061103383342,3283.1935756621083,5.506980747305875,12.46108854303267,0,61.1794618025294,47.200908106955715,16.904034111501296,281.27507172934395,2967.4666897885
1077,64.4835266833387,7313.962690733824,12.732221023222605,7.499898818608417,3,61.15918086453696,9.59675099124178,18.100928692183533,193.89021728372126,3557.011970621581
872,72.28934937240672,10091.760268185113,1.3395436086520822,8.585984495097811,0,61.15035722042646,28.67385747827762,19.308152513429995,289.6210107709094,2631.1503115766
1691,44.02066518236078,2958.347350297313,0.6147429113786298,12.119531251787556,0,61.13858021100618,6.51865826723775,9.591834852033955,118.29106584330219,1736.1417958893715
953,28.056342043984223,8565.837782270733,2.7852194181656706,9.212929884992482,2,61.09409502470853,66.30001550152053,16.751085419240948,206.67806823239707,2946.463695433048
383,39.415749470832495,6003.808106893085,3.761260334721683,11.025149706805307,2,61.087198915272964,34.17555417833539,4.202127340072683,218.32189777746703,1962.3671679327995
1399,38.15848870534421,8126.845764958888,4.506969609603207,7.425528407437373,2,61.08531568920357,23.615382932232542,7.5386193916084645,143.02792122075533,2480.278020406213
1885,43.756880228350944,3232.999626833726,2.1658198008410388,2.947665473047981,3,61.067840456006316,40.16382621763574,7.65861107098265,144.6920884251041,1243.4385199706583
749,48.97817619945326,6402.965853000736,3.5952221780319675,5.6322413182363515,2,61.0606644724772,41.03659871824148,18.049217398446327,163.59855760941056,1593.8385335656417
2002,36.12017620330376,3617.098834098256,3.0558677223616595,12.044233500162072,1,61.04921730257503,32.32677841120969,16.814165527296296,117.52361552571165,2377.175121621453
495,33.909437215926594,6219.600828630749,4.98938242177626,14.679220696919367,3,61.02928158060917,30.789177201373256,19.53279506165544,228.9429998728658,2735.352479641608
1315,55.597583700018276,3483.883649922531,2.6887645366875974,13.268222966446224,2,61.011191202523065,74.13482134442694,15.84766783012325,201.19505874090356,2377.9049575913114
2045,47.836194354448125,7470.522937677895,8.681032851424611,5.715630368937878,2,60.99853048984891,74.37934256206559,9.72617490573353,140.51125055568295,2369.3053786026494
1652,31.65725125368331,7625.309496536038,3.4080963927919488,7.912998162033751,0,60.993609770295556,10.191489414358506,12.4986815628439,187.48420933911123,2441.733297833725
200,44.79609744213423,5973.95785083084,1.1530708985758003,10.411509267876092,0,60.992066301414305,13.043214937392747,2.3683605268012364,226.57729611396016,2392.7219176301855
1024,41.40362995470348,3103.429927294271,3.174747818191832,12.01874876994059,2,60.95049823757244,31.38637806259095,18.208507810922793,176.33577111813446,2570.1854826127746
2112,59.84765551895059,17097.03392080274,8.344685754676007,14.10245198017424,1,60.930484667729054,43.442109886519816,10.93241646854251,286.55818441278996,2940.1984506116105
1173,30.87265047483784,5911.631827556804,5.695826510776387,12.829971181808169,0,60.91087887367252,22.74040447165874,13.555967925720703,267.59237413494805,2871.0435120882585
1232,33.76394014802615,3960.3324990588326,5.331413299847475,6.048904467884409,2,60.91060940155386,83.12512664449369,4.996695987972765,173.54510615810165,2082.5166057557326
1864,67.87381426794401,2690.8110719825304,7.972107295955068,9.201382389053224,1,60.871050863787545,3.323679690292528,15.615767868948563,158.737777758456,2562.0637499629884
1579,35.43298065626847,5447.18418355308,4.1183866954303125,7.649872193345234,2,60.86098490437654,30.464555978678074,15.178944645061936,109.05447550836422,2745.504423355443
1742,22.286075467520277,3237.4186502170423,2.9651474611519375,10.604998451990696,2,60.838927680189904,11.718672817985706,18.898633896801265,175.39694473508698,2872.118137443544
2007,24.746413781586455,3690.112021196807,3.7101757243984403,6.38641637999104,2,60.8290411920234,14.605409815224299,6.360647463693769,248.81585816635652,1641.9947354227977
1021,37.88587681385698,5671.130984478173,0.8563183882679658,11.752895351255397,4,60.80672119006342,9.831518541867485,5.843041006929967,161.66640113136418,1832.827324159505
306,61.31806874893653,5847.291488714473,1.2354433153248414,5.08490700543122,2,60.743407168822536,38.9194058115317,6.755686500378017,209.69173985425044,1801.0883255091906
1301,28.648181452996653,8951.916488293464,4.129130299180359,12.91984067847364,3,60.706862980884566,29.95457752876758,9.869589532563785,272.9221464032297,2607.144366269867
493,35.43038569241027,4786.488448697274,1.3752851201468983,9.601523049724808,1,60.628872547338595,69.94762048112968,8.723950887498269,65.7425541994547,1995.435554648489
1057,35.76913923203525,14294.537833561923,2.3918173738546837,7.42136612032972,2,60.610748144439675,19.395255884813057,11.92432836607732,133.73925516496143,3173.917543465204
1199,38.87213001734986,9969.953781412189,7.223273172387187,5.0321868016957625,5,60.589905518857634,62.82776229260759,21.66272974293779,169.24086758278463,3329.5524518737566
1647,79.79520377582972,3446.543183623733,2.7254779908745936,7.488059067738751,2,60.569764776031974,32.35299663285348,18.764954534701147,130.26577912531195,2549.4854364356056
1389,38.153021707559496,3860.738920552258,3.6045111600439306,10.384780963175043,2,60.558535244164126,19.669528246812234,4.146687012121792,283.087428033145,2532.0500178832194
734,49.092077206599505,6392.86153279566,3.990325274145562,9.050090978785265,1,60.54116213570726,13.354708667399695,5.923038181589512,148.45616225496434,2528.1040263273158
524,38.124681886188625,2871.383230648122,4.997391254018684,3.9928914808940155,2,60.50152956718843,27.453102851735004,16.80408837815768,161.6340509243664,2324.0335126437194
770,34.44299192694701,7187.772036345605,11.221210229504422,11.87999247742234,1,60.471816769313335,13.957848989592001,18.30185896144308,164.0183040072115,3765.435529914721
1339,48.08894555468204,14649.605210140622,3.078634943701423,7.284745988429034,2,60.3963347295794,33.68926906393943,9.796584823024544,256.42562128708846,2721.211281269985
1042,58.09606896411748,4098.006130221609,5.131674034777128,15.972560061531118,0,60.3688773855029,10.789018125518433,8.724934206166996,136.84444286415334,2150.9367207746745
1838,40.185090748513055,8556.540064270119,2.2546237324893292,7.087291793803771,2,60.35472788186463,13.549074346246918,13.04223098635917,182.57727739715273,2642.015876516326
1140,51.414127779165895,5423.657009999281,1.6329504848195961,5.9727187561069055,2,60.353883078185746,93.4005368631515,5.720424368899597,170.6985510025123,1080.484664670467
1149,62.05698169970417,8039.816274710124,4.54488927537511,7.376315774565178,0,60.336333678653645,12.288457867353028,12.272223463288448,214.83959079382757,3001.056798853595
1451,47.092439107180915,4660.861203230581,6.237924047860151,6.595925632880378,2,60.2724127110682,39.32994777166951,19.41917903139339,249.73022219398513,2771.6453811238
1635,61.396968995030484,5238.494336290439,8.54654985536685,6.474976656375367,3,60.232123846934016,9.78886380594477,14.400748598590495,99.64056752285765,2987.8724584642864
717,29.773327795279503,6211.133414018339,5.129962572491305,8.903930872141645,3,60.22796133662307,79.66329555567756,8.951826967170753,140.2058039163211,2559.741769197831
1259,49.52948243155509,7031.967974214234,16.839406994297946,11.734122997498202,1,60.226577719001874,29.777217790404556,8.539981496856402,221.85142841077058,3227.3735980680594
1133,44.13224873851561,17053.379407914486,2.4693401467024865,9.212308248691258,0,60.20897862302154,35.07246340896543,9.496292874373067,177.85234064970246,2996.4305106751654
1580,47.073333305747816,5206.109042129282,2.0277574927868636,5.574375434183997,1,60.18898069659703,16.147374104768307,13.043566364414918,150.21648164334866,2266.3681622282174
1898,31.880111626145656,12284.979487994957,1.9824485640495353,4.9269540042196045,1,60.167648684876916,5.2415103231619655,15.230899723782665,177.2966783099311,3044.4131837736363
428,54.67440896317937,4354.078867436897,6.339316680537222,4.849875675666404,2,60.131137369628696,26.358686235140684,5.336098985121137,199.0882772445297,1684.900636550406
1344,33.40919853733273,3175.8339208289553,10.877191146940332,15.030071517761307,0,60.083446548765195,40.476458240582275,13.188150903733794,166.90399368345948,2892.0634475147804
724,56.96790776295002,9777.946348443564,3.2181857335537596,8.00721765518087,3,60.06441112634507,16.81698208388601,12.936123742714582,181.48439242438914,2503.9435480149646
2042,29.430206941499197,4141.588822348228,6.3423924529125735,7.094174210958295,5,60.06407072922782,33.56061924004531,17.049697691098075,137.0740776037329,1824.5233208967043
2041,26.236507530344532,14346.284390028903,17.600139128538554,8.450687844423058,0,60.03736663327405,83.77130982966833,7.732571792062121,204.48454256129725,3463.0048594896807
2174,52.51433440874527,4102.248398535966,3.8367903975702844,6.1155233479849365,2,59.99613633045847,79.84153791943528,14.132715347398099,191.49014408487122,2252.629605825859
784,40.62359168930788,4899.769206559265,4.996553029664314,5.650615714828183,3,59.98203454634119,20.153937412177896,17.251112480224013,225.8956385340368,2772.017426343792
1559,27.86299698299637,9131.43805326743,5.516937528369691,4.728699035987281,4,59.96671733548566,36.76143251666142,21.734358407921274,238.75483841163515,2587.2395992050638
1941,43.806553532437114,9454.70966952541,3.249315726828687,9.042999168643181,1,59.95961381220756,19.869884697386418,7.4808887607346,170.9699615639768,2342.6134058724197
1137,64.31510421167052,3105.5285970603045,5.444856670686194,10.018515537790162,2,59.95824727223561,40.05753763158185,10.826231818958645,134.20782006493306,2174.4933802394735
2095,49.626982106212274,4193.550398693142,0.747340936257174,6.15680019590071,1,59.893059349879266,4.065995853799059,13.64910560462192,30,1486.0040597062646
1789,51.64045527210874,4946.185117910255,6.374069043944956,10.80685315593577,2,59.854301292626786,30.404576175875132,14.880373163288569,219.35645352261076,2195.740174191381
2051,38.83710157137256,7587.709439490514,6.256080704429015,6.170672356038069,2,59.853364275362374,58.03962444982525,9.23660690123586,185.84500446014124,2407.1993294678123
436,27.5679998396443,3741.5346922744848,4.087003502910494,7.188446205840869,2,59.81212527455458,9.40606496559951,28.453484068109084,175.35010568624133,3305.8215867473837
1512,27.94399269364088,4124.780512954049,3.13974198951717,10.400244013285196,1,59.81051245908912,79.45660849563427,11.725951086707799,253.18890606626604,1680.1502502268163
1073,58.52591018403594,8244.051621553856,4.239811085146938,5.702232267839703,0,59.80021024476208,7.6933682484451555,17.08354320579416,215.29248849661514,3331.8864938271877
1502,26.308356132388113,4535.174854695526,2.1554039081951686,4.993300591948273,0,59.7764037971507,26.85848761824305,7.537898211023906,174.01980145129102,1803.369098658202
1525,49.593741775060984,7161.868204314044,4.71792918761389,10.875713084605717,2,59.75072677541505,25.32329819472529,15.120089434160432,191.41313938951052,2463.031447712755
820,28.207875033017977,7852.756959340035,5.6190481167581225,10.082939083340463,4,59.67098813510672,34.3943990877868,8.765487201529396,139.46461074301752,2675.305542649211
18,38.76746412779053,3218.7797123905975,1.371738393099091,7.779995752999312,3,59.6441766697022,11.09032976506213,12.273106767970553,265.6671774367612,1779.3453995084406
438,45.01387320160299,3872.1023387999753,5.476645712306986,3.651800474574121,4,59.637593147374346,23.703289154013326,15.475082689650398,52.18089316567641,1831.5313688859335
1430,23.585312904122766,3965.2839782136457,9.613813850524657,4.330635800441201,0,59.60610332406249,69.7249743942148,11.685814023854816,167.01331459588445,1783.2659202328302
1124,59.06178545121264,4166.81486542471,5.565794799725138,8.119068597368981,1,59.5889475404581,53.70913409318874,13.917186371584867,222.64985948072757,2311.246389954278
2131,25.03599683920991,5394.483254955453,7.355881791121868,4.976116933808341,1,59.54731401565094,35.50140331253461,17.93456563992089,256.5747987260969,2766.965226245162
609,23.460909487016355,5577.51451659194,4.6446115563567885,11.099283257058678,4,59.543455208532414,26.311144535311435,8.848621371730424,222.87171058504043,2873.511866034795
1645,39.94997394834714,2274.231110691201,7.5398206088809,13.663282655650908,0,59.50690927466571,12.892042304804026,21.82874460624963,41.39413559253282,2147.2071901527843
1517,47.915669835604014,3176.2624582006265,1.8274314350638379,6.245216569299523,3,59.39050647972077,7.148449975029873,16.289039416577538,213.1361201580773,2330.1293583712063
1576,42.6514848371301,6150.184960904389,3.069154517228268,9.808093999626808,1,59.35218259098611,23.29441724599816,16.06322106202959,264.0334827612908,2589.113642456518
556,40.464291116876424,10638.750677629445,2.2290800422878245,9.979904566760611,4,59.34284584879943,19.337950180345423,10.17190900802052,130.02949195088598,2789.7819523344033
20,44.35744834513658,4681.4983101143935,4.981121519509048,4.15512217915064,1,59.31586500522856,24.374388845199306,14.29793779929219,135.0572854869152,1764.1464956174757
345,39.504686006316966,5747.766011778188,2.9108043560220835,9.900611225193746,4,59.27611048359937,9.931071194386801,1.977136149275868,195.7122352093068,2355.726639866266
1136,45.58070683123195,6421.817676718456,0.7003101679599317,12.5250823048542,1,59.265627136942044,56.535904584523905,12.771663462286794,100.30596675792268,2155.09344405843
220,50.22736451704071,4924.431658768069,2.5482006302331928,8.146935837509968,3,59.26249783733677,13.663634608401946,8.619871263675682,233.03744263193872,1769.3452398185664
2164,28.197777738544104,4467.633757831071,1.7137408152131213,8.253171523516029,1,59.25846348586582,55.29247336857915,3.7786435115233132,123.02082923987805,2019.7235012586368
1695,26.964202197146168,6644.256483413191,9.465911049058734,6.520956512848401,1,59.2493857138662,9.546100783549798,10.153088290503243,131.4098939515978,3493.6822557758073
1544,32.420900092026244,4727.330172825618,7.211598218102709,14.524315225450053,1,59.22995896506797,41.18994222790026,0.6347241681049418,150.16065088986102,1560.6539879812321
1583,44.2785170832279,5251.647373720407,2.5538841174178017,9.248566036020717,3,59.2227854280824,27.792006447096988,17.944896970584015,163.86928963706293,2705.585552869558
362,35.638231126523,8055.809544138317,3.8189300363281484,8.699440989006355,2,59.19403201227153,33.58446580317924,16.22983753462043,156.84269555426548,2198.201967224144
1608,14.12975836455876,8466.067870841749,8.353794368333723,6.363294081359088,1,59.15402426152813,28.213442727951808,7.296324607783638,290.5926979096521,2013.5125370813694
229,38.66638196097743,5041.688656360173,4.6015217729376,11.294382402210305,1,59.153981111317975,62.785704968510856,17.91395932771985,174.0721477814742,3188.413313482537
330,38.78061577312958,3004.8260147285323,2.6719217353388864,10.40321447620196,1,59.13202206179151,37.71710781747784,13.15402829244423,215.51050566024387,1992.1876253698506
1933,36.81778989608631,7793.441887802611,6.467820457130915,4.709201645414428,1,59.12565615314273,57.29271884919823,7.452174081647181,190.15732570997045,1988.9727522686755
922,21.591111405925307,7092.131020935342,4.067242509422389,8.741642532859915,1,59.0482273215564,10.95923786652916,2.2470181918579755,86.72368235389453,2749.7893100319743
980,20.440527084141205,7796.322401366155,4.437236978133674,5.157775513283223,3,59.04039514999,10.687073973496616,10.206719006328319,185.22468798621148,2246.179061057803
736,30.45467690811548,4365.046506681816,5.375284266788616,8.284714238519877,1,58.944345992896885,30.235127540803166,14.159505008420274,285.71512173124967,2114.6556675459296
489,48.83705836505864,3960.321322760046,3.076292481989913,8.65140725557787,0,58.943044857302255,11.91489262038241,5.963951714045683,201.8841611991542,1673.8307217040197
1237,49.2764090731659,8565.561742100834,6.159092812075159,6.64762005684042,2,58.931947456625366,18.105903037032526,12.639360357577287,235.2255566666832,2210.5640953298407
1768,54.46038536717317,4791.094871331909,6.252999185249963,7.5717403090574855,3,58.919329023339884,15.341550644566457,9.751563556099379,155.3573364986542,2057.1584340727277
655,43.27393951214302,7124.890385946736,3.9507234968528673,9.395872806347299,2,58.910687463145386,23.854010744636263,16.64347908110287,134.54627775658548,2270.1811791639493
1376,48.79767833309336,10308.085381346435,13.921438593638284,4.049087310559584,4,58.90990801277576,80.6715622264061,12.394970418906617,205.07920769723438,3063.8067904768386
205,50.21343934299824,3099.358019664663,4.868978440735244,13.037037343691072,4,58.89991144641802,40.373660376936876,21.624455209772332,145.55526275424492,2208.1575602713033
479,50.349556220744304,6379.224367064639,2.4092530356851833,8.914126991472527,0,58.89113412824772,31.356300216490332,11.795400480502124,194.9477162816682,2779.007300862462
1858,24.270109056384285,7791.372724435226,8.713649736800237,3.0532813270543375,3,58.88106012170967,31.91189253192053,15.450137288265754,199.83517058622326,2658.3150822716498
1483,59.30496931760628,3451.596319150049,6.807470263865374,5.46333004371942,2,58.87403300998456,30.115315997237744,13.042783259303917,288.6184391560842,2158.4196460501607
1618,35.09598401696861,3959.726024527071,2.6942972518730186,5.9864650788674645,0,58.842750179187064,10.925565939089878,16.614491187080194,149.7105235057332,2269.024218835769
26,47.4185070680936,1762.6622006792518,2.4645049427454064,8.199322414141994,3,58.8254446100236,30.376035668225953,11.89874034258857,224.6163765661344,1861.2353411607103
661,31.50848556698404,7747.125117099872,7.991527805589366,11.917862133212873,2,58.804588415873795,32.468350072485826,24.371814195956716,132.6567575395107,3365.336115383002
1527,36.68988811244323,5382.048964565259,4.525203077486099,8.182523151510287,2,58.788380057432036,53.70137427441292,13.871006154720067,137.14868407798232,2477.9514889836023
896,41.1985723903036,5186.532090067977,4.6342545945310025,6.840104796907941,2,58.771516407074664,67.84778645848718,20.06434817608461,243.60965093674554,2417.074255209863
295,52.437850291918565,14510.870260668164,3.815196558517523,11.149471434597434,2,58.76367158964504,21.681125437686806,10.372075531937927,220.44705745812283,2561.4876287472985
455,33.835066991265904,6057.094825865072,2.60084333446916,4.371193783055827,3,58.69935222809601,44.77119808811186,10.961865140786626,131.1405468752713,601.5477410323272
1216,40.5382451491536,3977.857334059579,2.583824308402068,8.976186353255965,0,58.69147376309358,35.729322296646245,19.83295295754657,120.46119477130895,3314.6038042134833
2013,25.297732331456356,3860.9042475399747,4.566247464525347,10.966168402165895,1,58.68428872241277,32.08342383605577,9.442095938253022,208.80864200691138,2246.402571297041
1183,28.875503607187163,2883.0840595057753,5.382717081465571,7.438735460749089,0,58.65345942900441,22.088679817579305,10.373641131928416,162.66473677278967,2584.825876591202
83,8.819806288277675,10047.137657163052,5.208480473504137,4.93598734413758,2,58.634286436183245,23.752259807798094,5.117897759672409,172.96357024931746,2815.3362340096255
1337,58.38674440415582,4773.640863345319,3.682537536784485,7.131063819675061,3,58.566532477255805,20.194357552756447,6.588177075378114,204.3959299283909,2370.7904389483306
441,15.753543803995239,12002.216053391216,8.01796625916673,7.068829689181255,2,58.55818484380618,14.043132570600575,17.247188764991122,140.18259775025925,3449.220887014493
452,65.30030793673217,3528.557708348814,1.054816563941395,13.187529575718173,0,58.5257226404371,69.55060768164834,21.571381839151588,182.26254819884554,2287.3396002635873
1071,36.36624171202559,4859.520600041982,7.041484483331831,13.173510447466024,1,58.50065555151507,12.805751975595635,4.728994671012874,184.527866320071,2244.235871127235
546,48.59091572457988,5495.072085308768,4.859533016154539,8.18885880564806,4,58.482999305206526,28.655940613575677,4.950576738012107,166.62258040660993,1794.4679348389832
959,43.01998825746348,2988.5207825010425,6.6961380998368645,11.508800431046089,1,58.455309097656716,9.768451420486254,7.996470018068832,283.6329153067423,2339.670967976202
323,19.272407144767367,7755.9540277756105,4.985981246566114,7.203244762762429,0,58.421058833215746,65.08831700325166,10.089286049106486,152.34595537844314,1626.6304962859722
1783,59.272174926486386,7350.9680244402325,2.700011489793796,12.153987073978634,2,58.302988635083096,56.05663413301258,3.446499047754754,124.12776631130455,2479.746309015909
1513,47.65427725457543,4080.9890685237565,1.7717066618990558,6.230393913478043,4,58.2518827051827,44.164257337504594,20.856548470988425,128.0829436381475,2812.4853153610206
1514,53.680067872195025,4418.042790319685,9.925164898942784,11.377664661236757,2,58.240231741556904,21.868707034457994,15.220092449434372,203.2122791979488,2548.2466418124886
807,42.83385013755178,6400.5561629377335,4.390266446707572,8.862083114112334,3,58.227180193055915,15.891165825641556,13.162466128584189,158.5776601575405,2327.353888639366
1807,54.6080831543135,3723.2660975388553,7.136572152668556,9.812923963901271,4,58.19362187249535,21.317671106480358,16.639647581931197,246.27823911882268,2231.318027957419
502,53.904170636592355,5459.304463846489,2.9066147055997686,6.723861705224404,3,58.18690790624176,102.40575482208354,13.8877051901565,175.7071157890777,1568.4724431798797
680,33.93843678448553,5146.708412876367,7.154468854120819,9.358082698623058,1,58.18152125912059,54.82006680559671,15.811667837899819,186.69154005728777,2494.2963641828537
12,36.82203685523343,8529.18367293627,3.8050473095483626,12.866598497018128,2,58.17235279792043,26.954990930793564,11.621649108462957,156.114918082231,2009.2931252505603
499,64.42651057699675,4656.317014670325,3.4508559597267294,7.8763326434110335,0,58.16716642955107,53.398960155597095,7.699020214189816,253.8720444483162,1529.4979808921335
1867,41.35195942552962,2390.518012552763,5.705194759949641,10.284515997220236,1,58.167161616544405,20.269619415151293,4.33365031629965,277.39422048695474,1843.7200392680556
1017,40.039789628506746,3961.959968687785,13.277650251401193,8.917711943845005,0,58.10565272421354,21.75057201081032,14.547941748890484,205.47782388657615,2703.9938547307647
948,32.71937317442343,3757.337120738173,4.466863213482957,7.464761208919601,2,58.09660416497636,49.61126576873136,19.844730470869507,110.78402496547444,2192.232261238933
309,32.046401290155615,5376.881142614951,5.861624945401788,7.133337973693057,2,58.09406142291714,28.76130050468783,11.266728622218226,52.08401154669846,2417.976051775777
281,47.85455954891406,6671.271234993092,6.286387589049725,8.532073710981347,3,58.049446531228966,47.74141744899483,0,178.1891547711198,3028.404283316123
57,35.67478333900144,8793.96818638817,2.686478765351868,7.284022157057758,2,58.033981435917234,28.617894123686774,2.267717031591193,143.57837044651427,2141.244267354954
2120,35.67260375853939,3480.1241555052743,8.006409048276623,6.930903481338135,0,58.00890878038215,13.288203899138288,21.3737259356425,141.58018102598498,3218.3710781217264
874,54.44031575880527,4874.1444522619595,5.61081767815175,5.35611184688131,5,57.99947815069798,36.545210999294255,4.87790247466499,243.71372052426446,1824.7342363475752
1868,29.520951789293896,3660.0125524042423,1.051766283430845,7.817461851883877,5,57.99054621686369,30.44186465801815,3.206471844305071,191.97316303177246,1767.5119714407358
592,71.22490440617,4985.409588676371,10.325146768039339,8.798940902418337,0,57.98207554462495,35.083581795961855,8.284605502626347,216.61173503301572,2128.2586569571154
1270,50.25769979845885,4739.868603125688,9.9060885038839,2.889599352199191,5,57.978304409767745,36.603254392937835,16.30895626544907,91.89351431555572,2312.5647295609283
287,47.53649100459606,11449.506223903827,6.8478350967230215,10.84890587255913,2,57.96592571600703,42.679082194037164,12.13214059938254,137.78450184570136,3078.549394688419
1211,36.46314968268133,4672.776686723603,7.428195612856821,12.361737511362374,1,57.96115122307517,13.098840947942513,22.210565694966398,229.75772864551868,3808.087407113509
1843,50.545090825142495,11190.803802334822,7.026026014706092,6.819085113092373,2,57.957700220943345,18.420941516727094,7.43005311105931,239.6384551930048,2093.460866212591
468,51.611428794618156,6431.270314321463,3.7882600727231646,5.03912028161957,2,57.91488967095496,55.73571618414979,17.915265042361064,179.90174761834268,2368.980370160642
308,35.80060639185682,3444.890209115822,5.0473695764262025,9.73391935492557,3,57.91029007141404,27.48628076619294,8.035691132616604,196.4852516696944,1884.9985132586721
785,28.652636581498786,4432.018673756284,2.232041946814049,8.616769369745684,0,57.89996401961408,27.219151527902305,12.519964215113662,253.32524538425463,1894.6934515469866
150,45.03259806016252,5337.856353724568,5.01737404553842,4.523625137578598,3,57.82255076042312,20.6348306544494,12.891070505617197,163.5935581646282,2785.197906447068
1229,57.40519691917557,4608.4509760616575,3.3532550400936176,7.416658245981956,1,57.73077527856888,46.83446948804837,10.449590672386618,213.57050497408642,2531.0318761171616
1676,30.18448918036106,12864.445951297388,6.8979476744691715,7.327830456485488,0,57.726947821310794,11.492177241665807,13.208698505718825,223.8999412714947,3702.011836451067
1054,38.93913957795663,8724.810308734011,12.146514270477157,8.844003112345725,3,57.700519098111855,12.18954025817396,11.756964331628547,298.32630021463626,2894.464352208218
1282,57.3633751914301,8278.89175617291,3.1551312896736987,10.035922840645148,2,57.6100891502784,27.67802332323452,15.661375048206388,305.03316353840904,2605.3806490930856
1650,27.73840836297105,5039.555018076378,5.124056130484371,12.585588753481792,4,57.60847722833917,26.58488321356551,17.4296020618243,202.54304563982384,2577.5968387690914
2098,53.78444128809868,6628.668442428524,9.88639946951954,7.212841891502244,2,57.59460322472356,39.24754110908769,14.809480621182239,138.4167682431988,3045.2703459823665
2062,43.3977992867246,5026.083304549254,0.5483226881954304,10.02882928236527,2,57.54410370811477,19.122076049701075,20.04714973217343,269.4262899709604,2450.392583549354
989,56.60550185065641,6169.322429547273,2.862173324808066,8.983612645793,5,57.511603934613184,28.112944307940957,15.289528576140057,190.41584718567236,2041.8330862788034
1423,40.89533921400368,14276.154187080547,5.537764730487619,11.332027495466921,0,57.4516791801287,19.505394024260443,10.72824926254442,57.03774328472916,2627.6266076913203
122,46.743014386431526,2387.3314939513452,6.052064513827329,8.329195903418318,5,57.42380401888221,41.03724202917525,13.758101079149203,176.02823980033236,1969.477211261857
532,51.87988969558019,8583.367650577338,0.8203063096898152,1,0,57.39614443358614,29.523557465053145,5.102187886949931,205.24609289922597,1377.3650571193068
1540,14.263959023439103,5087.411940640213,5.519579122303349,10.124196596030405,1,57.38044625632143,36.536561284233386,11.234637289728994,106.32549690149885,1604.9865490856828
368,44.70075939094538,5151.318882684076,5.83068891565392,8.665939186463012,3,57.36369150570566,21.419348912076337,8.971183063573868,278.9028239419887,1880.5680688919101
402,40.39264797443051,3094.798948385718,1.5964408355308946,7.368293110181172,1,57.338241462486906,28.21808439555698,13.157057274010086,230.14963283558944,1373.9172579430847
1051,36.39523374199959,8726.360067190148,6.853658836354714,7.162744706559477,4,57.327676675338616,18.755752060654874,12.220064107876878,220.87463005969295,2538.9935887688603
614,32.65394861350527,6887.658278178081,13.622419719105853,10.220251560747403,1,57.294853131249866,49.44312891663286,14.01696219912398,173.33294252931276,3383.2723919007008
1725,46.501824234741484,8233.478237890487,9.826124781621225,5.390529064491753,0,57.27986666158185,8.539186341944998,10.697787011864165,185.98217854442132,2254.4268847813873
79,35.68665819930642,11118.121693314884,9.208675131854957,8.245781765390927,2,57.25102449149537,17.386177687774136,21.06730587134792,237.95091300794812,3569.0208604694963
1390,24.772737049212022,8015.710300166262,5.354248727246364,7.9842652324695536,1,57.20407585969214,30.34057081438017,11.632147909654352,197.79898857112929,2552.4838087040494
1393,45.85646675549492,7396.391202233326,4.035129545462512,1.5267713428687912,4,57.191840554351494,28.910721483789683,1.3972765992695084,292.8170056240775,1448.7013228216151
251,25.176753276108926,5208.337570327154,11.050585381047616,7.494647885351266,1,57.169732931747966,32.70235958823936,6.059868137418045,96.39101247348529,2494.930241304695
249,21.277375418691207,5957.973134473007,13.747388394903846,7.995599319383575,1,57.125717503857956,45.01319333409951,17.114430270662417,145.39485488642413,2842.095472274996
1438,25.449342484696736,5687.3846035893175,1.2875722538718408,7.1417679698106715,0,57.118939434814955,30.32671565019946,10.956922029651812,154.5329394862349,2582.654022489395
1638,31.096312568005246,2644.099063034565,1.7168349647377055,4.515980849261862,1,57.0226335210379,34.051024963293635,16.375051399450662,258.7890058638515,1629.2607423225563
876,31.077963887129897,3309.916944279392,3.3629154388055436,13.620865348093242,4,56.98323578142406,29.549963358305007,4.112999214927981,128.15587151831255,1356.0904040612509
1481,41.2137365697181,8401.023964791615,5.403676897050853,9.098078057432241,2,56.95656353717127,33.51989073305859,18.158713525799868,214.2962928874651,3012.3586571523983
1571,27.361943194531577,4650.850858423808,1.3786187338760976,4.986313565510059,0,56.90990280204172,24.74867609168089,8.530323225380753,171.23471535619151,1803.69779141144
617,54.641234514375974,2626.1009643922694,7.340306779975959,10.930721792456898,3,56.895159754177996,21.312548002642888,7.143709174191725,146.32713490329297,2104.3928205347543
718,27.124336788399617,8114.349718940054,7.319992751398006,7.455048614752299,0,56.75128048379692,39.219090589591055,9.7299579321963,198.03049974032746,2707.2758686727666
518,48.41814939294996,16517.747934785773,2.8747885547409875,12.38355913241505,1,56.75111242016149,27.09919125687122,13.974037518797415,97.10024780342691,3210.485529078922
1602,43.108599018452544,3810.1698486677024,7.760124839384569,10.449463353032318,2,56.7310619774157,43.508553932472196,14.864704879197864,107.03627882369375,2431.8985886914265
1861,42.45895974597638,10108.950355246776,2.9847878668292376,9.806109499857529,2,56.724903425213455,8.94338084447883,7.222688118686638,137.65720792113078,2207.4239768590337
593,26.497334299881526,7349.5496756843395,4.698308337164551,5.33365810672228,2,56.7139438062638,26.94006347735327,11.638606944352848,253.85156746157588,1685.2469376201288
1984,51.871296878574775,8576.977847780605,2.4647257769000595,5.904979104283006,3,56.71339699475073,11.096113312449056,19.18163894257621,139.62618274301855,2084.781464114145
204,36.03596204749728,7021.551923729209,3.0013212095322874,9.989622889479262,1,56.63804304410834,14.116660206043804,11.557566476273683,173.69382437156654,2535.5350032659253
605,21.494877646326415,4184.142672134116,6.815913631005128,11.466578873148528,1,56.634164836829484,24.69040975573683,12.225474549348256,138.26460969394793,2392.9274096528884
949,26.306262105005757,3353.1369704120248,5.379946233154805,14.590078268991341,4,56.623860752927726,38.82220725572698,16.03828822769217,134.64036619449269,2837.0175738972857
356,47.77853064858357,7993.469669022517,2.531331405147414,6.735500540112367,0,56.6108687459808,99.23002187052029,15.668241151130871,105.61115038665537,1948.4701029553908
2186,53.790380015203596,2760.39080347827,4.19515608272041,4.088175238883151,3,56.531224080389244,16.450960082504057,15.28571901916256,238.97680657689665,2620.007375596032
421,52.953424148298836,7245.106810304593,3.475526515986438,12.158929835545386,5,56.47998346980799,7.35580463458849,12.458392359591732,195.52289185498435,2145.739443100228
184,54.28295921777767,14024.50239078479,1.3069760029332107,9.981455672080351,3,56.455055458565326,22.27498307791874,8.892301372139594,214.03643522400512,2802.5165690807203
1897,53.53877192111328,5695.224417709435,4.6194055720923375,10.359946009956943,1,56.40959249852769,35.06474305615771,10.61204543123429,115.48804011577079,2182.9714638112337
2109,54.17193250451691,5088.9876629681185,4.691362873042486,10.177496581315113,1,56.385636738292774,25.507736383971817,9.555438763493534,166.33302320616025,1920.8298136619871
43,29.75036885223635,7534.707984693391,3.62470929725252,4.666370215992552,1,56.38224509531816,8.859185804845001,12.392144155194893,175.5822469247951,2688.532915954996
370,55.521503386888,10581.897483588837,4.444534662479935,14.067178456241237,1,56.331183309929756,38.55560678762374,16.045539606192904,148.85567729749263,3488.1907380104003
2073,54.47638733182433,11309.227543954032,3.8193565840284975,7.705613783492134,0,56.314758411709576,27.395044113033855,11.969497839365049,170.7456984889122,2864.4211248395713
292,29.479520052747223,4531.227618431885,5.731254268602312,8.72013489809231,0,56.307005920645146,63.58869687576346,2.665536911914417,170.8353024189165,2074.527158811361
839,44.18195084050717,4878.049323235458,2.5971645517362663,2.191344759707378,3,56.28318976728912,4.341120912659484,20.39886558697438,288.1095925933575,1906.3162161893708
278,37.568254471068016,4008.4811609987105,3.644085023822061,15.90078674161808,1,56.27646033625632,35.15059126845594,16.702848830019068,113.79869581648073,2971.8800083346664
1157,52.06586376811642,9798.977890418017,3.2345532492302604,6.168373436038318,0,56.228364551949575,124.20368102972449,14.380220124165696,163.49590687579857,1918.2280188046645
1338,35.876648051989065,7489.719953981843,8.481778614448285,8.240859623022128,2,56.178937401466456,26.606133606632497,11.92501984504673,200.7213868548136,2925.01335114142
782,46.599994977454415,14465.487377056543,5.068665100984964,7.389429109228567,1,56.15773435664877,10.038783675371137,14.708554189889494,151.82259485967282,3057.4409713734585
843,58.18840630737965,3362.766972870996,2.4635533566935437,5.201650201909838,1,56.14579682258265,12.004672900271684,0,232.8572606985873,1603.7978815985875
1515,40.251350809478616,6739.114661404547,3.0712088081559745,10.409548460543107,0,56.044148903882,15.933672622929464,10.507588974137203,34.96798301251266,2583.6997484246835
358,36.04180314661215,4221.531627773856,3.9480494280481855,5.129459079131042,1,56.043165619639666,39.86942228643599,9.163658417401267,146.68252198163495,1908.6018627656342
1185,55.51120272626438,1916.6221483667352,3.6619654263859314,5.481191003366936,1,56.039246843606996,29.603191178176466,22.818619292305073,228.67707358738772,1993.901048229701
1943,34.733544483054224,10378.34763282809,1.9027048269668938,9.643620708395199,1,56.01948172104068,32.554489933866826,16.774880761616473,135.92665313685632,2562.8407060551594
1116,20.156211102179316,7600.472334540494,5.067233641302058,8.079682057943067,3,56.009541314645304,12.729860064532609,10.539177976484712,219.6656682398351,2579.2034050273955
1667,58.64175342228889,2903.5553713272957,5.777347190648636,9.558862792805929,1,55.961005478499025,21.221051802966024,4.172004743533522,168.865563028123,1338.549098366375
2091,41.84291326363373,8025.228955700624,5.612159971020815,2.896759713426464,1,55.903715287808,60.69561617592109,11.874744065177666,194.87350431159126,2521.356017404306
1834,47.16275062835607,5885.274552886829,1.9384182299355368,6.975885440724474,1,55.866749502824256,37.252464910018915,15.116003185246186,238.3245230827002,2659.6924233299424
482,42.670741966770315,13447.874533344777,5.24747669107789,10.615425536723379,1,55.8537096663282,55.54370343424468,17.584044362932715,200.17293685899082,3243.6169674962716
685,41.27788800654466,6450.804029083987,4.772126463170054,7.4799215386785916,0,55.774795598884054,40.20748031948146,14.375982569427878,225.15324435148486,2823.853529593629
1058,29.722812080472288,7526.6859446691615,2.387373017855451,11.526801014692554,3,55.75752295240076,34.44237257126885,8.891934388546675,168.61230911696052,2228.865018979682
561,25.04172520959112,4345.594593202539,2.9434362541720276,4.184706028675217,6,55.715172643912766,21.068937448578247,14.064497568413934,155.7029658613207,1977.6104785315351
2192,47.21872383827761,5212.001560102718,3.8128025605542266,13.187606358858119,1,55.703523617784576,31.14335560536486,14.272516232580056,121.40427495141482,2815.023215713979
1859,34.070123455801536,3969.198210646525,1.343787417191123,7.744775862004328,1,55.59075541302669,31.82179985484732,7.346895335919086,262.1805531300922,1889.0552614105527
1422,38.95223762257606,4053.7749408077325,11.449110162453564,8.561083051353286,1,55.58730955867499,68.04958707996599,14.184472872416462,239.51822864041995,2676.2238627438783
1508,36.50500541600749,8553.433052331164,2.973571023112137,5.668610554416109,1,55.56994240319102,26.898625368640758,9.577330488981767,92.46006304898309,2472.188895168823
1709,40.70669416204488,9195.00154750136,3.8991360505459203,13.237312567095401,0,55.42615458282445,15.680017646538094,10.000465882627562,177.3552590973527,3095.9675662672457
1089,22.01204267967832,4572.255948839712,0.9853965306053836,4.110561384588581,2,55.402583723603385,7.8913783311935415,15.905987995443864,44.43076528601034,1854.8093465093461
350,34.424607556451015,5572.146077789327,4.69462836856812,8.050590497866134,1,55.40120839629612,37.855756575601404,9.647614577164124,246.91165385749258,2539.8770184610917
545,26.101755569457566,4590.321354586168,9.713294958732577,15.446810763447237,1,55.27681666329484,10.817921440058218,17.335444648956674,192.6204917932327,3022.3179020312723
1857,50.884783629715784,11339.679427904139,6.10645848378018,11.436018291602316,0,55.27137036160049,23.105341586362925,14.2034800567109,194.6012659584094,2790.3147583730133
99,22.30393878602913,13010.086181690378,1.8876067064270803,10.449650384585654,4,55.26516744420555,109.20534241712679,19.017810403808813,213.55369751997603,2822.5049577621317
1677,36.26298168295456,8580.211310383931,4.93855481574271,9.440820044737118,1,55.217349141551075,23.71904536119484,20.946074752759493,153.09698888076088,3625.4197241560087
1228,39.958524539755444,10970.289070226287,1.6153205993751778,7.549779314150397,0,55.210115307352915,20.930410687969683,17.667815467734982,226.39964671772336,3531.43582835506
727,56.525551782306216,5109.869453499593,7.55347937372715,8.06527952239198,1,55.20550021205756,117.23213402638311,3.0798940654065543,256.69844418068806,2203.8564528020984
470,53.68912100434984,8409.04756286433,12.387144827882066,4.475389590277917,0,55.20533866055454,10.918563525583885,9.176070540442602,254.36498936812774,3087.254122072894
2047,35.79191191791779,3473.658852163035,2.355147032845123,9.859121506413114,1,55.20179873483989,17.44649472207744,12.01259975291452,91.99683035494093,1825.8096349605476
1471,58.08769065881975,5032.5370487705995,0.792911281031124,13.541180699022835,4,55.17066775671999,39.74913673290431,14.630307938924236,183.49561448464073,1792.570288333014
142,37.57151436969932,3496.3293662018827,3.5390592511045638,7.6692626390705145,0,55.15197125780609,19.002874050983714,13.265096800649093,186.92343570869124,1852.8381873975509
66,37.597439091035575,4236.301015171777,3.365790185112715,8.783166182180263,2,55.13570936032114,48.139032601380706,16.419605892290043,233.37536573893667,2163.826311294795
867,29.025418467063794,6841.010619444522,3.2433030862216814,7.9687286102653125,2,55.06523979678904,35.511809552191494,14.588417588473227,131.12363344052753,2856.5544919363424
2019,47.085877067381645,6185.999390170434,6.794936288195519,12.37304464847345,2,55.056321094751205,20.561538973148554,17.00076739147489,264.2346505052526,3517.962336303133
92,28.122674313624216,7935.948141397848,2.1019578141615654,9.514351287456472,0,55.054839486219464,89.7550008873758,15.178104308681473,201.34465710572084,2427.3570542632224
2071,30.578777546188284,8660.977159208844,5.823194435587543,8.928132843492422,4,55.04525727187318,9.364080782802692,6.223482621707296,138.69932462218424,2594.2631845537935
1812,51.49900058504284,4667.288360010839,2.297525344803069,13.124040881768618,0,55.0322976879823,66.04817255641247,15.497153327757388,157.88037074207512,2638.013344465965
2170,52.147590634478725,5435.874654323985,6.421814226763949,6.923293185137124,1,54.994859951573716,29.401773954413798,9.090707260992037,168.58908402531682,2703.218019253779
1755,44.20904338007839,8059.86018517016,2.354111548111012,13.716479057294919,0,54.964867922867356,55.95096330000524,4.198187181628468,173.26773160339627,2092.6253105606093
940,54.41706909214756,6701.456625237,8.746135614545075,9.996407531753015,1,54.945390127641126,28.14584714579273,10.825425967125739,159.94225888592237,2245.8953755804087
842,46.38769986542874,2761.6789433817817,9.158691781477126,6.929628939081382,2,54.91550269595137,6.881362415768204,3.1971620350065173,299.8384039509873,2276.455660205625
425,41.90963521541861,4709.486384891716,4.739655116414162,6.349188706934804,2,54.85568192091136,16.818784861352658,9.75239160108346,177.1348764930745,2217.5566051039436
1187,34.13344978668831,13742.275460025849,5.974079464777209,1,0,54.85512030514338,34.322574896531485,16.703014669569228,258.9637443683359,2580.4811573764605
415,11.748366587943366,4367.378538105598,9.338940314308799,7.514997032639158,1,54.8229229586513,20.123347096696858,4.008406278207447,235.16595714693386,2137.5963352568347
444,52.09878796976591,5113.46289810776,5.7895221553423895,10.04517868069001,4,54.82010809630237,34.66261240955571,14.141087596180913,151.58661131803652,1995.0206580419872
2133,19.79439452611713,5786.571455141186,4.7573263523052365,13.16913629291262,2,54.8190777438189,11.166001737884661,21.306993550768077,247.3760338363811,2966.967816584579
1126,41.41496333111214,6537.164309878346,5.631753482932768,9.423165724266422,3,54.789454813680024,18.461130241429462,17.729629942871696,194.19099836552695,3107.226444556531
1424,50.376130567078896,8824.957267939835,3.4398820186480803,9.229614467777703,0,54.78849440542499,5.658727058316466,14.230154866071604,130.47975356577416,3226.413673397755
879,46.47510640312093,9277.50755306914,4.61559667247607,5.640608879675555,1,54.72340949373864,69.19454239292038,16.89025564129629,70.08088980338584,2952.68923598193
1973,43.989572490572186,18943.816470567624,6.60831436805121,5.960362205075551,3,54.68517029448825,14.908487019011435,7.48229649031115,131.82735007336248,2960.8238645332367
1330,49.329678353153575,7186.388704533944,6.732194378862667,6.433031519841114,2,54.66288513610935,24.175663373215507,13.237146143700835,231.64032786307655,3092.5699831386214
859,45.01879126333631,10952.760078711577,7.341933912766235,15.142128582061284,3,54.66179717744514,62.540555302861264,19.51717608044762,84.98977415664929,3051.1369553988843
886,30.931341853616495,6318.786665967425,5.029785967760827,10.602201333135508,2,54.61789509075508,51.95886789999488,7.952471568182353,203.80492180601397,1968.6226213348332
466,40.17960785906046,4271.6295499422695,12.432582066541146,6.968805834325488,1,54.611811405249696,14.460422916702656,17.40954176056065,185.63484187809485,3219.553762438254
1253,28.407590611035438,5338.829409884307,7.483663457604076,3.3300516372831463,2,54.611401126744205,41.12688309742643,21.244171800631637,33.52618762174734,1757.8399181517248
1845,36.64231758385802,8929.42710225319,0.9323599954724463,12.409351565097497,3,54.5999289200403,8.402040903142566,20.690852900701053,180.03214760853697,2268.7400526238303
1411,62.71872693378448,9328.065406383323,6.8193969485728205,9.467284097689411,2,54.495608554259725,14.954173993448396,22.820986532535567,187.37822876312478,3274.8968870044137
1832,63.71779254326716,4986.81145378045,9.78144284254339,4.748987659167896,3,54.48740735502617,53.35008307395072,11.36258977875998,228.07103725852437,1933.1491425596894
1934,51.562295005657354,4017.8397843603525,5.3328491215889455,8.191219519184278,1,54.461000773867674,16.54707229336038,14.997357350185126,117.80238588006193,2351.0638309003134
19,28.09874648652826,6895.631957804739,1.7026180311381949,7.809283977934532,1,54.45211887951079,32.079743063877245,14.873535072906657,165.7858055418296,2014.3037315441738
893,43.96473024984262,5522.213254662926,1.034773325347007,7.67284472640287,2,54.43343758077359,32.16331220209523,9.964951820112155,132.519951260091,2014.3032132319593
698,41.82314382020467,4176.287696310122,1.840952352694417,7.16118797583121,2,54.4058583008157,41.89756873920481,12.252356067826245,138.07802007722248,1668.3522140237808
435,28.940828611358967,2896.502679025257,3.256945478952565,6.5183276007856765,1,54.37719542162961,65.67231495474914,9.693830797672632,175.6214053615828,1500.7009833488628
1035,51.35674948526041,4298.89474479897,3.399623003496246,5.556065417485856,1,54.33092250107011,20.560617143324137,3.698109155480072,183.1685709566893,1774.9257709705187
1362,54.00325599644779,3249.3949467198095,5.91560475656288,9.325114424953444,2,54.30720656241065,35.96450389035145,14.089049308414236,242.53770225349098,2213.1657815113094
647,31.255106576175315,5791.963492396301,2.66412743304905,5.235249128989117,3,54.29579866207885,8.826063256987279,9.704689137010853,188.0654391408292,1316.5587278877501
1081,43.054712552025705,14673.80347164677,4.057465219483102,5.170099289514036,3,54.286198037252916,23.48461084448506,14.271068580978355,151.54289278974295,2834.8838105157956
63,33.20941783668681,4745.110832595554,6.7164779497440925,11.444457952787644,1,54.200830865208886,24.709803803162306,6.238020815373414,118.77573287502926,2671.9871708868022
594,35.56790315042095,4252.084005210503,3.6039165606783414,3.93952528558094,5,54.19250898821828,10.168481907944148,6.21633192566393,254.20360845120544,1082.21502521885
1620,46.53068129287261,5188.52135625052,1.9734566973699048,6.684599114936045,1,54.18086104764185,6.436641397874073,10.448505227793834,137.36295054101703,1917.7527488618764
386,39.58009990515285,8584.22668841856,5.79197228025475,5.862972569909296,1,54.1573023038875,15.716148747145393,4.792412176308857,280.55672073777544,2480.543833085836
290,44.71539322044338,6038.658388769359,3.220085487030444,14.228100301890777,4,54.14169413727692,40.07685167282194,8.628165556904522,193.1704418679251,1858.2410509206295
280,38.84193510984876,15153.866691941137,6.575429853145076,7.132824685275293,1,54.12540702922735,9.419422459611683,0,252.31216867201343,2924.2410158244625
127,46.62966921639607,10443.667461548113,4.711462993260474,11.096660781664596,2,54.084279621091426,6.66548998736116,8.594999132529402,208.49204335264344,2067.5015815512443
157,58.834375815993,13120.013544387975,3.6426052602576173,9.014236972149739,5,54.07538649919304,39.63125140773086,16.72212912892781,110.5381891161585,2753.3611639630744
1019,46.656349326300116,6841.046404689407,3.7835682815915486,7.060602067049647,2,54.054748962252944,37.276783417926886,12.134641621334051,250.89880707226644,2283.850188630732
1971,39.91571855915302,7350.370894031879,2.788252648844473,7.037741732078052,1,54.05309271998689,49.13207970773139,12.295584423995289,186.4676350151406,1900.6482707158143
401,52.67177620746578,8996.632033666081,18.45686631670252,4.6020387027039655,2,54.047851564724525,26.824975118136038,7.80653185700438,213.33042279258547,3180.7429166721154
1409,47.35258897523472,6912.542621859574,4.001929820936659,10.688599517878902,5,54.04164798727456,21.06493983696327,10.042304077150428,177.24963226519327,2367.556450756528
942,28.52297316935735,5710.512471235872,4.054114549546266,4.025990781265193,2,54.016665930758634,27.236798373935308,8.450905679691425,108.02375450961786,1843.9750049636098
1056,50.177475254060894,7635.163100762322,4.687620824617284,7.791370992400758,2,53.98387881700529,20.268121710988652,19.923690970388478,178.46096874789282,3321.2943073852243
1156,38.123043925575196,8157.3749069294745,5.731025952624321,7.564788743236198,2,53.93129722420967,63.85096916745551,14.492881860620674,202.58476121514516,2301.820710499749
883,40.021570312773946,4211.14769059689,4.198668189262509,8.411746930047658,0,53.929780855330186,21.933244356922497,12.068849540258212,200.6949400136246,2411.0528426517826
1711,51.144817561210466,7521.614216129184,1.33572994969513,10.196929405966795,1,53.911053106567394,45.65667143135384,14.510766763677319,213.77861657355436,2018.2059470162503
1271,42.89017756577378,3324.713893136153,3.3083282885837177,9.914931074431195,2,53.86068425176214,8.728709649542019,22.124687356991927,119.55798103020075,2304.243683940655
944,21.967398566237392,5449.111407539946,7.825595866022501,6.720680616697325,2,53.81986354782236,28.29740180439062,13.654899791701776,218.9759098221006,2052.819387458301
414,35.07720928379164,4162.043911051102,4.787766197341287,2.2298981705809613,2,53.72962464394501,19.229689629829586,11.860026688583394,186.6336858011585,1622.8551194648676
2153,36.877593740890724,3996.3845418435562,4.21769106693507,7.685055367472222,1,53.719822183207036,14.600710154043782,8.065869510553476,105.86726686634906,1627.1209751964634
1454,63.27195838620242,10764.736141166728,5.137880977515407,6.765160813664459,2,53.71848267378776,20.409593571401096,4.636085127796203,99.188696489058,2389.0651959177603
1882,47.80203040061686,7091.129982632989,1.7221621013247876,9.406455249471252,1,53.611844813424405,16.56533025920709,10.278090452389685,237.55912258425263,2865.4311023462415
4,72.84908742009688,9229.176539730019,6.64214478567119,7.866781855132455,1,53.60223145724456,24.33450522840451,10.527468782850983,193.18110458172754,3594.9339001137514
923,49.42194267375264,3715.0592008635663,3.595893144202227,7.533220722542857,3,53.58511148963322,4.081665807015876,10.717272160966514,136.13708936890197,2485.0734237549946
342,19.489273304967796,3307.944143731974,3.939452532213222,7.063769545793727,0,53.579805309528595,16.26859499837986,11.56797625638175,169.70591819824386,1962.4630877667544
1354,51.501778158536816,4498.535047542664,2.730299528618478,10.848121490594071,4,53.57441406662217,8.974932825444263,5.3078687337948836,97.97970983559212,1769.7176097226043
174,41.844512148683094,5444.19713299441,2.778263169041936,7.3550436500951655,1,53.48244029193982,20.554185385474618,15.101312493135863,57.84054450781616,1938.1334169199108
729,34.43411731288507,5562.497830512448,5.586769992266831,9.692740699055536,6,53.43540710704507,34.70616068710338,12.80350696193342,229.6611778213258,1992.385397440727
457,42.14742044039843,3424.1470826867812,16.19899329562511,6.994962052231042,3,53.347776468560305,75.01970880843012,13.947471249929219,242.54203900371402,3083.8948696303105
1,59.01838907497045,8067.48915835267,2.9521150044714632,11.654100055475613,0,53.30436685387341,12.571640874045885,6.509093319686248,111.06903444975222,2032.6100583791217
1816,26.344152932111328,2478.789791107116,10.09470684954043,8.459203923655318,0,53.30094822332712,30.8351032765432,8.797895564719848,188.7826982038842,1823.1091879592072
2039,44.36363790971439,6411.67916661262,3.974459042044952,10.273725326098852,0,53.193522188500864,16.786045822896853,4.868216174991273,304.40471726557513,2170.396972277298
880,46.43576507658768,6798.436143712122,0.9688462815623285,3.6869321810993316,2,53.17816869269417,28.898246036208043,9.877004096158661,235.74358965968912,2068.827748907654
2123,49.03029550336686,3851.854665022672,3.203669479682745,2.312564834341531,2,53.12005693383467,28.43920330120075,17.79329730411314,166.53210915263804,2434.6218572926746
1272,58.58711358958354,5447.841898301876,5.764299518143851,9.176290415779345,0,53.10979173690155,17.78299920662061,16.54941483717407,130.94975089582152,3024.189239507997
1174,21.50764297384447,6462.558991471062,4.109301578983568,10.323800345994874,0,53.07796115267364,40.212015357979716,11.46465761593208,204.0571815388155,1983.694291977403
510,48.54925539376683,16929.567996220627,3.1693548373796943,8.800491809869218,2,53.0640979933688,28.14134768637966,18.73599997146598,263.8073397540106,3441.035141112469
1940,29.709613511289263,13646.566251456552,5.789081257995595,10.347242468780983,2,53.006764438145595,14.24890493096754,13.704361911129022,214.67525524815898,2982.9360746521916
28,40.1674186158542,10312.586315735793,7.858384757786227,7.100140601051048,3,52.914394329773465,74.28680477031233,5.03932209962783,141.00174744203142,1757.8341180194057
75,48.99061488972366,4677.406932819392,6.292474671262396,1,0,52.91281823978123,19.802871067453907,16.834059014425367,224.46308132040852,1224.9443360209611
1043,44.90121680574726,6458.587640758518,5.589796364538148,3.6967373029773194,1,52.90408144403038,35.057678543806034,12.617595292536695,183.38256694857228,1806.100917364189
1799,30.359831874237248,6517.3823125269155,3.1940829607104884,8.393547363549857,1,52.87649881352677,47.3649647466893,15.066601960569383,112.26531361822046,3042.059681317626
1895,45.84479994370685,9520.433426778436,8.36574560145727,9.880005714809851,2,52.82848057971938,46.53200352377675,10.464354476328076,249.91767277500725,2614.3034562769185
1353,34.3149138453961,9994.62599826157,3.4125980777536906,3.5238324575388678,1,52.74356009792817,9.21765071846311,5.747027520382288,190.40883152985992,1572.3567609061242
1480,36.50229609428402,7401.45049106332,4.863127445987882,7.651128544978127,3,52.737578577149144,49.774966436270006,6.515006227734316,132.70373877751058,1998.6936364661237
892,37.401179081207395,3566.192534319508,2.1020408058004114,13.337180623569147,5,52.70471714558127,50.594389047790074,12.18053600037012,115.72853544127716,1949.0611499008576
912,52.19645459767682,7514.879719068574,5.098623686420309,6.470153559865796,1,52.67567818825185,47.10918415047202,20.225979749479812,185.9060193005973,3131.9538885278666
789,44.20055581970329,8563.808722447402,7.565797655036795,3.678674911213527,2,52.6543239552987,75.6379322598034,10.599914268646899,174.08781831379238,2025.8036675875514
463,38.03639653831414,7251.805444341917,1.0653674708843073,12.937340188261816,4,52.631498919417695,18.699982598106033,9.859545770999748,134.78144701871065,2370.82387141438
379,45.81356971628175,3760.570549820376,4.830145588782241,13.058518957238542,3,52.608369755094074,34.848172022250914,8.234666391963298,267.4594244269599,2746.6372532075397
154,50.28423530965553,3452.2089969776416,1.9879144267756927,6.011947934142313,0,52.56567917132299,41.67507183535074,2.6449104443277687,93.12480064676292,2033.3468785136752
2167,28.679903812803932,7981.744528792853,2.976694799629693,13.727501849944106,0,52.559197947856404,25.155836912467567,23.407035033636024,133.85803864303313,3295.9988297817094
1562,41.08863760665698,3976.555969372181,11.080832934469353,8.72603424295766,1,52.53795363118121,37.28450067169518,11.329485449782165,228.0071398640626,2600.2910015894527
1997,31.413941056935307,3384.331928563074,1.538754754148086,5.679602621542128,1,52.527745429351214,14.298433218819582,16.570160267107127,217.3579771451055,2289.1341708529612
318,40.83420020012335,4780.672143202641,3.140236534193234,5.042068218532436,1,52.52195884851443,50.381561975917705,12.69824421965172,191.48904974861134,1734.3002039766172
1763,38.776436762579294,6270.59710666534,3.59993996199414,6.602546434110384,0,52.454796731465514,89.21939611393297,15.867505801271193,236.1283196830195,1196.2969466947955
1476,44.879207041889174,17843.99528558585,1.144500619748582,14.791520807808954,1,52.43209787002942,6.952066302315517,14.287513781045524,157.27625011765286,3749.714770058276
1831,43.32781389595758,6979.546627753681,1.7078362522467772,3.7769347391874337,2,52.38852820523765,10.63074962332795,10.478835406100375,140.26138081694177,1793.92817592224
1699,41.477313305803335,9993.421401703978,4.740438537110187,9.301173756699228,2,52.3075560109992,32.21537354053764,14.10940241465278,147.72899008214642,3034.8320930071786
133,59.0760370732872,6116.373637022376,3.1601017933910667,17.600728941551193,2,52.211775507129374,2.7826149418215156,7.856980567413051,66.858038936526,2396.2645486702054
1705,46.625302140096,7399.680389349092,1.7728025331465735,9.201631448470845,4,52.202147909184745,31.64840748799866,5.43216034289541,191.77167886683634,1774.306842963987
1139,45.343098244471,3502.167463412169,3.6746486106490526,9.810039753133907,2,52.197998773930266,28.580213435086122,19.644620033301546,189.92121728530194,2291.680112726644
399,32.43650710659861,5528.752858520849,7.861674766294891,5.167226149847331,2,52.1858984066824,61.24489081966519,8.688445658478312,220.933580457174,2392.5581757045957
797,27.77608031182631,7117.59806008313,7.673424077899335,12.955178226968348,1,52.180221228968016,39.10653052976162,11.107827881804006,293.48607485074695,2534.8104042753207
1798,65.8165685424224,3949.7061705170922,6.521025909905236,2.868376769574331,0,52.172235942720924,47.59154589345444,9.276878603981253,86.8574835394103,1743.8179472360766
798,30.633906499295723,6191.679363589528,4.124207261855067,7.26014338038736,0,52.10300668082636,20.401809614614987,17.537734547684686,190.44928413463558,2724.2837579823686
1837,49.881117247414494,5668.167733439268,5.739618281106857,7.5722712861019765,3,52.075803556944024,53.38728884590931,7.232206947533845,181.42885438627755,1718.5002691770296
480,35.6210358995688,2986.282252379126,9.677448960865851,9.002337898950614,3,52.03372873454355,15.965546297439383,6.492479876663539,198.83885009997994,2400.5985565316255
2142,42.00724029045307,6404.744428685794,2.882162572110025,2.816756027042615,1,51.998127680495784,44.58931832272771,11.52937007354514,244.20506516961774,1254.4670201175709
1823,31.87830213491322,3262.3219327217976,4.378477748372119,10.145772160535405,3,51.96829584807043,13.77171763243074,15.195986552894595,91.76371506182154,2142.5202946623162
2061,44.88596394463317,4321.375109496349,1.683734714923598,8.073550758615282,1,51.95486155904988,17.570503241684147,18.069106793508002,134.40100619432963,2766.973412324311
548,37.45022562414222,6515.800585274067,3.1710013979632232,6.349175506927334,0,51.95071422696511,44.690444821175156,14.33417802207921,107.09797330159746,2464.5382925593135
245,55.48332093595983,8401.835368406082,4.498177159911724,6.617377152260808,1,51.93915096024328,15.207830125434072,16.42556436929361,134.83256314257432,3251.9608072031288
852,36.202601447300225,6779.277455403197,4.160633205656812,7.931126859654056,3,51.931129648807165,56.77295852807217,7.388670462930201,173.0085426797905,1089.5118156763633
1961,35.74408154964309,8812.524887480564,5.459235956052899,7.733734066561651,3,51.910743471347644,29.800881458500193,9.991838533307869,171.21150300384502,2398.9755271389754
424,30.316821803671832,10528.641677737147,3.688827141248881,5.6742270207275105,2,51.898264891198444,13.391288164675682,12.442330291885124,116.6411901626596,3125.9913576233976
1905,42.46198995858501,5899.130496094477,1.5586515259300455,6.0765255445704245,0,51.863134003914816,22.00966376611863,16.963309993093535,154.0758817872275,2503.876591029131
1968,34.50023089489861,6602.901428291628,3.8568732927188862,4.164588918625439,3,51.79713111884635,52.413144754534045,14.91613924100427,217.06584874147407,1637.8258456803337
72,35.04369067465709,5991.61583384934,2.961302704935003,4.612351745889697,4,51.72666666034114,14.44916617086897,9.184363215237925,169.41421880501835,2360.487270318846
1025,47.84291888052241,12524.321209727686,2.0650803856559268,7.3730726080009585,1,51.70072488241204,25.81637086769559,14.098966412626638,98.32237658903392,2106.2627380531662
67,51.236809302159635,9218.265706140353,5.102448629899481,11.591791463988931,2,51.6950109408694,24.90557860947868,8.756170166879853,190.2758199515508,2532.029534070701
121,46.153015389224386,4147.192569553549,4.37701399618344,8.779877012451097,4,51.6218520677365,41.0931383344153,6.015991945012486,194.03534833809377,1740.088729010171
1869,41.57368769550633,3969.572746101064,5.541653883066721,10.024921246846265,2,51.60951148897044,14.247671295499362,14.333980413437079,160.12486050845084,2322.512596132553
1084,42.93261615040892,4708.888446227986,3.735243846800165,11.963766799510868,1,51.58334298884185,21.285487301782027,15.190282712698746,164.83207006308993,2456.4366766937173
1029,55.21903034143506,9646.051002380747,6.462172519176609,11.00859585513659,1,51.56215503139643,65.84548264443784,3.0802510612835867,155.2829766563254,2331.001044528346
1278,27.114042180184207,7290.245156105247,8.536366925687485,6.243492190701839,3,51.531520248936836,44.142228553317004,12.326080471179223,162.59146067872382,2572.0251227420335
553,45.492699963531884,8478.66807307069,10.458509901004849,9.387826304915558,2,51.517818190661814,12.356072022134105,15.932759353720877,140.51008334621156,2715.4526984598974
1352,63.67538962032374,10182.132072368531,3.5431052914330228,12.654690701269034,2,51.51175254995785,56.859434833269404,0,165.3932770798858,2817.605276446479
341,48.24694744843987,4171.151908887851,5.458762750370942,11.700480644737974,3,51.4646022793758,50.68824621010161,16.581270142609775,224.81928212283657,1917.5497735170516
1779,53.08170371679056,11777.95384983027,10.97097930034077,10.972551280538674,0,51.39865005333012,23.22294067535023,1.8245753138635479,83.4318862385528,2584.315483012115
777,40.24360708895271,3868.538145250495,2.6716301798366815,7.909248234566376,2,51.37209657568999,59.181297979250814,13.336796963031377,243.13224223274946,1949.131825927644
226,45.39364701074619,3276.0443447268253,4.337880206449467,8.314889146855585,1,51.370711068696906,28.7066860667624,11.52065522758076,174.58806023162828,1903.2978045809134
147,39.51980761829738,4182.060741428654,4.784641327308653,9.745341330228866,2,51.36650755030557,21.535812728322835,12.458445086009423,166.20919548817298,2493.2043012468575
264,36.033693395848815,7996.1750445063135,5.440271526873467,5.745089606521671,4,51.34981243443083,27.930744395802527,9.477306371773523,208.91474272050212,2287.3215156150136
552,41.75499393502088,8451.69752069451,6.995532555138235,7.7047667498231345,5,51.34936222248936,29.795097352574764,11.498137151469127,145.59750966842475,2304.5963422035543
991,33.85422047624674,7499.652087352015,3.8330350679396004,1.8000822114377861,1,51.340048240021666,33.34427795688484,20.76067247450343,152.53116406258664,2117.7934287577727
2117,43.11113903628072,14195.894679737197,12.77572072571394,6.274637995344019,4,51.338611963152694,90.72699187880126,6.387799391962383,209.67858171598982,3134.4971909146248
172,35.860330355147106,4849.034701564608,0.7014952155345541,8.493705336154937,2,51.24523759889526,51.98962215465838,16.93113769110076,198.00548939022931,1748.7065992585747
136,76.28374665456312,21410.18743347034,5.919224595288065,7.156324303484038,0,51.20901804135589,27.855214661804084,14.685626535887321,173.68607223008843,3919.839129327028
800,46.04895379438959,2961.1127860046236,4.6360514462031635,9.411115142980972,3,51.20355451969469,25.218013776695514,12.095160854629215,174.4959230226532,2326.9978965575956
2106,38.86465996194356,4130.479791579516,3.447399859799829,9.964673473933644,1,51.173787869591735,27.11235421193956,4.811729051306452,225.97659772511386,1855.2711840246507
1701,47.036910235587,11032.521276724714,2.185523658104072,10.029463874558406,2,51.17167502939769,44.939568819836786,10.67158847986774,201.2321207664084,2339.281624817793
2063,61.142930700969444,15204.365311361964,10.58136454309129,10.640263570561924,2,51.132012844949614,24.2233260757897,5.741323933115255,53.51291962049058,2784.573403833175
619,33.49877422146258,6455.1441215274735,5.338752682512897,3.413786018117259,0,51.07912433101235,31.2001785531034,13.056884697834276,182.89226362634744,2372.403234095249
1402,39.90298783448844,6780.9085107726305,5.249704178538169,9.261641213594105,0,51.03792628468832,63.85598784770057,15.971566191931256,233.71068868049392,2279.975974442911
889,47.15813817025159,4989.639199666247,3.159204076801428,5.712201197781131,0,51.028257622217644,11.986459607615584,12.801137239715509,178.0219712351347,2417.572700062615
1192,42.861527609128245,6200.856213052773,2.167691481145817,6.501031405745132,2,50.99928133774393,14.53760039707284,15.699062787327986,251.11938796927603,2948.3998759827236
742,47.247853500232324,12288.926380635516,8.194377817315194,5.821852374875958,2,50.99708725386801,29.162953709062627,12.669643811295296,182.65886675501807,2537.9171123427727
1568,45.95436134184494,6156.0253575499055,2.7546387875918605,9.567364583628503,2,50.97886874559895,32.68661365392094,9.403600201131942,210.56224315985457,1908.5484880316483
2066,39.95230811800449,6274.318653880403,15.902868677699061,9.354123076708046,1,50.88136153752409,16.708128342062757,11.266623990182934,85.3355698739305,3843.078945254175
1839,43.899164133424314,8581.176540703347,1.9071152881478737,8.53848008122321,2,50.810251691624856,60.581823023642215,4.099474524761638,102.00145179796245,1645.23316108631
1010,50.684676850902946,5357.242639379997,9.379767507659752,7.877886947189472,4,50.770458004011665,16.505126710246426,1.8173208471065738,132.99837598073756,2261.9552000401754
1475,30.633445207676434,1499.2761225964773,2.2451074055561935,8.433848861099246,0,50.74334337254835,67.16991507873419,9.270600741779646,224.1837154730536,2047.4355663815697
2015,30.982028165244685,6294.83585260502,3.218168813807546,10.555697806295544,1,50.72877901869085,19.004607636932505,1.82071912804361,190.1167355892364,2548.0457606107316
268,52.18718525493398,7222.527214819634,9.166697865031455,12.053451859317239,2,50.71459693556086,51.653947068935864,11.231009522897997,184.5311435606762,2301.034060034161
848,56.3983747219011,8287.717292589983,6.159976626584812,8.516531647677708,1,50.65467301199592,17.36283386440108,10.463142887383235,148.43243486138272,2868.1233541791985
108,33.76366213618371,4377.72810626264,2.0770338192366626,9.229136017530518,0,50.57713587498477,83.78142286130407,23.627714795394162,231.27927694955247,3321.5632596662563
1293,37.07067111578902,16287.669491658433,4.157502509625427,6.956680572733723,2,50.56899727758367,14.792361158325008,15.413752836148234,260.16136211845327,3392.6004361521987
1018,53.25750755193117,12042.037813752642,10.06363999804843,9.285953647049826,2,50.55946361130952,27.231963754214338,17.415053283162678,180.57323993873925,2821.977094461476
1004,43.97518611150196,5742.294971521276,4.000043863353539,9.204729762566135,0,50.501129750809206,11.853452086612183,12.653122629979224,237.21758772541466,2917.947168404348
1319,42.616127890121355,9268.252996549876,8.307178121548423,6.489589382312711,1,50.495081644774885,73.69205562553508,1.2670493346169192,174.61369001047655,2191.9466052470952
244,47.01258910410414,4388.95286719573,7.101975958966907,5.692479578225073,1,50.436740187512676,25.3789979643105,9.550254161000414,87.00089602833319,2047.957724892414
1716,27.474258072935505,1924.5196625423914,1.5770486021228407,9.753516592374273,0,50.4308383744219,34.691809324761024,15.4129511092981,153.3717359742386,2550.544637858812
566,39.992984992993456,4855.313932501362,1.8012155312579916,5.206448147305841,4,50.428549644688594,40.12774150815676,14.013747115352368,147.96856442725903,1081.022027654702
426,49.404777655456144,5263.527122616761,4.8911819595108375,3.6597838610199895,2,50.417260132852384,21.909802378452515,6.785694228529226,284.1011085029477,2174.7877202298814
1836,50.972373766091636,7543.380813526489,3.8833483993648508,7.66307952089075,2,50.35198708853533,24.142741795190112,4.226982621537587,103.79140709313242,2070.313830091306
1565,53.04639765886681,5378.876267130613,6.070184639971457,7.023340528507921,1,50.33903725122229,58.447604632876,12.428462417226251,138.65095234563387,1921.4316381373424
2028,29.24011616337434,3567.3080395030224,4.290632697161238,8.552508473057344,1,50.28154797257572,52.61276253139235,15.07426772839455,235.33697836349393,2612.427870711367
1039,41.023489526846916,11308.92596464596,6.51965252681321,11.224883551675896,2,50.27262216399393,46.61687690520313,11.582610744064706,289.5357210047641,1923.8749365606925
1112,38.46951699212021,9474.31854620573,6.013253518981843,8.872765694965757,3,50.267320746177,35.93554060649713,14.886808327386433,206.55281653781984,2665.595032959651
1983,43.19568790016576,13209.859995496208,13.994120919575742,10.522533202481139,1,50.22998964186126,66.75941738206754,21.59383908570279,51.23891547888667,3979.5093011066992
202,51.36636939605257,7144.41399186958,4.074116301091911,5.391519323870566,1,50.15210403263921,32.35159209678994,16.65906986239046,123.96449984801447,1982.114916614175
30,34.08620887831415,8344.7059789297,1.2704067096591432,16.239111896074014,2,50.0861107617297,18.51824206042044,7.548151680269523,137.15929133974535,3017.1823679110416
199,52.178295203665336,3427.142589548102,4.655387133521121,5.824575923467567,1,50.06793991158103,23.136097000906425,11.527689654412786,256.71382938624197,2284.7269371948832
1421,46.61996425076991,6075.110304181927,5.514043939223852,5.0192156466632545,2,50.04852207825519,22.474262813246305,3.291635315922319,206.39872462930936,2509.7679627095395
1950,59.48826457293282,11572.392473206643,3.747796503694033,5.723595441432948,2,50.04298981679776,15.950863658123726,6.556214556690782,159.72160327770936,2762.9767060829063
1774,67.93579695712191,5104.722195492483,2.469810723992307,7.734412994192989,2,50.0140881474299,71.75787930007613,9.845732261664969,96.79207089039289,1876.8706686273188
1255,43.531529138255614,8212.890206263053,1.8771717144422853,10.71215860202154,0,50.00423872666965,81.05273676348327,10.835781032072365,255.51848813333314,2253.0934022067318
1797,60.03932907552158,4813.909763692789,7.99152357110525,8.489706256152077,0,50.002021113017335,20.946595082425677,0.842229262325672,158.50753015419005,3308.3876915187566
1014,49.208906115939044,7537.559063824146,2.3541266615176535,8.419010246829265,4,49.99286581191954,32.866000851271906,18.666547955828904,224.86224577227696,2671.198320440189
943,35.55179255763129,7571.885622993459,5.26013380238935,10.78483383585327,1,49.94061124926894,41.223551087110174,11.17169690781186,211.26108712703478,2575.990460443293
618,59.15699845751419,7384.0323651048975,6.599982626040117,7.820004135759987,0,49.92560079160396,28.724682485014963,19.09694112362204,113.27525350533375,2467.560182123452
2178,37.95104179784777,6152.811660660035,5.447622892632108,3.399524155644409,2,49.92198915279886,5.440376531417641,8.643279082242666,170.54964875421277,1843.1280963000916
144,26.673892441090633,2574.427306004029,4.737952782284524,5.849536473038118,2,49.886393723976184,23.515636533718276,9.466973028230363,164.8723027383743,1125.285393153284
1704,32.8969608745748,3428.7041854909953,7.801894485660976,8.193883758707766,2,49.815587014540576,56.03528463145382,15.264076911512628,127.25882746088494,2188.453464565073
1251,58.167293317835174,17653.732649126945,1.1555531813849795,6.492674894126351,2,49.81243468115549,24.075174111576978,22.62430360716753,216.3286944145311,3272.083668896635
1653,47.14304771172965,9981.792634096595,6.253495161668401,5.484404884594326,0,49.77717876239699,48.206469167390665,15.72218141005764,173.06152033645844,2825.1578406085273
764,66.0537897702506,3467.1991632728605,5.172268713100977,5.762739258455017,0,49.66438278054766,18.040009303000872,10.20481504601042,247.3100358868687,1948.7109901348767
97,44.418650993257025,9233.19638512764,2.4044367878263064,5.278682186891714,1,49.656223230127274,11.61543474159471,10.110331676279909,176.66366099740029,2463.9161949228487
613,28.508438476751955,7067.516317222228,4.2361516987050525,9.411211904583688,3,49.579508994081614,17.361303076229,20.165768578163032,136.89592430144475,3283.623255495335
471,39.85445163675125,6382.394916366112,11.268979607870895,6.922134664916722,2,49.55660750987308,25.06073971291998,14.447808578739764,173.74195923866483,2620.2682574833025
1086,40.705787753348694,3118.062060667372,0.49280466010865426,9.14399694537358,1,49.46950948855586,25.787303409454935,13.236207194077643,100.07396198102295,1287.650393306799
218,39.19482782074153,5308.021264476675,6.190952490782442,5.975887051208479,2,49.459973050532504,39.307431741974625,10.189295228548124,238.40214577746684,1648.145530978111
721,52.14701306559828,5132.07529031587,10.3997678438035,8.025931116847696,1,49.45286643324921,55.03687850675871,15.818490258208188,198.84981194050394,2669.6223606566323
1269,42.398229031858094,2587.455974016992,8.388142483607542,8.133439816900538,1,49.40480281650178,63.00645454829904,13.870170908597428,156.03687736753622,2495.766487625621
1963,34.711233348085855,3529.975416916446,2.4319226721607934,8.962157182177387,0,49.39427237320125,40.92336298469628,8.949610877003888,138.67089081226135,1484.9501613227717
775,28.38424158591328,7981.322685161923,1.8597153256201884,5.603968594347009,2,49.3219876274704,15.68517364729779,14.901431652391661,304.65182413978977,2240.410881194716
2016,39.84116411753796,9816.298554623472,6.283644765680332,7.015593416480242,3,49.3171282592496,27.701238164068876,16.77532769465322,181.94125652862314,2830.7274062852616
1538,56.84362238682053,15670.52830841477,1.030494266987289,7.1320031388151355,3,49.29241048929022,30.06373099816591,8.324051828673175,236.7382877300614,2913.2215872562633
1703,43.74806814419298,1828.1391922095436,1.0289013077971783,10.739466573128123,4,49.28515704834235,26.794409642559003,8.685084747386666,211.02809254268135,1231.3047651283764
2033,31.231384683598854,6500.536518847069,8.857752864994746,8.098653279955236,0,49.2643221505557,26.286436040539087,5.752333401464981,100.80988323052027,1953.6977235347097
1994,32.510619613207865,9394.017574811467,2.25234976372724,6.943825311404489,6,49.232896698021946,27.64709340841995,7.887587073181174,199.05961911019097,1941.951628072385
1747,31.621539932741666,5146.525249759304,4.020895552090268,5.441459262497758,1,49.172510578133476,7.245897013980363,5.457560156496291,292.980558032198,1917.638567782963
1603,29.39468674825894,3571.701303165662,5.868168318780108,6.031077941614045,2,49.07023096038698,85.30230005166823,12.14216055695971,157.09982007480298,2663.869111969025
2001,51.72461986034331,5961.445286086994,6.148844722223713,6.569066074436964,2,49.06138874155735,38.9328883167306,11.012786257922265,193.23531927030336,2591.75202056117
885,51.2480017098746,13066.531921957967,4.9563503988258075,3.6081660372949056,0,49.04374774227086,13.031150683035957,2.0082862611360124,257.5384885081403,2571.5643989423957
961,38.71706181960882,9454.332153883255,9.018117963599163,11.600770343060361,1,49.03779043537066,50.73603525542019,4.446141031047987,153.04424836638987,2205.575316335274
1736,37.75527491802377,3862.5972450496593,9.687447176459901,5.358763581421143,3,48.99479835397167,14.719474455225244,18.91862384216217,233.49762986225727,2592.196690800669
904,26.633218726473068,8105.671734210196,7.658700276539692,12.399789539548879,0,48.91071652292802,55.95434026843542,12.344126617724779,107.43080430146397,2513.1489406190444
511,39.1199008755068,3695.605779375559,1.4335749208895716,9.983944479839346,1,48.82537016023165,33.05666278080834,15.750270404338792,114.35957168072268,1835.820342717769
2129,27.046749396567538,11860.257982717829,1.9535453337763102,11.980600870459327,0,48.786115188881624,35.2632770122986,9.198652083735542,173.20559582084866,2759.260696894668
1575,60.102948749800305,4286.447354077753,2.087958721659582,2.296374124921183,3,48.73315820795176,5.943112649137653,19.294326492536598,202.6205138457474,2674.5840940421695
1732,36.96157251382385,8959.719186228003,3.4584310213476845,4.820731837135001,1,48.65972623303191,24.61707320459538,13.259593448928431,145.8222075464189,2264.534964615315
167,44.928452830980184,1917.2277140433546,6.356191548018724,9.654045761858395,3,48.645450861516814,22.074051108574338,15.636595820325564,152.4904904457074,1722.9661431552597
1533,38.383498268611355,3316.654176714408,4.031431487183844,6.669468886467536,1,48.63512804373204,37.07553013181165,13.32285189085174,278.57174838021314,934.8965065356069
210,41.10476275069561,4435.6203896512125,3.042406520786163,14.663080389425359,1,48.6257210062263,31.350960277598602,13.846501584025127,186.4720619569681,2458.257716009354
119,25.467648040280352,6145.081281484373,6.3142920215340315,14.079927680534478,1,48.56513932848433,51.519311023801436,10.501784157973686,57.64926606265746,2244.8625296015994
51,29.836504752631626,12439.792194443404,3.6603196173873354,6.298279667574956,3,48.55885354272837,53.618772655182894,10.823313424321583,175.8153067121888,2510.758171524483
1392,53.14141828963406,3016.4808487368828,3.2805874740387635,8.126475672729601,3,48.515981658827585,38.26119622768432,1.6433134391105142,88.19094660791984,2260.8338034403105
422,43.69177448589822,5979.461145856414,2.1569854472554493,12.695340042692273,0,48.51042903970246,14.103451163332362,4.3308598655694315,166.06246802875438,1882.9558166782767
1728,48.54673807058541,6229.073958454509,4.774517967456477,9.100543285478228,2,48.482101509691276,7.243329451546845,25.55610419469022,223.58604195857643,3846.9159864972244
2107,40.0236576289129,4455.030773765664,5.71763219325813,10.65520563993521,2,48.425088289838456,23.975735913339783,6.891163827403463,170.77124100344346,2002.1323140678155
1113,35.21699146083087,7005.398259710269,4.286009376528632,12.178580399633542,1,48.38305094490562,28.849544742599,4.565103447455307,281.3853414102327,2076.9118207343645
2037,37.67734249471005,2622.3200929548752,4.875785772686395,6.790290388496592,4,48.37836928473056,24.444274998714977,4.036644000339573,176.92721765536567,1473.9001194951366
687,48.756947648277716,7498.055908141665,4.254100231691874,8.280350568631258,0,48.37005216859595,59.36703421022163,11.524881813065578,69.64512391030198,2592.9736249358493
1345,18.470948040708752,9401.196116525567,0.8697466805781318,8.062980630152898,2,48.36929308551622,21.656227640747463,9.936508116799926,193.89151293427767,2402.9028153687027
1305,36.756372545391194,4142.232936387776,4.907414889848218,8.093172471088886,1,48.36106919715394,14.991399956902804,10.791048869119349,183.9606620584184,1707.2039662162538
938,24.911307035301625,5007.208877401371,3.25376224047167,14.48257405399739,2,48.308970817106086,19.752779130536883,17.90616494397651,127.16010117853747,2400.1862622400217
1919,15.635906536080359,10703.762858148646,12.023694420819506,9.571413338411036,3,48.27147911115288,7.0535825290732745,5.567296318194735,190.09987749247585,2877.971240317001
694,27.723507319086234,6495.355326990356,2.8351968208843523,10.092864567297774,4,48.25298682920639,8.922971123460556,11.57339063034041,115.99356024607435,2175.7211056262
1522,51.83426843399285,5227.33710205796,2.4476229940959953,6.116592694788004,1,48.22456456883783,43.17293105939334,12.90246152311683,204.90105743743527,2016.7238545513528
585,43.609185007193695,4820.512246357302,5.784284863427396,5.358669250976147,2,48.21395769535326,36.55114679319647,15.642537012613749,212.2137569309507,2622.0063731168516
2198,36.80778425389783,5231.529191317999,4.7754942740368715,2.0688247422421266,1,48.2120150248837,19.970655144927257,12.640025975420256,168.1786020629227,2165.407773204991
1478,36.8689910988929,7005.9569049881275,3.2453499302479396,8.303099967572763,1,48.135855678034616,28.25118520102635,10.839744526007447,205.39597410697155,2093.828603442598
1407,39.102856570072284,4889.482071063059,1.5776724823093546,2.5867927316604025,1,48.09849694131813,59.332377087921564,8.761520172628995,203.14810108966464,1014.1883439812734
1182,31.121315739815,11430.14973368706,7.623044564441285,12.788100795024395,1,48.01081021016424,22.228591311009183,13.762987498074231,193.77206975566514,3013.09546441868
373,53.646959138460744,2291.8049079378548,3.756361437078815,5.9928917004703495,1,47.99282824143028,18.817469511736945,22.997934591160053,234.77052065315797,2833.3766717963135
801,23.273703150398667,3717.429455405193,0.7307786932732262,10.220822922474651,1,47.89627896158631,41.24052829780575,0.26989859720844045,117.29170656159238,1308.5643799534894
1410,36.253970048345764,7245.605624552397,3.7561359924097224,10.825106726399126,0,47.89491875848353,29.743452090389624,10.51068226684174,166.2679076157733,2137.8296306163206
417,30.60112583124355,9016.757161504103,11.944943171835034,6.646745288512218,0,47.8617231791445,6.153744667602313,14.796080736084804,135.61834864359335,2915.1382994989326
1194,40.443817970181264,13877.78220734981,10.541298118730996,7.741317238669343,1,47.85481047799609,28.585502159972673,16.553561501146994,93.14823835885147,3306.072175880072
126,36.94134402689276,5589.635868616544,5.344491472888841,5.46776315787009,1,47.73783285603407,26.597954192198124,16.469439510739406,147.27545652817307,2220.346819929768
1236,44.38351111525356,4776.252839386935,3.814324396025065,7.312757563862154,1,47.72105404732969,17.94871663793791,10.57110953718853,276.5361102787647,2646.316982409639
1896,41.96415846013255,5834.815582960148,4.4515277355556515,10.695169922427109,1,47.71309495060659,47.95690575710415,9.348601086123828,262.1654310465093,2788.1621295699215
822,32.05895288459048,3643.348963972091,4.597199071912218,12.24059349753923,1,47.65077302774477,26.89701171929631,5.6040624256622085,141.59674865980958,2225.833507222455
1104,29.60521806464065,9978.773145216075,5.281369776517981,10.961917082238815,1,47.647782340609716,56.4125582337936,7.8808893880671675,163.7140994929804,2584.325981459567
1979,44.76335177025811,5991.241151659459,1.8745940694588499,8.07722802764772,4,47.45362002210027,55.29861672454328,19.45518136013135,147.52008779120894,2514.846775624441
1465,41.73102999378732,7212.025013840188,9.622705544987715,9.942278833731406,0,47.43422157627965,10.699266395908335,13.913910963889041,166.84043193693714,3071.8946095059414
1088,34.638987186575335,3485.185647631415,3.566348133975937,8.410137286230675,1,47.36962726478513,28.52367302349154,12.593393893863942,145.73639410080847,1780.4688623246811
1065,48.66525758411476,6065.174895149825,6.048015605075557,11.585302261045884,2,47.34908542258906,45.91263880731043,3.6749933069820777,300.07645380876966,1087.6485128397985
1467,51.82996899070384,3895.8421540954096,5.674416869783393,12.197081965569856,0,47.312587957528656,88.75343936792143,11.114661973320235,173.32802726089724,1987.4040887353804
1015,38.664260676484346,8148.16833320513,2.6357775391061136,5.81473160726903,1,47.30333020294269,25.54821504529814,14.55969435690347,207.38115531261474,2646.917414751323
398,57.867834334129896,9958.033481876051,0.8086386754208758,7.527191022823643,5,47.21489458954424,20.682190757655263,8.506362775130512,147.74297890948984,1633.1173698884068
2076,27.662967290923827,6130.451376012227,4.297451177917968,9.025273044072936,3,47.20455026148308,14.336640054239986,15.303778544225315,208.3861241501348,2572.297449308153
189,63.740276105143195,7779.19262840404,1.5485022546902292,8.58856897623587,5,47.171812771479296,52.82779159738479,8.971592106811931,280.45645014197174,1730.2180743200927
740,48.260500860542734,8788.705163145298,8.638292319594507,8.149554225697617,2,47.1523476282401,83.34298073651681,3.1958964061589654,176.69175783938638,2248.6799630902847
47,55.721689705060484,9223.681021890565,8.339372288746965,4.364297075978703,0,47.09943533789957,28.99358582652875,8.49412920870206,152.7803073410539,2331.2736345126623
1261,45.2302522026688,6390.487068071968,3.2880563046729563,8.831160015169981,0,46.98493447471606,6.806926332147284,5.103744309908453,255.15058451129545,1600.2291326179738
1876,40.01590522218863,7187.285446576895,1.4301745185332964,10.136494582217159,3,46.91600924809142,25.789582656436156,15.066216424226003,127.23528888647013,2232.285355910809
1363,34.46226217276844,12479.605938660417,6.374240251219219,12.5465888248353,3,46.79679855002987,12.030332055532096,14.243469844153076,231.6922570635586,3203.2122578587787
1639,35.792269690265975,6406.9343259361,4.94429570491444,8.733886354639555,1,46.7404154352005,12.42254839710363,15.624028670286405,177.67804534848779,3068.1593392681243
1569,29.574164646856353,5226.7807928645125,3.93586934148952,8.202826396334617,3,46.719069058202365,33.35555908882002,6.633868043144612,203.07964391725076,1559.477907684683
891,59.223674041628826,6125.740027745632,6.45564110609974,6.074406611319555,5,46.70536055195264,52.6924366603284,9.947380045229302,247.43917324032526,2170.2581523722743
1678,36.58174647842067,6967.13154608472,6.465510910436367,9.025883456183138,1,46.701553401531314,34.83359683480046,15.32084720316411,253.56918266369883,2412.219241913343
650,46.117500501071106,4332.824481892137,8.09914147120324,3.5012953819638284,2,46.660022406851766,38.13207655903473,10.99512658697845,203.11633971967882,1524.8948998925987
1962,74.54999649707409,5386.586745684068,5.933242235566002,3.4584768760495432,1,46.642597072063616,59.72374842096543,13.373812327976438,201.2519499546122,2055.612866062437
1992,25.070435615213896,7602.545486652792,9.602679043839915,6.976034863432511,5,46.62964431283033,22.558742980627528,9.411906146929915,166.24086741618729,2597.425779204199
93,21.673428682140415,17759.049925910265,4.1416153348675016,6.568403390681854,2,46.58381656280331,38.73343716571625,11.106041947063238,248.7042910902244,2798.0041745722156
1894,29.677953061688136,8654.639494840738,3.1275125695667265,10.162129190010162,2,46.482679563972766,22.315498990139996,6.876063501751804,226.661137880446,1936.2698579518922
1985,49.90506458841752,8003.266588987598,4.123016372942882,6.840899334179339,1,46.45670200783303,10.068500767891265,11.310141795038488,124.3181938657346,2614.8506076940957
689,37.573260343081664,5035.858306033481,2.7276577008273817,3.7919481983133174,0,46.42600215466287,54.021849551654746,14.454866949754013,264.14858705480924,1983.7333701844916
1059,46.24400314659176,6877.400729590312,7.1444508204970045,11.065359410471046,1,46.42328530068308,14.561022559516722,4.815793489444452,202.10208282727675,2420.6066262648756
262,35.164635511035634,6225.983855901165,12.270157101754906,7.4504535211786855,1,46.411486217914806,57.48776600048594,11.291480688763853,228.94493138759475,2913.3873318537417
78,15.888463411110315,3242.9065554781555,3.071071340306036,3.0740056206891566,2,46.40547676057924,16.883551464419533,18.512402577231178,226.35843617594094,2302.9340013922724
1586,34.79245769167823,7694.281179508764,3.4980418668809867,1.5218476947090602,2,46.39992802240224,41.01311659800075,20.422360228203466,91.19259632674748,2687.9507231113475
864,42.39192684839623,19370.672986746365,6.18653074398268,4.673872989612664,6,46.37715913747818,31.887368727339727,7.453212344343804,169.69374237252902,2690.1085313479134
95,58.59553398584369,7180.751014224975,3.460263590719805,5.975457109515256,2,46.374112789041995,18.012302027224674,4.655490555113338,125.6152859624456,1699.002452658348
246,17.77834544246881,10855.18338832885,1.2430264288118524,9.380827136482143,2,46.36482170675728,38.9348979582808,21.639062756765643,255.9679586517679,3185.4126571699826
817,29.899888308755976,5182.870464235357,3.102643442749643,11.825793615861873,1,46.354188180061755,133.51942351193136,10.65680867699485,201.65966968720747,2036.0705648334774
332,31.522372750971428,5339.112549400393,4.280057885158135,7.2795533264665,1,46.230244607698545,10.430231701872673,17.964015399001923,208.3593166498244,2019.2202043185239
542,50.20191467615763,6553.470464529019,2.3232391002288604,12.398652722066501,1,46.159212129284974,44.30433907911683,11.05518128791686,223.66388462036213,1976.433589596562
654,38.52780920275325,7773.8368348054855,5.036764416580251,9.326143053005932,1,46.149955351443936,47.17369789896211,25.530147669488308,170.10227668443392,2831.5549386990333
2086,31.5120776093355,4659.232584331861,2.129432342664683,5.617793894605123,5,46.051630230563426,30.98208090305947,14.71255182578902,152.52105993790548,1727.3153660640908
2190,34.71085494934243,4612.685019537803,3.029312037039686,9.05866976310006,0,45.91000441002179,29.779580745507864,9.498114398230024,205.0561328107982,1502.697384577837
683,28.845335089013105,4980.740134620084,2.843808324005613,7.0945893500729085,3,45.86712167993103,35.64850931098699,20.054099470178404,134.76970134759887,2553.5797946657103
1241,61.048222537579335,5401.445504047467,1.9092687004953874,6.0075992046323305,3,45.815906483876894,43.82874621739336,17.42824951298651,170.83192450747248,1907.0279289811272
1932,43.70283398972125,10936.95094417743,7.52741896768518,9.165578915738495,3,45.81588496370206,31.65622108605147,16.137203618607554,184.94560992761134,2623.1732599814422
1377,29.333452574892114,6147.620241565366,3.133832715290151,11.48623921397229,1,45.77761934720601,34.507339605258515,10.836380850447956,224.4940695558053,2343.7101141259036
642,50.321353864138025,5690.609903809728,14.214749004835783,5.543771190437365,1,45.75236755478235,44.15065103103626,3.3742509149704407,118.95153175631555,2435.4958910907576
1613,49.20858572037096,5241.249901046487,4.246253085716699,12.346695578426093,0,45.748836129978976,77.89710652144153,14.776984183213004,290.1725898614683,2471.2809781408096
697,36.119397357061544,3602.116919405915,3.642359409231475,7.7205476122888665,0,45.59013852366271,31.55933570541822,19.020591887012294,160.00953922508543,1854.3474361089582
208,62.32590682594565,6649.659935804235,2.1784212060112287,5.248553366505712,0,45.57991197407694,27.25550974489844,19.22453926316307,158.80320350285484,2435.3432238006085
833,42.86170105948439,4438.404188032383,3.1117570999485302,5.523905611727705,2,45.56150275029293,56.61190496939213,13.34813449803651,110.8788377045697,1317.3712902025027
1506,52.99234069672426,7945.719063866945,6.951665669249485,10.001696423569822,2,45.550251905090036,48.273603539493074,16.821979667587062,102.44928280299824,3050.8225391837054
2169,39.279255160509706,5763.079076773639,6.951789843873187,11.257120229915104,2,45.49977340626043,4.529480039653884,14.357858917529196,205.23305598496387,2399.961110129569
921,40.421055086717814,11017.648516854362,2.8925690091199208,5.483256607952557,2,45.46218257713737,21.507693709527604,17.86153627117912,197.85612016866824,3440.4881802884543
1706,47.66874169480035,5082.849653167327,4.721899002763566,2.6580380686559586,0,45.459721375017494,16.164334385931646,13.63907320644418,205.94536027024574,1835.2081435483828
945,52.39588937879775,3827.274117086974,4.37256027320889,14.872172689450533,4,45.34988751139803,26.73220121565779,12.242201615294972,149.22749213070603,2444.772874239286
2122,47.094769582400076,4504.614025902117,6.8787511128451735,10.513964984834505,2,45.294917893437265,27.96367158247172,1.8659621544920881,214.21706533595847,1830.1759255401905
1693,22.346690204149304,4539.763984592947,9.66465016675522,4.5787609418798745,2,45.27913738547939,36.325965953946614,13.280131809726722,171.18822510799552,2056.2347888638296
1952,37.7901654411475,5213.665804321361,4.529435136157512,10.344106128477112,4,45.22349956399741,11.443675402403505,21.927506064254338,261.8275517221323,3041.1429626691493
1545,61.271770151292614,4268.7459420478035,1.1087624709358803,4.737088396750585,1,45.074388577837304,64.1367767546953,12.831708459588155,88.61350158808635,1625.2474326946522
1681,39.01894736622767,5034.53431490292,5.215160481512497,4.655628284893627,2,45.073384143234684,66.28832392733925,8.94547350997021,195.1084673118795,1993.7576281063896
984,39.65877308531763,10854.735230562548,6.046664629929347,3.435404677763283,1,45.05450345903193,107.15173015975296,8.774682307047673,211.63126024053295,1848.114497236334
141,37.64544765958951,9965.621416396907,3.9165079896517416,7.185138072460898,4,45.02910964730402,40.03362822782661,15.150158563547558,120.68095326033902,1783.8585102509642
2096,39.26414237824344,8110.906408882593,2.6150364724695296,7.019979061745004,1,44.98311623459074,11.679912927793623,9.100356945126205,220.71294042910893,1740.736038963853
1235,44.478615386381236,5404.571489116591,5.700533111361708,8.643425216891085,2,44.96813207226315,39.687188724172685,13.876673175539967,251.12840725544558,2059.247670186719
983,33.36477554206441,11975.574840102583,7.057801543945818,7.811507773636066,2,44.95703896735604,46.25159626645679,7.261730717805106,262.04779796029317,2066.8494591768945
1623,46.82733698298973,2477.5395104837958,1.6949827980111998,8.964648083078048,0,44.956514722314736,31.758668473156327,14.153615510185617,119.46472667842656,2329.07369516941
69,50.67730284467501,9845.181222158619,12.025489917497708,6.66094270748343,2,44.9036517730609,29.246208726919914,12.654402705642267,123.40386355696461,2889.6051487947843
353,41.85454066566586,9507.041270777447,3.3129787892986453,13.571313257189733,5,44.88996771221782,19.880812493698965,5.633977369927467,183.29395211270756,2054.191505490057
1349,17.907405988053885,6205.607304334822,1.852482640121787,8.300273218485728,4,44.846187930259994,4.0542876022763545,4.65702226534509,118.4044624864942,2132.839066079052
596,64.44542755756991,8882.642926687722,5.502770007230508,9.958787740333305,0,44.83680736060195,65.55122822538021,18.162614431285416,219.55495920338387,3049.1165296412237
1872,32.73347864583543,5323.682422441238,1.1983429857233823,10.384407050442087,1,44.804821433395034,20.937720406953286,12.075923024508903,169.28400264821067,2000.144001028048
1671,12.834990721304635,8987.34187734154,2.7500838919103168,8.270532979538876,1,44.79922455086713,33.88828092249598,6.100963678562966,129.36828582693394,1999.6220870349662
1037,29.798150385050384,13325.630200912088,4.6928408550975025,6.328202334843636,2,44.77428639145125,36.36295959427933,14.328609954172018,167.3406301808212,2620.022308775926
638,45.04372219365373,7619.383556567116,3.0512672426161958,13.705103133197571,2,44.77344515798232,27.715172102600434,8.499823791926602,164.6054571762831,1643.978695536503
973,57.22358822785415,6397.950273055549,2.427938230484126,6.228968796360063,2,44.758753098142854,9.22747763599119,13.623574277163245,146.53479301340525,1403.822328578389
211,37.54384311096351,3054.525876140239,0.8910033752539758,10.270620743403374,2,44.67786632868535,26.560800203775205,13.520850663110789,212.16208479216522,1893.9184998724068
2078,70.31425987800709,4099.799497892171,3.353918087883988,7.911756635145273,0,44.62850018814446,32.34730176379548,9.843775119754559,186.04869311120177,2745.6831503719313
82,43.297039366326345,6067.507033113197,4.588383595129354,6.955218139265711,1,44.62745823016397,44.609734711174404,19.667542922233313,167.05071187564465,2940.495175398663
187,31.302138834355453,6560.061420878963,1.92492825447645,9.957664107240603,2,44.599603990746026,29.780378508177876,4.352559029346742,173.87701955406558,1923.4671553406986
860,24.905132968773167,7380.091722128543,4.092545464016219,9.786170884174298,4,44.57076583825361,17.551593812976737,9.617676509469472,192.9591544549247,1459.378525522834
1318,57.43967675690111,4025.9649583328132,1.3164309883073182,7.295229662354006,2,44.434520424704736,22.701771263766492,14.203108405083501,173.53196221084252,2137.698548678756
1912,30.776382455915254,4740.963216263639,5.982414101875269,8.38925483539095,2,44.41527067531412,15.92306295234184,8.35049168910508,214.418913809505,2001.5195292821127
1117,42.03614362894001,7378.733273326361,3.6309762596259634,5.810397251212278,2,44.387815611789534,9.954837532581317,9.561205314320073,219.07307189559043,1528.6399286713227
530,36.086821155840816,7619.078304700625,2.975978373773893,10.978376976363153,2,44.37109728242049,45.58951309226995,13.697733898518708,223.32210497389343,2111.6941125870676
1982,45.00693518397473,2857.92230430767,8.948277176718763,5.187015471958233,2,44.36139083180245,16.717137493232794,13.136096155409144,214.4851774895444,2734.2900047275903
1597,24.37811535473045,4592.052666828869,4.319837932872935,6.451983309087563,2,44.331645067665676,21.81494462711748,5.640472209249685,119.36141216674719,2099.5727506073904
485,25.76205549356945,2721.3087536452754,5.925490354411009,10.13374075568943,1,44.29446521923735,11.815822432855995,6.76600063111988,254.13200749252292,2088.1711781041286
257,37.456049735730176,7371.453494317976,4.036698521278607,8.405274242872933,2,44.29191938559842,73.25306160961983,9.636414939825045,185.89644687520658,2292.5824544177917
1658,40.68625825312009,5425.096578117251,0.5083699999083563,6.9199722400475965,4,44.28697986177788,51.97835258022669,10.825885867298062,140.07011174695177,797.3812868415779
25,26.090619100168748,9143.139410466096,8.744498352244813,6.738660687777627,2,44.1985619365147,24.05642800811398,19.233274291370936,208.49046688786885,2694.479664160665
304,43.0019896346353,5746.481044022554,2.8465549802664345,12.691006023084666,2,44.15644508068022,33.22871884202406,14.865010255933207,215.01597221692757,2061.7369518644077
1785,32.21196200159487,3928.0136337618296,3.5318926407206503,5.675914280755393,1,44.12620358707561,18.086767970185292,9.565746469867328,148.31710193253903,1336.7155094852124
994,47.31862865831105,4428.323011840452,5.708446869618839,9.527688614948664,2,44.12356330028367,42.142190743300866,10.93616328187196,161.4762921630405,2342.6125704467318
1435,23.84791118838079,11437.405813300962,4.981624758621093,9.904999508767867,2,44.073905944075406,22.307940371631624,15.045429916118433,215.5001471558485,2925.0669914648884
555,23.66219796224337,9560.406662843232,2.838108565670209,4.7175712351090535,2,44.06951161714735,62.70415802160828,13.687930061604657,112.09497367170255,2349.802273297984
2155,48.474270172014855,5766.635825303903,5.472603143318109,9.287959197279724,0,44.05925333985548,16.508506430661136,10.794699166986174,242.91167475945232,2355.6106768971003
248,40.45851358729193,3787.683599110217,5.631482707748531,10.391132590694056,2,44.054367180978865,77.3383025883581,7.001939848370225,212.85360402765482,2122.9798833938503
261,51.91591370368896,2565.6667307174894,2.608490301066258,3.191881022359081,2,44.02773541576833,19.323464432812983,13.83432723323431,169.03877707455982,1741.8570179145026
224,32.849243553698024,5692.96943809681,2.514205006008588,7.462254071431451,1,43.953712856763005,27.853540720274847,14.26531915596048,189.86211380043227,2150.1756366875147
2009,25.172161604555022,8082.342143733188,3.3163276115387275,4.907705216594808,4,43.90594751033895,22.217466543652552,11.749626793886168,30,1397.7804191546893
2050,47.06331134337799,3426.3724938347495,4.551069681635228,6.29505729684473,2,43.898328864910994,30.141765471102694,2.857469693500539,95.19459858345071,1757.3935336879047
508,29.587208000648072,5056.440047137613,5.7429054532316,9.10512327922117,5,43.886247047223605,15.711274337823536,0,152.6122663548198,1630.0934234838826
148,50.33401612467317,5994.270187493297,2.7020799568639164,8.777396281492383,2,43.828190361923944,43.87525539695725,5.056148369081083,177.17675916017203,1569.0124929987937
2197,37.12679752586118,5929.456169743508,3.2242043592663148,10.125717406018286,0,43.82649629921846,26.105788139894845,12.968390589894806,188.19538410827224,2640.6533085385495
1218,42.6287581960201,9659.278867162053,6.194416037709486,2.9506147608611784,0,43.77764355171351,43.717418517232026,12.24978618042139,122.97181137287703,2437.2008819306084
1202,35.88371520205108,4755.082592720078,2.900214376874012,6.932006658463334,6,43.691761043514376,25.05490751836401,15.517611799267069,225.3323906073461,1528.7402200048077
1793,42.109511442923086,4048.5421356953752,4.377773299574178,9.952270696026284,0,43.67599516089224,9.495818466980241,14.774679155341992,106.61745366159421,2071.7776996469515
1999,41.807348891332396,5849.805403318457,5.1686145262681995,7.892091339042449,3,43.674444418207855,25.774767373514713,4.353629206174227,153.0001184974672,1392.7984792268815
1878,23.43518392972276,6343.366210265474,6.562244535731131,14.985344893858732,3,43.62710788298357,34.654564750770064,12.562786113285737,174.6219405094267,2138.186124432576
714,49.99886174648311,3819.217704597644,9.205052524327135,6.267455377974659,2,43.61453806059942,26.523117812006063,9.900956961279164,203.881757779632,2004.2766599854137
1995,43.443150382777354,3657.2131367449133,7.895169056897924,9.502457666296749,1,43.59263696344307,26.42326133324784,13.172734494104995,313.0939243051172,2722.628813568338
954,33.66953889978795,5183.482475207333,8.174281477981635,8.687022203134317,2,43.552342019684,6.772914833385052,4.033388819283273,260.13882037439265,2462.8066350653926
355,38.88659101041918,13096.304462594624,11.15763809874405,9.623321513422912,3,43.550493723380676,58.514406500299785,7.911450112280068,195.17337560671143,3054.8109162781725
1055,45.62994889398855,11255.97832632097,6.21199198496545,9.30550601394515,4,43.537828363269284,30.065472037831093,16.098470432134505,199.4080623950864,2706.7407748053565
2053,55.75395806968698,4526.919441007857,6.564328129467067,8.498649183614402,1,43.4945550545419,12.763387877720321,2.8086231341119827,245.8751754888401,1783.868224766477
651,51.70417403937495,5111.945361874703,9.449979637772493,12.754657063182561,3,43.48489772448001,28.467716319407526,6.253406862485646,147.7028594858084,2701.743978901256
503,36.26530584577796,2768.909277802517,2.6256431591535523,11.415870748538989,3,43.47004753729713,42.39947341818122,16.524916729113407,244.73367784943815,1796.8136091955696
519,66.96573826213717,7238.654786543371,3.198817897537838,10.17814079987063,2,43.44076055974838,34.033912798148066,13.739116990033814,185.57821170811695,2825.992285801555
111,28.650369440469433,8768.111708993732,7.365910306258756,4.9408457086500706,2,43.38266664410543,66.96380926190508,20.983202785311676,119.71703656139499,3113.2627905460718
815,46.49186737385801,2860.123859135439,3.4474719686009734,3.5058495694578955,5,43.33482961403608,29.96848864978788,10.950962305490396,157.48065669646547,1723.5399248062909
603,37.039474908278706,2026.112987827397,7.462185944410562,12.018922940512619,1,43.32955199183191,39.337620802291994,0,100.5465545205869,2115.775165816121
678,48.78847314280944,1612.5178338913975,4.040259747098451,11.16408688191664,3,43.322887620512375,36.29459967274966,9.580908936339075,205.4706374173975,1637.335554320364
1766,32.350003147453755,3582.5504541653145,1.9458487358978438,5.921585497025551,2,43.28316761512111,62.76365196753416,13.614220499907884,198.82654254016268,1254.3776545445735
1005,50.182920610859355,8857.18243740261,3.3119045813355283,13.089919034426703,0,43.26496746766711,74.72299321767093,14.95776485552072,300.9581426445139,2380.845959594744
139,39.845060675077264,9284.170625842657,2.9407018874380286,5.742621187541059,2,43.2579255226395,79.4666881517577,6.18349850535226,63.39234813347643,1630.1982282982483
143,35.54273169826246,6609.472023718861,1.3795867869555434,11.220118460391888,0,43.25604896261488,13.854658056270424,9.631300734187827,54.29849239638375,1912.4804969478591
1889,41.96804573042865,7526.534257983611,11.976262542646852,9.776405243669398,3,43.239917209154314,20.44734380612578,2.2570444779284493,171.93286393002353,1562.1844253499414
156,39.57566057154273,4182.31702888608,2.709750504044225,6.897761332693486,3,43.150518824654725,12.165878587863713,2.5031069584563213,162.4076060118894,1449.4084433197718
1101,44.30690805694056,3898.54854509132,4.811304271330224,11.397424004130897,2,43.08432693011465,53.959443877042006,16.09250089267205,150.63092988461594,2374.8084235226297
104,44.535386077728404,7662.541927724724,3.971174781553767,2.182933667464999,0,43.035278281495145,26.12271034379243,16.636775862820556,174.96345526132055,1752.9823707954542
931,66.7012636787311,4997.886958579212,11.875074916886193,8.062094570787277,1,43.033609886618954,14.75107946527655,14.406711335614151,125.93717393380254,3286.9842464647604
1247,48.11795531304113,6892.241451552689,2.661096044590033,11.080960548265862,1,43.01059195671942,7.89973049039508,11.035644069340806,112.39376614982301,1719.546620455273
105,34.00883435018243,6751.830784254982,5.6152964181670475,6.7202674104894555,2,42.7224114758001,16.061405372797196,8.663778590094065,174.34865454346638,1805.635273474065
668,48.97468591686935,4565.490294893561,6.754803146262424,6.362899634152646,3,42.66930210420134,59.66551154202112,25.577589979217628,161.92252521097421,2771.5992614549345
346,51.396672838503406,2299.1450988000806,5.294517524868701,13.627292083498316,4,42.654542325744586,29.25767137067212,11.673052553448818,198.76530644948596,1931.4564582882094
1505,44.085059305055815,8689.511557092741,4.359839998836147,8.805564435382298,1,42.63226531722683,32.61523353989086,7.623838989498989,112.75649711904958,2639.628058839752
494,60.154060846009486,8515.735517634283,9.979986019871458,4.151283194643601,1,42.62758467265392,38.060563663544045,15.898965941131728,172.12711084275023,2722.5511019151777
2084,37.39023322139666,2560.7474398504783,3.8545354363518785,8.453464789473694,1,42.6234384958905,23.46754136952861,15.010352505149598,209.73177997769125,1981.123133485111
1379,43.50231969240554,6078.702020354281,2.7720227545487504,14.059805806398476,2,42.588742809185256,56.99787248576277,9.572599146223354,260.32134646470126,2378.499441944133
1386,60.04311091830498,13953.084395727195,8.135782454506176,11.27970227556955,1,42.584490846188494,13.6076668205388,6.231802917998645,200.39244332366815,2589.447968901564
1103,26.070157265670773,9390.864052894085,5.050579236239421,5.84456710951744,1,42.532909929382186,34.5028859910035,15.756289698625396,215.25688952999886,2037.4514196910272
267,34.36035146623251,10664.614436062247,4.041277684548736,9.721791846099284,4,42.531641226473305,26.93620428209174,1.006902574445725,272.77927144458357,1824.6859270919454
691,86.28406446999992,8683.60056430478,4.85682088231387,6.25647921897697,3,42.474114940831164,16.812884055449477,11.289414248405105,150.79547739729554,2539.4826283489665
1268,37.48497749857084,8110.172989423455,3.0307377533180917,13.233129180277093,1,42.426223472837,40.29881844381441,11.235996807248078,177.52489618992334,1981.3268416281248
1197,47.94144063654046,3953.03886147263,8.991123398771268,6.970511897800261,0,42.32136150742743,9.077013846970345,8.399665329593114,227.72875819402933,2190.065463494327
2154,37.426984142237686,8994.846418269639,8.5729556331266,7.6215078558529505,3,42.22209368757544,37.18522290212005,5.383003150454391,181.81225730079512,1912.817356041744
643,19.255047750568227,5865.82196561899,5.565326183502915,14.130010761286337,6,42.19628403794634,20.9456174048725,17.752620672677775,111.20275360049816,2285.2878581393484
270,44.30650897739842,4211.215624582547,1.6229639993400158,11.073839353162604,2,42.15554936793684,25.069971384081107,11.427238419747288,134.25891383023014,1451.7965003604056
423,59.46172260955262,4695.464807566196,3.9527350240917505,9.537676080424006,0,42.108483717796304,57.67144286827204,11.826715966523428,102.09897416751814,1841.0876009596745
1806,31.632178060495335,2846.5890371599953,3.118925625708831,8.291053302868566,4,42.0888654684779,37.899236688171996,16.60298996854872,182.38725261200238,1421.0391106439924
212,54.97962313403348,2799.955141599565,3.510267410184671,11.337595551087379,2,42.03257096223208,24.21376955615847,16.566781559274247,189.16450003321694,2193.648218588977
996,34.61032210024777,6870.097346267206,6.176127006411603,13.113141439901051,3,42.02448627944392,11.707137438049891,7.456629681578723,234.5658002433999,2013.5474567443403
1723,47.17296896450934,13309.592671217695,3.972242161799821,7.534949891265477,3,42.01608743443978,26.788052023505507,20.868777441584044,103.89475135459959,2770.5078255055346
1743,46.05818777018838,6278.880720950601,3.681006268889596,9.850877531798108,2,42.00122467773169,25.671102321488686,13.904395287690495,104.23607228951914,1874.9720628304194
328,49.13950741851252,6004.195440054812,6.5364452775210475,1.8928175170143842,3,41.98760360468626,65.57063481728889,4.507489551479301,92.44771061766603,1461.5817424395634
990,38.03990806959097,2708.5769371198885,5.2719844572458685,10.397380368794249,4,41.95880782537286,48.86792158900296,12.314707974225044,161.20570941524508,1895.5940920407472
1510,50.58452054051526,8920.18685148354,3.2036256752650027,12.826416491920572,2,41.754033648747466,30.0938445553599,11.462626362717694,105.54325210079487,1756.13300458586
722,36.14147698986414,8727.21087265075,3.6379941886628995,7.200081133070866,1,41.74195498438887,14.651246846056912,16.370208246216468,188.40315812789578,3078.1475863600094
1141,32.439065003962824,5529.72395420195,1.3872811525495177,1.673737352118736,4,41.64590992803138,72.70694085559919,10.271490164781184,170.4709566517884,1540.1323479913126
578,50.40505643286881,7247.821131019275,2.6557311218110295,8.241426840168701,1,41.528752434376,7.267468026773576,14.524473101931175,160.02214546676896,2457.900559181728
2195,41.089374903325655,8514.415993826398,2.9227658381782398,7.218351437624769,1,41.47818205189562,32.20444680647033,7.921913855389516,142.0855230262282,2274.0459898015242
626,52.39446677686134,6075.997351233201,4.230795839740741,7.738565415497036,1,41.21571406524375,10.100134754492561,9.82660362788647,132.16487043823946,2081.797857626574
2152,71.72164727701272,6518.322394576691,10.589616325686173,5.451988513545232,0,41.17280855408202,17.742704613198942,13.99733668643499,190.0493325244667,2621.0925994697895
809,55.95839655576438,6875.733608028634,4.267511121912322,9.108668750000996,1,40.997445870458364,13.258163585088113,15.933724580267238,283.700008421955,2602.920382870867
335,31.249033183377534,6512.12732267257,8.8047625359783,4.118185153501267,1,40.98882119617857,29.235569526262765,18.792578540261953,210.70924325044956,3418.2719179714786
903,45.460545022342586,5297.317989700011,4.283022133922063,6.722909625289178,3,40.942804127895585,37.02700170652124,15.161349219717037,233.2863483864947,2626.0014359568995
760,35.68086354609129,2559.326030400368,5.039880801561975,5.5140772252939545,3,40.93155093654368,55.13104771021411,12.428899913803527,131.55719670379256,2263.858677709706
1324,52.51740706252561,13345.315219400278,2.9656855036533374,9.042550517416725,2,40.93071256291507,42.3332795032474,8.967935316722247,157.81431007847937,2833.938509166002
1969,56.0684463659901,8446.085040501783,7.430076812297957,7.261679941532604,2,40.84477487202772,10.680380743732908,4.502054805396777,194.43827656674972,2287.539338856263
1835,42.070622623767875,10531.786935138516,4.0731921315066835,8.921982009803148,4,40.760806198639436,26.87846385513768,8.297010204157406,191.73807276346798,2391.8557770265243
589,37.9553041662904,5978.325532001426,5.636975766716266,7.669846191672548,2,40.64362758413386,45.13228496439345,12.20534553719535,149.84552733215065,2077.5626867992364
962,51.60931622735,4348.892287045524,4.47170270576962,10.40567756032842,2,40.632649344593524,17.678949097099217,10.8069860016042,194.25754750513659,1537.3671158867076
1511,24.98045540752084,5917.054924806094,8.999083677985091,10.817371296517353,1,40.59182969575164,50.2086761225257,10.652754082921563,205.14281642032026,2464.6031229995765
1587,17.33724407850762,4657.905912261722,1.3243725177147148,8.856788111998396,1,40.547017906473755,23.028687213522403,9.840220060172634,247.95700816706088,2156.3113500986224
1500,65.20983955491698,9059.720718898587,3.005282861257928,4.950273494015222,3,40.490482478914586,23.312577077196437,12.333830493020685,182.0607183899186,2553.720426017561
1063,39.22599003077899,1997.277517563016,5.418912674013701,6.751752080838758,4,40.461984749114926,17.999360047330192,25.89586652983203,217.36203070254336,2756.6927431302943
158,36.74308306249223,14912.987784076591,5.380768663888872,14.34550747112927,0,40.425573271041785,53.673950517676545,6.593323574956603,225.22921045713073,2419.5524761104566
298,36.57059523539126,11936.468297225378,4.787685419741942,8.681516511726443,0,40.405596511712986,28.84416241361056,17.124912022276117,223.77557033297384,2832.2608118252315
1284,67.08457943115516,5323.137998194241,6.220974729152188,9.613001515968136,0,40.38016449754276,38.069755531624786,17.617549010112132,164.50093267209883,2998.035229769399
2193,41.677834099562986,4830.815680031814,4.1130348100905865,6.550316215611416,2,40.37015163112173,6.109629210053689,10.183756587448757,204.9370169623869,2127.990441445844
1972,39.13509087852411,3850.2230340065985,3.144308895574658,3.90224052726529,0,40.29571345055675,67.74558924818055,10.341695413074738,30,1073.0563679290742
523,23.575590535271086,8604.41647326328,7.886168285052642,6.836095782926762,0,40.26783950796635,38.13629534774276,10.023005906801886,158.17165801810017,2866.048002676807
1468,36.27008282170443,15466.207939552256,10.843123108521311,5.687843560958142,2,40.17650350624384,69.15033220207178,11.441688020980934,159.86191575676452,2229.017721400646
1529,34.40717103770582,4260.149009925639,6.783029383645637,9.871972881089539,4,40.1508635409637,32.2645486328646,11.90618205596551,110.73425050440883,2220.2874055969937
101,18.105820461588525,11307.335309956772,1.5784231977940477,10.969088143714824,0,40.01708163325496,27.424557451910204,12.64007673414251,84.73319815217502,2848.5197409702732
2077,37.72807180153683,6413.431446902651,3.5486781323629977,5.130998891016224,3,39.938594069221715,16.380541606225357,11.500922069480872,286.9352236538426,2137.2255256923
908,36.42089192556067,10625.104699293915,2.112216440233399,12.622519064611453,3,39.92628617327688,25.97593214569669,3.317784390682494,210.34080786529424,1764.0912385029928
382,39.96763592421061,3880.24693636248,4.723057024872048,5.165986009456093,1,39.90692545783287,54.148968018506864,15.30850923165606,249.70022170610605,2056.1564874172227
313,34.29128127989164,7328.215828982248,3.929533495513174,8.592165338934413,1,39.896647910062,38.8180399572628,14.375441382517334,213.54323109370694,2695.7193811039847
1787,35.14662715590516,4179.4078159225255,6.9431275695231,5.948032086639152,3,39.81106093333443,26.53553473052029,21.71713823561955,129.7379782178171,2852.976760943475
2137,49.0794391737644,9794.704829758557,9.307800323503036,8.346076144889558,3,39.69202321473382,12.416733814016684,4.2946981391506736,163.01653728614383,2290.246429087548
1595,51.85948497794067,4664.228635347499,11.804055487421593,6.0029447192440335,4,39.64933019701161,35.78668760972068,16.985997346576184,225.90792432193683,2999.5166142858066
230,53.30874821956355,5134.861077974311,4.0900013509306055,4.241179648687901,3,39.64252769958782,14.727006638327456,15.641814920593957,60.361316342586434,1961.2076530246293
312,58.2583497375966,6711.41677862646,5.518402944547655,8.829777805422335,2,39.61476184096382,89.23631221730729,22.16162792880207,45.043121544661716,2878.02574658542
1590,50.10379765557971,1538.2855471104326,2.690000901380247,9.060871494173082,0,39.504901748938984,39.30191296139315,18.319883704197895,196.4446776364727,1995.9723669501775
129,60.90614175724022,17174.794969263534,3.8318697504193526,10.846183807444906,1,39.486172244865415,49.586671291635525,13.99262373365687,197.19007006993806,3081.5988286623215
2017,39.698882278833665,6856.55274157278,4.263434088766878,8.729552992674,3,39.38931674191696,7.786651112600333,5.135479109725306,144.4761926618055,2077.3723037037685
1214,43.05163088683345,15587.038248704253,9.141944043884848,8.662385298643928,3,39.31154402686076,21.620203112863347,11.136449008225263,128.7589697279967,3515.3255705680167
1391,58.71873582621092,13251.183222336895,5.642914515244351,9.518177061479104,3,39.294346993896404,29.068215868181888,13.036831845264853,165.90989440612873,2593.573559443164
87,52.585912824678005,2393.1215036242706,1.1625418092416915,8.699210881180235,0,39.27123850396774,31.647193666956525,19.221268954188126,140.68278539441172,1679.5033696620505
1351,41.97424472994346,5397.41068098538,7.8944129658785815,7.404059246528744,3,39.26894557397521,49.43109694078064,12.776536590558193,280.04986658791995,2675.207816060125
1900,40.74742392365191,6210.884781462235,6.098666717956387,13.575759849248682,1,39.22030173158254,65.97831698315201,10.301802706923128,120.22957971612766,2067.5177481370647
1955,37.19551232543559,3319.0425193097426,4.621956993164558,6.1967055711134815,2,39.18626993956559,35.93291831858458,4.194042698896461,193.82844880500113,2408.3600862863645
966,35.74306062908856,5557.42643872973,4.753500920790388,11.49503356180453,2,39.17654785182022,18.790612091558334,9.488408184065335,194.52228607646035,2379.9076798309484
667,30.061941343718715,7323.056661934185,4.67949258741075,7.92084241605012,1,39.128540629482316,19.810053145556513,15.1744956020523,177.0377121801104,2927.08271629468
1439,47.78396719070334,6009.573996042176,4.936243861134145,11.800276465691006,3,39.05220145617885,3.271012031086989,6.290449599101143,265.526090783453,2281.8815969381967
627,52.06795225311199,3405.0809239964947,1.3058866372426914,4.450981393037021,3,39.013650503587336,33.93111419325638,9.157513833360213,92.73656278149552,1259.7799552572656
137,45.5754921530493,4803.491238864924,5.075290719986476,12.655054135236625,2,39.00441726560446,35.13170349698952,12.88055568219183,243.8156688865339,2705.7839105719936
165,25.96056382197248,3467.2758183443257,3.269360266457867,7.926849943118142,1,38.95098930277492,53.98566649295111,16.301462265296983,130.8012544968946,2422.6019882964406
781,24.25051206844633,4668.069092964851,3.9020703653944624,11.824330825144981,1,38.9258736075978,19.434689243997106,12.040657890756153,117.89663521975761,2035.5531919283424
918,64.1694700016105,3526.9836341243836,3.3765271618368824,6.287834803066632,1,38.86561582133027,6.123374905519956,2.8190430665005195,205.7712669375361,1988.8228954269866
17,33.724316787865,6653.942175620262,3.679894444195074,11.958587522089442,2,38.78622272986506,41.288879169315265,12.187283922077993,280.17792348830835,2451.4045147671545
799,42.56525337479805,8583.035117017136,3.5954324595127396,5.700882137684882,2,38.778985193267644,12.35143085641386,15.060073088071714,236.81061750001936,2469.433432041247
1901,31.626502857849786,7464.4099039925795,3.663945897357035,7.920119744133793,0,38.6571975783233,11.869293973724826,15.716136078284102,107.97330719104829,2157.0824303083773
792,48.178027593551384,7709.530298628949,2.9395725846712275,10.864534658236657,1,38.65580055741897,6.371779139802349,13.57901124221133,171.61059895125413,2124.33303296294
429,37.247565065381416,7572.1644809472955,3.9244304913183994,7.012775692410445,0,38.59242913639953,9.319731785336185,12.863655571666397,201.23587399226685,2496.5244928429893
841,31.011793637424937,12989.098350363984,5.482376255063902,7.99284887072861,2,38.57623709530153,2.9717757516608816,10.061021285479875,30,3160.0744678728106
59,41.4230965685495,10487.08982194613,5.317838603839323,9.884173528226679,3,38.5686414031457,2.127666637545062,12.23580171401073,59.16970088385891,2700.722968980948
1309,36.132413462918485,2431.669864556341,6.706163766156399,10.268773847150158,1,38.435982874152295,32.00268600896815,8.966211587432914,199.73620148976792,1970.7536307416906
748,46.882752933483985,13316.45042626778,0.8548567163635488,7.29561128938553,4,38.43389113617633,24.297917719950235,20.285143918339514,149.93621141406578,3144.8656375642886
744,27.841711277754474,5534.082851670566,2.023056911965362,5.887148189676592,0,38.398437211643646,63.76585062521222,9.259891005109159,232.99231015717154,1180.838668601386
128,48.540998475044866,3400.019078745639,4.045781514945751,8.06594819171595,5,38.36933348564072,29.936720846698414,10.283181534272194,144.28877354473224,1826.0306565601963
1991,71.46653572462674,9572.259266727573,2.9909186696843326,2.7662215045232568,3,38.36507963399067,6.74482964727151,8.074749446320387,204.93588978950285,1621.8993808116734
1200,46.4192310778526,6075.339648720982,5.745412472625658,13.784007659178556,1,38.336919905475334,11.057731917231601,12.876432025993012,182.2093163767331,2744.1964300099994
1151,44.707983105579785,2586.331863011471,9.214836997284534,5.985061198724383,1,38.24783807927007,15.20488878944716,13.717958734208617,181.3049243990429,1847.3410745526344
871,47.05346108676292,7589.561446732958,4.947273670075506,8.9234506104881,2,38.174754625808646,20.82060879617624,18.335893647227607,167.29065994472782,2571.471950001581
873,48.75549076528377,6897.972116546239,5.378581442256902,6.894492669913363,0,38.15567296768144,26.86523339424563,20.030654064936254,199.45705709118013,2378.993261875768
657,55.89831678600545,14760.64460190351,5.068502111651693,12.27706170475794,1,38.129112441083954,18.47857214482434,3.1549228658569426,296.0868625486122,3273.362712658765
599,44.73233471551194,4012.316777828072,3.0426204188901775,8.410775255066023,2,38.12485478263375,29.265309434124994,9.599671184887622,164.28901304502696,1365.9231708471634
1048,27.39542894817574,6178.514982694831,4.376266774402496,10.533787158905277,1,38.02102267037184,18.93363007975485,7.308572175281751,203.9578760570104,2425.0522289156434
928,33.47503980449831,6280.050048506998,2.313211920798145,10.156248798007937,4,37.96119470894226,12.975374406277396,5.24555115532155,200.36436341494732,2023.5438676721583
808,31.92141498813402,9539.947957404316,7.774967127081762,12.839814887866547,1,37.883622658606185,17.05591365693649,19.00504230822488,245.65674859680118,3853.8609177870567
690,55.36504420990137,7728.916301028838,12.516995963850627,10.829690816181133,1,37.84575747367763,25.803798243619298,9.127210899912331,171.1792589754268,2807.1865920306136
1753,46.64957120439737,9761.372657350119,5.989223152210145,14.257481490329612,2,37.833360555092845,24.878310134706176,13.311612888564945,259.01584377654706,2561.9795157995813
1494,48.41681772781063,4709.311271009022,2.756573595038724,4.174946901337689,0,37.792983664789155,60.13239898753851,12.63299792183509,214.54223768348714,1861.9688448942186
639,60.061231934390676,8406.078921848519,3.0831476736773546,3.501734340599432,2,37.73740787688751,56.33561040926505,7.103380817638264,252.2440433394969,1758.3175614552274
1986,44.90282825812704,2747.676843383194,1.3136377623563258,6.4839469838086785,0,37.705093270330806,31.228143818799353,19.62525301358866,41.49335904523096,1795.4866210616265
1913,39.352301714871324,6534.847348780049,1.7741204026152415,10.200846108880953,1,37.62422921824623,19.26959291824278,9.80479018085254,188.63233935354876,1679.053922038349
1243,21.812447159104646,4146.263697297732,4.0305144437446385,7.696080897971918,2,37.51300531973561,37.49684511100617,4.18420517306665,248.8458373426117,2113.4423960051313
805,38.12839128293041,5071.624032144469,3.8531623733629803,8.382638028750476,0,37.45593457021039,30.499031365030735,13.516274345684351,154.34260119708318,1909.3171035778355
2149,36.89595174395268,3636.091544224827,6.81642163461771,9.14314426219849,2,37.36885156707638,12.92312295792469,8.841094696025346,132.66443468341822,2197.7834845234092
32,57.889228293104026,6477.054918123281,6.431660719965288,7.428025516492411,3,37.24523096895056,20.497475902034836,16.524255597705384,120.45797516145035,2175.048943152721
33,50.28062881100809,6010.649906281004,8.045746814854121,6.926460892426903,1,37.20737192913321,17.776729838235394,10.857613701961744,237.9898644978355,2423.361404042106
1631,68.48058293622273,6293.80470279571,6.685782056252513,3.3169618322560686,2,37.19817447990836,34.27321959083942,7.89054065101913,122.69729717694733,1899.523814880968
2151,54.57383147356222,6388.760372942319,2.407368384330694,5.719521457051928,2,37.176789873357855,54.66626758869364,12.916251152135183,183.56962602739816,2230.6603744185063
771,34.08498400146054,4281.8514508716,1.9615150276755882,9.54130048427037,1,37.14541062412201,54.07064509314481,12.03079614031116,189.90829137393231,2120.0452813055695
1416,41.02724935913494,6084.859789473073,5.8390836792226395,6.925011161582333,1,37.11219955319073,5.2448764230894325,10.933959137861779,150.86774704683899,1997.6988509251419
512,40.2163453692719,5610.286954582839,7.1978700765644374,5.3064082139205855,2,37.10588931364301,71.76399063007716,23.144829287945107,140.917701528292,3144.7483157685965
1160,53.104963692563416,7700.654125711128,5.744047871219866,4.037368691753629,1,37.017119580413734,47.962854310668455,13.441183428991815,137.2116604869766,2245.34998068979
2038,52.92122766565924,8283.874339143695,3.2899322249539305,4.6276891963436935,0,36.990855588577624,39.625757633029636,7.7294253181629005,138.9713272927472,1714.2300346324826
768,27.01731605757099,12292.21212428273,4.738358802869593,9.654205972574946,2,36.92394287702295,39.830071020705205,2.4654480396733405,226.75488618618664,2893.7304979511746
1539,29.08590841375093,7213.132033986133,1.5728372824844317,12.586274508128845,4,36.914073790270685,24.825038257069668,14.955847853145182,56.87497705849795,2029.804873520571
394,54.88676960103255,4526.9641571431985,13.356091450426927,10.48070869661722,3,36.84739284326714,14.971525721860447,8.067684029714675,177.84209928380255,2285.028512858898
286,44.68466248579944,4639.562587347783,7.545088174985341,7.6539983538032255,0,36.82471169120589,38.26976649455611,10.763804626768936,218.3571150058468,2081.991686201554
1589,29.932284572445873,7290.1243594039115,3.617163183163945,4.696962395737691,1,36.63621590484149,28.50438791743173,11.761377736209718,197.25857421094744,1672.9047342402255
2194,37.51954690965292,3306.681262932316,1.1904955280637117,12.45968976195947,5,36.61868302011469,54.152770702407445,14.251798966515919,229.53094224363122,1997.030524495155
217,51.15345377602829,5970.823383742371,4.949388719557585,7.126076340359972,3,36.606134490895805,17.232680917825288,21.08294058906812,115.60063499816292,3382.3746084040085
1750,43.05388262271489,5274.887219609797,2.3523576322580984,13.617643334671463,0,36.576851430586785,68.46645142457609,18.59818280492932,184.8197924215869,2710.953461176847
635,24.100714127945295,4160.867355590147,11.961714215831833,9.469300776917386,1,36.56304531928537,44.817409578258804,3.555081350924814,136.3699442113409,1815.219375842888
788,49.26849427057527,6456.907315390391,2.574152453436955,3.057839560757066,1,36.533232782982644,32.04293866052462,3.3856481549434143,209.80975756876973,1835.0736708310615
838,46.518971481194015,3898.243600545099,3.6617352513465247,7.408840169332331,2,36.47555346805517,41.24732697833586,5.431803384219339,214.01286873672595,1810.3989470372385
762,29.282304685036763,4087.1155778956845,1.802435549137757,11.778765837297158,1,36.38734465405637,45.79067441090845,2.939367456835752,105.60468125115632,2272.0170010208053
1277,38.40847583420422,12227.856012865961,3.282476459412347,12.942557661492444,3,36.37735493194143,8.223414452907594,12.709658783691383,217.13863410547415,2679.0247699063566
1818,43.64810468389264,6336.342857622616,5.497761331472529,8.508965356532808,2,36.323509503285266,26.27643346398876,15.83436109525934,217.0760566228089,2048.3178033125096
1404,54.46644596514031,6618.45943721624,3.8019726143807024,8.609294958765743,5,36.322350499965886,89.16894442508152,8.858881679047482,194.88435506768994,1758.2384734544182
2135,59.705970725400036,18267.103747517976,2.663051847234424,8.117756221850101,2,36.29295946586696,19.052200176944837,10.095820681562246,202.3411168517276,3231.3195930661273
1520,48.213805475731064,4004.379997714562,9.596658059817702,4.718096742188958,2,36.290153848229124,66.83667715563001,10.026951907234642,57.17453579292095,1931.1947428097296
1819,36.45928793174804,12213.087247974408,6.833607648032644,7.649852439993011,1,36.27364103479311,55.750955760086285,10.467556390430406,209.0643388796392,3193.250551584115
1333,40.39015303775483,3102.7105069637987,12.362796761361455,11.562535622460459,3,36.23442594953641,51.70981144704247,6.509023881782397,228.94271979553412,1856.1845502590047
977,36.82600684995346,7594.614562460574,8.755715715127083,9.602146818511882,0,36.11777217605084,26.17163696808789,15.944161446041214,121.93185598607882,2717.8325830363556
900,54.232160579504736,7523.144525756617,8.898539531983163,8.553559222082189,0,36.0734974133121,11.940157955453937,8.142984486751416,273.5265338459746,2700.5160831595967
27,38.36046958015114,6538.722629740421,2.883064333212175,12.43867893691479,4,36.06059861693742,24.240117169340024,19.99237901330741,125.32135427799395,2393.544118399774
1093,49.55422089577847,11881.874087231736,1.6258823376353049,13.56624050817997,3,36.01307327260404,59.630948024334465,8.04224089900013,172.66852791274522,1940.254003744465
1085,56.049855129332514,8188.28164301682,3.128163501732359,7.452953606731144,1,36.003041891021184,42.54926051542372,6.527569815329536,231.0262742331679,2351.8674807989582
1233,53.52636215002789,4954.026974122173,3.158274615393567,13.175098826103703,3,35.993819818763114,15.389788241775108,10.354012726810735,149.5842665717634,1246.19742942366
1047,50.00875377974897,4530.192518860328,9.057649999254116,8.44591515338802,4,35.94246021272557,25.461716227361528,10.246515317301252,201.383643183531,1751.780851017259
2130,44.559901399871734,4593.941877503081,2.828145049840466,7.852920456603471,2,35.92922850255522,84.79054133857548,7.235596348904081,131.9483648944071,1864.617565473751
1398,47.02347845760485,5404.203442149811,5.686656612398333,8.550827493171035,1,35.82082790575595,20.61268645182347,11.388031187705428,247.97531260410636,2444.0360368490306
2075,39.05085937673169,5870.638056118018,8.287662966442117,8.407267614031952,4,35.784772838204745,35.20415981859478,11.30211752045539,224.47567003384125,2121.5697398480033
2165,39.160912397225246,3198.4436358639273,3.399706240533846,13.57453285081463,1,35.75562272429367,19.238505044981938,5.28210522448,221.67234977842588,1596.106960864302
1075,24.03537270599518,2477.7101551534274,3.3523616195279904,5.665060178646334,3,35.617755034342345,52.1054137688852,14.24709731708417,202.80208669574282,1748.3805159716003
1622,65.44765837214442,3363.421406747655,4.914171340717609,5.403944561398729,3,35.57516010464932,58.11153593917295,4.779167848678647,146.6504822783226,1004.3873991230153
464,28.485507624969692,4007.9359835185614,11.18713067200719,9.541380237155698,1,35.5624100687669,13.290159049547746,18.355138459000592,145.43146369537547,2997.391613965795
597,27.478518850247507,4607.387089621177,4.947807721415022,9.249964195375972,2,35.45093309301896,19.627419269321365,7.322259046757332,145.2424997961768,2789.4546507474247
2115,10.875441675260618,4706.5881025434865,3.1975373991439517,11.914893698488182,2,35.40626182229721,40.7692164645477,20.716638785155265,101.87887715414794,2496.5118650778727
2116,48.97839550277471,4475.250929729548,4.607772579257899,5.087958978944503,2,35.39689755240927,28.516719071218155,9.634171514533538,224.0164148532069,1807.5926354739743
1250,40.89868531369755,9591.514242435873,12.331547186807729,6.91701478470417,3,35.30088609302989,36.299167580568664,7.5586260303043495,113.04802410692233,2609.798200328832
410,47.18743288630476,8862.757688727123,2.8630453628801376,7.226850315837032,2,35.14569467096448,35.911190333750994,11.172289799963178,181.26208425975537,2095.820583322133
688,47.02771405594549,5223.098954777569,7.95478485740129,9.127899823475394,5,35.126665517286064,34.24752684150245,16.708823169768333,153.86454673394957,2144.3745465439883
310,35.79845323104982,5042.371925658126,2.926666580158344,7.8340443018942585,1,35.09995808387542,62.19139057551038,11.191932987025883,81.97050391006545,1493.5614009806613
505,50.15503184023995,2546.8518420499295,7.2907803251636745,7.1541151908657685,0,34.96741771359187,20.443896186787054,15.368137793803509,159.17445746776707,2574.6321312959876
1359,34.40884601142653,6193.106439915554,2.2369826632675665,1.7783877655296347,2,34.930199232357374,34.22877199006277,9.691701234058602,130.91364293164906,1274.9315700455172
632,47.954914235445784,8655.790598120217,2.524258976823068,10.786007298081348,1,34.89758954651903,25.015374433011836,4.727582830425364,185.18468236516446,2226.834312190075
1419,25.62179723671101,10171.184032648624,7.20516944362121,9.986856219423265,2,34.85538463140628,23.008490252031045,11.21844326263883,186.2787805586504,2334.9710147633705
527,33.41500463040468,8162.6655643403,4.883217147999765,5.251662619026159,0,34.7318973957025,35.53974238725891,16.801936730558396,117.75586885637657,1872.9473727158017
2181,30.11034475257737,2861.767046567603,4.759638086239197,5.027242676706431,2,34.70871750513972,71.5465701578394,9.343834581121142,175.0646896766259,1508.4648296079326
2158,37.434580803380996,5540.015621162656,3.2826370166485814,5.567348842648517,0,34.706346860344894,20.818888448434112,5.7375002598331895,174.00270694038798,1815.1763585144636
1129,48.117725517189996,3610.5882368853554,4.810172168845822,6.676582245087313,4,34.67636035439427,43.86146121966586,0.5926432790826528,182.88061057129312,1640.2532587524884
64,43.32177026716948,4692.874232988661,3.1323823611829202,11.753923987466148,3,34.56320880020145,25.805821179559857,7.199352466901682,163.46787290082776,1407.2036134531968
340,35.41585459804853,7754.511041398173,2.1429353015027823,5.082016406915898,1,34.53199559431949,28.25208938352772,8.949781143029544,262.9697133025453,1765.6209345343227
1902,46.23838437784211,5744.436986209173,3.1427454934924373,12.498439843947432,3,34.41972889702452,21.68718980313175,12.308539883522439,178.54740186250268,2525.721882376122
1692,53.83791020813044,3500.851019017821,7.708284810923691,4.399814866142618,1,34.39226264805014,28.33140860220072,14.792932508852973,136.37269922929042,2191.7075976272167
293,50.16122911679823,6214.459122879911,2.8432792875726514,3.1469195450350185,0,34.3468757034047,32.10416534498215,11.122295077856327,143.7092981574852,1904.061132403366
1375,23.00610032447533,9578.311491295328,4.817429913469984,7.419624911115255,4,34.22530212729839,33.72704970116189,13.983194118297028,176.72718072862858,3290.007415785216
34,31.213171081558357,7617.755408336033,5.254661186260532,7.169692696671117,3,34.21038083526216,32.10307648992545,24.98705920716303,159.425546413315,3381.330720822527
1206,61.85172415881538,5343.155664630528,4.040743023062979,11.283644825700371,1,34.2072724982247,13.806008548098212,1.3754517220926346,131.32272048975378,1796.2566461969675
1413,47.84521749317608,4629.177989239192,13.407185241919292,3.270189985197617,3,34.18293777567404,13.725125935560127,12.199376667335384,330.00104634820025,2475.527448371346
2176,49.064773650971276,7616.964777385111,7.489150946837318,9.250513077262278,1,34.17878870914664,63.69589694762857,7.418857516967469,146.63562962939028,2056.8693775664756
1267,47.696946069959466,1644.1312889675237,6.4325971862910185,7.9122280161112135,1,34.17061406813035,12.799483245848712,19.97259844969844,187.8236597237489,2234.77453273194
1772,44.23875281054163,3323.3675990885617,15.991126560813614,11.481348913630152,1,34.148966890809035,31.083799489662738,17.48460745024753,183.50644724862138,3034.80908779003
1316,35.56265147733794,5669.9176735265755,4.393256465974716,8.208168903840601,0,34.08906402278974,42.17634056998182,19.04384145908263,191.19005782933866,2250.5814363171935
54,38.40638152554355,16537.045955364996,0.8756295094728151,11.000733687250275,3,33.966294783451346,13.087130583453,9.954658721843932,216.86891875623218,3017.566747262538
1795,38.73123540972947,6260.021576867482,9.520762180214517,7.748543903516294,2,33.8747166838605,39.917619521147145,7.888721755584383,163.4704540189007,1811.3037786842647
2143,35.03815890212983,7027.972001882471,3.3337319033994866,11.571221879497042,2,33.828334121666835,45.3425364800126,6.853278737041551,242.66002860643113,2314.943733445989
986,44.02959409095058,4107.903419265598,7.8757075776266205,6.298906633772924,0,33.79129659561857,17.655025111496634,7.318758049651554,175.24637335925857,1869.9768317725611
1369,41.981489084555314,14388.561906632385,6.265360646195805,6.342957215514945,4,33.74354575136155,20.0053354258438,3.0685245493450886,122.36972842019594,2511.7439475711926
1855,28.131207730572502,5381.314368705483,4.291407615354723,10.316334136322048,2,33.67060075310003,61.94804442906857,9.250302328485759,157.34083885447637,1946.7337775601864
898,36.3480516825343,15524.709565485828,3.835844049600766,10.657430418726161,2,33.63048688776222,42.4908695244141,9.93575477013582,178.37750636103718,2437.716268364845
1784,33.49374715693408,3234.0086389132175,2.9205156118344324,8.662926180740739,4,33.628199394344044,39.73915768737995,12.801595842947798,210.30373150154506,2207.659300455249
1954,30.70497849549141,4481.235650918898,2.916376777679977,3.217226487782203,3,33.56636019679855,30.102512206835204,8.92449617688756,208.97374169408175,1579.2244156692338
1852,48.92760006713807,4198.9265779614425,7.900321711077374,9.544335655531043,2,33.537347455782985,49.91062315191584,7.453336081266444,136.83091110048036,2191.947040585299
321,43.87692395423053,14703.052547153826,6.715123531095673,13.827860386458909,0,33.51791438595221,23.951722057723188,11.339956746755487,256.4762216389528,2793.8806014659635
73,35.06151124289654,22124.92933785541,2.623913270822866,8.351846880721142,4,33.47787987516772,32.75431593695944,11.389505712747514,199.4056525732341,2556.7801374788314
1027,43.37064447019964,5604.841954063869,5.72936448395632,11.414669180157881,0,33.47737993103245,29.388030626561793,4.9826642273501,178.26436196538262,1778.3184769238837
719,50.30796073327437,7192.458744491101,6.237644390320729,10.345263792513503,3,33.44265536977027,38.71178168886273,3.219657896135182,165.12324851668848,1371.6992785787418
1734,30.766210581691325,5450.025732084895,5.998405566898378,7.314018850480062,3,33.420156166114154,33.780145896721606,15.799586830289474,162.59972292395247,2365.824421658886
535,33.93266231854146,7306.260847879023,4.396598905676712,9.866982517941501,3,33.40672241000279,66.92245509996332,3.072299374591708,191.97880510213477,1952.353698547244
118,46.7783177924328,7382.6292032515485,5.283543559534859,7.906099004744608,3,33.3948827943749,17.305664644272145,9.44535842376229,188.43388055517326,2191.2508319637977
1664,34.68381010769267,5652.284976264079,6.584455434848999,4.002869129470662,2,33.370016637761566,32.63502203787084,11.60833915563116,30,1856.7255739030659
1046,57.35349368093476,6929.0594956692385,6.509628374160989,7.527689384017275,2,33.25539211352419,26.73573879430507,12.578164471387055,151.73821732827332,2361.106863179786
1219,42.19587283635309,5017.373232057762,3.6800065465562306,8.293239298788258,7,33.08405657474678,69.16693714518726,14.697683824017162,156.0111956314752,1987.8668064802716
175,39.880436113044894,6693.276390839609,3.315400721787402,6.9487539315406375,1,33.07926048867352,19.829297812474024,13.457377910486233,284.4655852763192,2756.679567497473
965,41.859683444706256,4667.009367661971,4.7741860788853625,6.968973543156547,3,32.989814777785995,90.58405110566738,7.863465668476925,227.61649781302467,764.2965692597538
1322,46.26003661891001,5177.532232207572,12.096414772595258,9.21056873458799,4,32.97446974809094,7.64227330515012,15.263314351686265,249.85641705377824,2368.7826614733344
1365,45.00990001988072,8807.6174874577,14.53432762828642,8.795562068951545,3,32.89269156996088,26.295258500672148,15.197117954086462,88.94641499825204,3054.014679061222
371,36.05495676368368,9776.969126558044,7.384993387684676,7.2439587701079455,2,32.83918675969071,28.29490077316888,8.653742713971793,158.0362662746855,3164.095581461865
1722,34.8810359401055,6618.001125259998,3.8831464050995654,10.669698089730598,0,32.82420249822089,42.03607680087632,21.52022901648357,83.71332242403362,2403.683366514156
181,52.33896452430223,5458.561236277916,3.0201195754595433,7.777387428511839,3,32.757956357202936,53.308704708862905,11.42051037318572,304.0035545833988,1803.2513256790764
1781,37.00980549129877,7529.121332825018,7.627279887866543,3.4430593932710707,1,32.7428814305955,29.401385906214944,18.32934274028937,110.18617635015613,2372.119222111002
469,41.3454941888459,17343.35393541536,8.258985783226194,9.161595067110955,3,32.40856767006809,60.53629884484377,18.84576597542779,160.8313639092957,3488.800785401364
1804,36.86642597500866,7390.709594488389,2.6838715522395864,7.373399702382169,1,32.28553129552687,32.372109291734986,13.456372715107069,173.70130564714918,2091.256801801503
1830,46.75722396015257,2623.283426446677,3.1012580767002618,13.677704587418024,1,32.23325779946065,46.83063010271367,20.178960397263225,146.1808471215134,2437.294593221233
411,31.72962137140308,5502.938476066056,3.6191941501567415,1,2,32.19377438623236,61.50255931306883,8.42382797820248,121.95435044361597,942.717017135343
1702,33.63898958601518,7176.507744381124,1.3333044027879535,5.5047373997536635,0,32.1321654105491,20.072513043864877,11.95903670763353,202.40418526636566,1756.6925372371288
1534,59.751259330629,5133.4085240610075,4.61837464895853,9.02130596511076,1,32.09035201711088,32.22608903478442,4.856912508651916,330.39455587437624,1675.4559270958612
1584,46.03214683904658,5306.487893374939,1.7791121960520913,13.285329141710678,2,31.970860496120086,13.874773071707885,5.326812870059599,136.05641419133758,1525.544000848841
580,30.245597200493936,4793.885815212214,4.13610065093768,7.144248702206273,1,31.6355648466684,22.72424917071628,4.764517343933272,257.0555822442588,3658.3441630796906
911,43.34620555965298,7498.80307767881,3.0457735558892627,12.648958159156873,3,31.544963165735844,36.097295991332004,10.512451670907181,234.812011440193,2813.214366714246
601,55.59977478872034,9571.62187132176,7.108146314752872,4.482002872199556,1,31.541347072548824,5.955059369711352,19.084857434151246,150.09099382603935,3124.058644614135
186,49.8730000918225,6666.143596949772,5.297215280136564,9.127042767568495,0,31.538770676857148,78.3667502274722,3.3236639618197508,121.39670553836098,1294.0195934976077
314,34.04691703004477,7293.7427873759625,4.05800910325249,8.05965412958807,3,31.535940472145274,31.415570191261033,9.85083298939182,234.16544029769176,1850.9060807292901
2136,40.71215672810421,8396.226365296652,8.50218080250262,11.270466904661061,1,31.511479510657527,25.010078780165117,11.047948544883786,104.10459208453564,2361.1867794728487
1223,50.97851989841351,8248.708526157732,5.915592708274583,6.530727468026868,5,31.44150890260089,11.26056468242529,16.23221236712528,308.1932250997638,2358.255758585609
712,36.32678756913412,5341.27169633414,4.26812026747669,8.134678497868482,0,31.41020522715849,12.5702862085125,17.533227025922496,189.65819108805044,2063.2159885055567
1152,38.63960023574113,5834.885790163719,1.5309635580572323,11.763567432879887,2,31.287100091047503,47.82134600749812,15.931892872453403,152.79378203942323,1928.9433474436073
190,31.473186264780743,7323.971795874654,3.7875937832095663,10.083827403186739,3,31.185640888225187,21.30712801315139,10.26662119518145,291.67433431884433,2258.3020024299835
339,48.180288600624294,3118.6676715330273,3.2639607276427784,3.600864633765589,1,31.16511628315437,50.270782423581224,21.961210672701185,131.14453380284846,2106.276314933097
1360,57.5987760953724,1838.0122899899025,4.784116378496338,8.530353162037475,2,31.15929784029074,51.132225742922586,11.402094625948864,200.07397150426294,1617.5137160397235
1463,29.39647680510533,6881.551445364904,5.094817520980567,12.688848550222168,4,31.15459828013179,101.52903731933725,11.259486158872239,207.40682793556758,1190.3853492972103
0,44.02561670202731,5889.587132442716,4.479032102815089,9.764668781938806,3,31.139914042040335,56.203308877893264,9.736752929819584,285.21614086710065,1759.8635482009015
2124,39.458652527879416,6099.418869742414,2.558659923545444,5.078319735075873,1,31.107565974404867,7.263356069383531,10.887460259721806,230.0419334054909,2405.741503744579
828,34.60089233691558,7937.541310154588,3.178545394119653,11.325881592383498,1,31.0402768919537,38.58376454521626,19.230376286358744,240.8525188327136,2597.4317200459172
866,56.71077548243774,8216.993094642748,4.2997841005556845,8.712841582809352,4,31.026455947744836,68.0794296990295,14.379407755264861,234.10804151801904,1927.2090104994
301,39.53619619879652,6718.4452090491,4.267145421837205,12.224991065892866,4,30.92155620066517,44.435366966580965,12.297435901474925,200.7769408281506,1928.5724240350241
316,56.36913925171234,2862.0898036234184,11.641544868412858,8.794268333206732,4,30.917724220596693,46.21016774586648,11.045788060484062,166.71886217058818,2332.520167575343
2160,43.355565531667004,9288.941952536643,8.948878742723625,5.693188382362028,2,30.891095138748238,48.29416330396066,15.246087253356611,143.41113002816903,2061.5544604117204
146,45.28732848882233,2876.0276638603846,9.593000948094755,3.833342087412392,0,30.847204864066562,29.570694957957016,5.741139532881778,211.92639891593555,1840.6025831732634
431,65.3441725469947,7861.8926022582555,3.8709889146144785,2.0488740739881823,3,30.79086383982207,24.167343561667643,12.797311712637129,155.7235281930667,2141.396868670367
779,62.200660781547654,3258.5514220980863,2.03577805128004,5.214143550935452,1,30.740250820021565,53.86869465135797,8.978334495940562,205.47366683411838,1542.2792510182946
1601,29.700318890823038,4948.561199174858,2.9526595251516348,8.598780208280576,1,30.72000678585586,48.42665550435743,13.89888706444849,114.0174781672697,1547.962935749104
1264,48.652248943337796,15102.844922795923,4.220211211626978,8.733051221349351,2,30.65864077466313,16.563696148736206,8.163184550056357,134.79658652990167,2652.426992867215
396,35.651381046896596,5834.647183414012,7.305000923188216,8.814960208978285,2,30.470794290826802,20.849097865812013,8.025076971414974,134.50736020561217,1716.8422601012753
637,26.777688567698554,10333.87692871513,3.345371718400867,8.24903278482127,2,30.44900514294367,32.226750855579155,9.46389870671977,209.0749258931015,2264.0882320232117
830,46.97453824060504,9606.902067858222,9.965899672071707,10.026291413830327,1,30.435838862282843,7.8192320091465195,10.706618808706374,80.43302478459212,2356.484685390671
583,32.6148860609547,6970.785781474748,5.175241943331268,6.491707489816868,1,30.39773437306398,23.83033738313363,12.49007964122973,147.33249857787538,2151.1299811099843
1679,34.488745980879266,10948.111054934769,2.5812851081421733,9.002667761419838,1,30.395659855241426,81.67787208317769,5.050672605214194,251.4730028713115,1762.7832400383763
517,43.296196830693944,4819.256109938792,2.758259756599292,10.030339333814354,1,30.315194376067296,81.37860611743103,6.1821503763819905,187.13088223405288,1476.6473345886056
1453,36.22162296008744,9955.256859546344,1.4203087722740275,8.256597685683268,1,30.302748884038618,20.806497194168635,7.674942143798264,135.57275514122432,2260.872166634213
870,47.29018454500702,6852.780286134867,1.9768681143051823,6.495959977997115,0,30.20071346731097,16.113147437280304,11.805628571219136,235.41124149528272,2725.790138880481
1299,26.996032054252495,4237.124677852487,4.369279988900242,15.239236210309606,4,30.101249957372406,36.22366593571657,13.164025417780216,120.42785715635199,2499.207017375938
1495,55.96257849841616,6658.607173885704,7.796850296336069,9.220702315099727,4,30.098636762305624,69.87375275971085,10.23543656404467,83.8572598221768,2352.7459104169347
1440,20.093510313053528,3727.5237310523066,2.2496585671124656,8.842931620491285,1,29.976811804440036,25.561024758658057,10.160772145922637,217.48738607111227,1557.2729389912154
1431,40.70646067763314,7799.315374765018,4.179276204986224,10.45379198819661,2,29.97412196225668,10.64599741103371,19.702996075248773,117.36174603329776,3339.897509547947
1719,32.96298916557221,17479.834231202116,11.234262780236268,6.1004094087152545,1,29.956615941510584,34.37462618408344,17.380682282485466,145.34030657697411,3770.3225811957354
1372,39.76637116224472,9543.1078212515,7.111195359470252,6.770785161624568,1,29.930126423989954,8.674609912886611,0.39312070830439794,186.78319050589403,2035.725772966417
645,46.00967225200135,2087.603053072486,1.4955414963861076,12.762714520274125,4,29.81836547073362,29.871251530242347,13.943045491462783,59.64104770985253,1761.529622203048
1493,49.82424153273015,2956.799927253014,2.4164040317473128,7.6256064270368045,0,29.75134893400884,35.25522765832486,14.727093336042659,78.66359687425941,1673.5056516841626
919,47.81408831903165,9611.490123758202,6.639137575102334,5.886693561795008,3,29.668841273116954,4.059743463081622,0.21453939920943554,190.16783393234076,2848.709213699817
2031,31.324244605693195,5113.395515085709,8.66783018279451,5.225801900867036,2,29.640199383313504,11.558537653866274,9.052152041711528,132.75072904024807,2178.346700805031
24,44.27359079745626,5745.666403638022,5.330368261667238,6.38273691748455,2,29.600687547288544,42.529383970030544,8.690045882258554,202.8199115214414,2467.3221877195765
1134,43.10367718820828,13474.4527904037,8.70306586570241,10.472017141225056,1,29.468111667594638,29.28535550105539,5.1879442011393655,251.4516253284501,1969.8105439080168
437,55.82060805243398,4373.665282130992,2.640413072800463,5.881438411623328,1,29.35319866523069,9.484325579448553,14.539018661107146,210.9107396013192,1146.958288924233
180,53.940897464993206,5682.418750906811,3.2255665422487585,10.19752812532538,4,29.328706557904948,7.024152069784641,18.724971695306472,151.2636329755855,2250.779551432335
1175,46.60922664243779,9130.996050139443,3.654425495257456,2.4477771576777965,0,29.222656495838816,31.86429331279345,7.455818883957181,217.1727633710063,1860.1482639856222
2089,29.144940710791623,7764.818487222632,3.2962813674366633,6.9553908579933115,1,29.15406751154609,18.590550508361716,16.79471725002124,212.83861416278188,2425.8192227810637
1550,56.28132712533758,3988.1887182945006,1.5558365845240942,5.684869997004496,2,29.043173390853728,15.285276111592754,16.587161193784993,195.48630537963538,1801.9414107406253
1303,55.22615928235531,6003.1527223554785,4.366957320540735,9.512280519753947,0,28.989525571731846,37.218917152347736,10.279716861035219,163.85870787745705,2266.6153214050873
1406,33.756646409937574,4872.671908161534,6.4168732816250715,6.865637380603042,2,28.840900063971464,24.851487300161047,14.264892596597882,105.08627070158235,1637.264519984819
1311,35.71106777705167,7095.503746359664,0.8185134577287616,11.510072906200824,3,28.74399530033724,69.54742966097314,18.087945386418685,168.60271761975966,2230.473309522522
9,44.650127837017685,5561.583089503553,2.0168475015942984,6.669458966076072,0,28.70160518988777,36.00944065872957,13.423023281932798,265.4497067278137,2347.6869692459404
41,37.33429215945963,5104.466641434734,5.190480824940911,9.128935910191327,0,28.662551861765746,57.98831139101539,14.03338271393694,207.73562037762483,1515.6307212937681
1756,43.22093009578383,8255.778440287726,4.258407175331457,15.074395596001422,1,28.649471245128282,23.967023456136452,11.431015788491674,67.2321783064907,2647.8920273597228
1748,42.89075887284988,7644.466759424611,4.231540968404218,2.911761406902852,0,28.629893195708128,37.56224505361732,13.290514174707942,152.71730266167432,1984.54251336466
1030,42.8734419671529,7438.261083198644,5.483969800531562,8.723091496851678,4,28.619830331331336,37.8165366898037,13.806385399651756,207.80888036053648,2239.82868433446
1076,44.23520371910706,6281.427963354799,4.273034082681359,6.323524284600998,1,28.588813365235037,45.4699614822894,17.522063953111882,242.42712222298127,2306.4840747337525
1012,33.49373870887524,10969.574558028024,0.6147115874166881,7.400179586035208,0,28.57646184356885,41.145022390377584,5.848125307612059,95.13340724644368,2043.1528237761206
2103,62.08311895564803,8175.331265013763,1.7931258470209614,7.016143738076084,0,28.514877284603624,37.19967142832834,0.9327975262395398,133.2768918166345,2135.206361818387
702,28.708920608675534,3260.966021470431,6.368295459260044,14.217628594102404,0,28.398799753871433,6.48061742907395,22.035325712033494,166.63675776857022,3432.031079447715
604,44.1341919444339,13285.257893954982,6.686213867873082,4.175203534118306,0,28.345584980999817,14.317988988062112,17.7640055092227,206.31086508776124,3257.9409897679084
1205,29.869632550059077,3398.1946866403878,1.7390381540538402,9.796012789615931,1,28.264826778152884,51.27416601973688,11.184884104818282,156.70825359922185,1361.4637481455054
899,37.16304698368437,2629.8391886516383,3.506932299035408,11.264318878252496,1,28.221507321600896,17.17530450679564,19.499771229832213,149.7072041121663,2718.55336143922
733,31.421366013710436,8751.230868070366,3.1792360864216507,8.975743097795569,2,28.118455662869053,49.407445383207275,14.70453724773839,62.30100682926965,2366.2365943402383
595,36.43683684965365,7612.040861201527,3.5751989975111886,7.2428362168820986,4,28.116448659546755,43.81293431510045,15.658378255053485,112.8238575113823,2111.764473353307
806,29.640155034950155,10822.230790239595,2.9455060984240697,9.123724647690828,1,28.115743344519732,32.288871299908415,10.877116998786239,179.7763773443288,2331.0441885954037
1257,24.81466164383423,8047.122372533958,10.672103217802944,6.961943948917874,5,28.08096422923746,32.363223121758836,8.000152576755923,92.27833448538857,1922.5919894154606
925,47.98324863601674,8115.651926400731,1.4965806883375063,15.061364229386939,3,27.933261439307177,11.48389870279017,10.537976808677566,228.6852929514074,2430.42264690034
559,39.82163481717208,8978.220199011581,3.5449964995685037,10.119883951512602,2,27.79499426697391,42.979786357284425,12.884110584002077,135.91530190998998,2439.462728344144
1016,52.30072207413147,3427.574067330566,11.747181912467887,5.669443672698945,1,27.708501299687676,44.29695905019338,16.824862528225275,248.73578004940174,2482.1956001114954
1215,38.38714043205038,3735.5838891616854,3.426357495443557,12.162287492517805,2,27.68387603108201,7.882556070500376,11.732650695780677,208.52815004276115,1899.3528447651065
271,55.57226706951977,6661.173133425686,7.551126144234891,3.860792962913557,1,27.68310831066636,26.016750364344688,4.243940913783902,144.93891308218394,2518.5378322288616
1673,53.65784867424504,4658.2892878549255,7.317894532694605,11.874911040599766,2,27.675726283178097,49.48042184200459,14.640639352882243,129.92795624970466,1836.854289310907
1817,56.17493749843426,4117.949262082457,5.562633971980365,11.144698746170054,3,27.55179321318951,6.667670083823442,19.040049525744397,74.52697503135519,2687.0871204796695
625,48.75916854034887,7299.919071263026,10.068080908718166,9.529208071031704,4,27.41491936841293,55.06407991015297,3.6440303769202345,147.13815119821248,1957.192857679759
1217,3.1786905167388895,3726.6631908533222,3.4564381403581637,2.2861463093553462,2,27.401361842888672,23.31176239722043,7.412162173310346,213.1267740473043,1398.4975195609989
1072,45.276068867352635,3379.0443883134594,2.0692741093260576,10.280121930559252,0,27.33025524236428,61.233098161806645,13.544818176213282,155.06075956233911,2072.1821688281066
241,51.45335699539462,5358.935755157969,5.662921856288475,8.518432071891727,0,27.300533780125374,39.6738346745354,10.609778766462119,250.8000113881212,1839.2055269284149
2090,50.01918978148794,11519.320322035604,3.73707557020065,12.018566254843035,1,27.285379890901275,7.786518747276563,7.894528601430359,175.58994914413,2147.447562453439
1721,20.316498665511958,3430.2510618538636,9.02125028366605,10.703907785476193,1,27.27617039703353,11.965631630400788,14.168354312931474,151.58567135639163,2625.8170844660985
48,54.469625938065974,3233.0784495503212,8.281067915230437,4.453547576136806,2,27.21169693063637,28.876893041740708,5.2567454315364515,173.42099334994396,2119.8624660672563
381,39.91281925592961,10406.76305111615,7.343519692887545,9.922706510637514,2,27.16828663703923,31.080144683690037,8.414396708506565,258.8015104533422,2528.626123147965
2067,26.532361266027838,5236.979925297172,2.1422157741925507,9.66467175029068,2,27.11001378331577,39.56708043201442,4.442624602363951,240.62200097008767,1803.822670983682
1266,39.354511456693665,8301.568823613603,6.7771665564702355,10.379065659952758,1,27.0694581128669,5.317070407494479,6.426248693075545,290.901101267071,3040.4845633670593
1710,47.99145136889323,7370.838028824754,3.189819705290046,4.5555355314587285,5,27.015706690844148,10.214762304624543,11.173222182106832,117.29204666673628,1497.186499739899
993,29.249865972956382,7780.791622217743,2.751450038895661,11.30923000036725,3,27.008882978730455,16.81816790473499,5.9080527127565095,165.08447051080225,996.7730473282542
392,40.23316745867154,4732.268937301002,9.546579930386489,4.569495778126711,2,26.88632705249429,83.11389078500888,17.087495143907883,191.18562309484298,1610.4582442362448
2127,36.45350940063979,5763.899441978107,4.507568560747454,4.824373417899828,2,26.708928946896513,30.466699022564264,15.679573331585447,164.92312795070163,1665.7007016801308
15,27.462716665804997,14406.900974943523,5.98073642268597,6.706270515221441,2,26.698025244879,6.523343908554926,9.814794702835576,190.01754650254296,2778.56845684166
1428,22.39498514852034,11325.55019413685,4.21156684662618,10.412551499318022,1,26.683117902831572,19.14772560093189,5.544744035959923,220.4449024283499,2779.0537117694817
39,54.90918578131163,7614.196106782452,4.005053958641646,11.1320860238223,1,26.670157093248818,15.774028623782366,16.16025586088749,204.54089116697673,2591.366049716611
1383,12.192972829409552,3889.9317148751766,2.478327244805444,11.945168814369879,1,26.64001381037899,40.78893354282147,8.311803975757968,166.52025947071542,2169.31868511779
1712,47.251945645370654,4513.729306557693,3.9009620898383024,6.074276603267885,1,26.62448715770569,38.8012115257343,11.821022598668678,101.05659413073604,1827.6193486592367
705,23.008495318374095,8583.719996439324,4.184846915349501,2.8354317770180693,1,26.612095249403367,53.34496718716582,8.157235299975008,231.17446173112145,2171.9937502492885
1044,49.796729620957585,6830.642932509755,7.403069253223907,9.643733244487356,2,26.514719758961782,7.847187643108239,8.46727373202047,60.77797840945047,2066.9361482098166
2034,49.651076634236304,10130.291132782137,5.358138124866704,5.297079890329067,1,26.27783359324485,28.093293455201916,0.14038834556981072,263.8920614757592,2075.6616637067
1210,66.06719696556314,6687.198232360783,10.57668821844202,7.46809854249355,0,26.261497144742357,23.62011854920904,8.209862766614513,175.66473739095596,2119.009930711614
2101,33.693886175294885,12448.359186378812,3.6336774199361788,7.676407846104123,1,26.1872534265343,13.848155347314918,10.902436829400019,311.5509127200552,2892.9597760051247
1049,64.1078852386824,2823.1655191472314,2.6062566063929733,7.216454314516933,0,26.106391693609694,44.910978525858724,10.460862198742449,233.09145600238307,1538.7772205135786
216,56.594520605002714,7872.902403050338,3.298750359313709,6.482603732657182,1,26.001147881924275,24.360945940103424,5.090913293590485,262.2789981796195,1770.8227011493643
1598,57.809667036297576,5008.082212258079,7.063245176618856,5.950153722012854,3,25.869672500152507,15.736283271622113,8.119433138759641,78.85233909427326,2565.0777392201953
1190,33.71759621723436,8461.568102656465,4.174277420299881,6.909929808270693,0,25.55510484131225,30.212466261088174,5.148856913371149,246.1229921278305,1884.6977482919383
1612,37.92081630144837,16046.75022815648,5.140881363200268,8.394854129710938,1,25.554136293432457,38.71443295624682,11.789284955041797,164.0914123341483,2876.2684677201937
1801,31.435558948034625,9752.609184816141,0.9503260453553453,12.73878250660257,6,25.50429230948554,34.23193189693393,14.35851498182726,175.8629634236526,1509.202407581834
1208,38.2009892767479,4268.38784948778,3.917628277854625,9.312327866183741,5,25.382987508681758,37.029607507065364,7.34088182080248,117.67725092570615,1283.282611122634
836,37.311086400544376,4176.307527841985,3.8927747755437396,13.26786219502576,2,25.23452877872839,43.90766124562428,12.164049999437175,260.0386007791214,2489.6452625715065
1280,43.68157782232002,4855.743593930167,13.677048263931496,3.1909001802786143,4,25.195080517910007,69.86263724753164,2.6510702612749704,222.17280110753313,2066.647580869867
1957,28.28526699099129,4900.399115818159,2.90514094545051,6.973989644815151,3,25.13034327817546,37.05702902367497,11.519711760703897,286.06853678001414,1503.2745109908044
365,41.5813386421379,5386.663089798889,8.151887365233788,7.3864422167977075,4,25.09725174707423,90.97871599605847,16.426567249000737,153.53218021773407,2176.3683050057034
636,40.55599177404975,6554.378891214526,2.040720243993283,12.297610839112174,4,24.91805903920054,86.33590594060425,13.4742181680853,204.51618596541238,2297.292417105132
349,29.133691642971314,4899.639686756344,4.465833996608817,9.093273149503537,5,24.82432625391215,24.89736666466809,15.456653354958746,157.69531324731688,1853.1902894490731
586,41.20154357962062,8943.865065594793,4.252313970690568,1.7998036469646523,0,24.703986283534014,12.337762761566648,14.030459446363228,223.80618679963175,1686.2853282406445
1456,29.373746490345756,6366.31748713966,3.152631092693337,8.2016677639535,1,24.562656629578644,19.396259647585623,12.515164684478796,256.82368334486506,2384.5991905186015
2140,33.58266750953175,12168.58479823019,4.082618946047669,5.0635740910313025,1,24.56147408899892,72.49769930954064,3.3998059888924015,142.08601139053607,1937.7676209807391
326,39.60739872706686,5118.009767164838,12.576559605394666,6.7392567426164325,0,24.547926572406652,13.708782441466724,9.334308076498454,244.14306575663994,2323.7061252845556
1826,28.634455202187397,4037.972496011849,1.817609049173668,4.765776593355943,2,24.509533237596404,24.47536786417382,11.925820287744347,209.82052881758244,2260.7069261052457
274,42.292975985238556,8703.551444171611,3.8189178912542903,10.61357274234361,0,24.481228489788187,20.88499131345816,18.926700986241194,223.84649450125727,2351.1126639254367
1735,40.04126743695774,2865.9551174386675,4.508510865112079,5.674637829158657,0,24.45337077542583,52.953313825462516,0,230.60701196066617,1510.8393119083958
1822,44.2925964805016,11946.684299091256,2.2616604370099926,10.458698168935431,2,24.38185129005032,18.230392762015658,16.382301154955,214.12524849021162,2881.99877948234
706,49.8367313034234,4733.1691091775765,8.960906373537615,2.93667389636202,4,24.336056569184702,47.74051343090192,19.90846530655065,227.05652541874855,2107.793778684058
976,22.287638585277886,10659.965042783819,9.54228162067305,8.349436541678628,1,24.286059329519784,22.121080442916234,8.347774268686157,187.60252057566018,2989.969854434582
256,29.81155398909212,2851.698970456931,4.578189578960248,6.297817472741587,3,24.28290023545057,42.23056498742613,12.556518399578398,187.41875671877003,1557.6835334956488
644,36.25678469641393,10153.57604582454,5.28500207184625,12.012024113698832,2,24.239200154109263,23.68853799002704,6.068679306083616,245.94596717178092,2005.6481240789612
2182,50.28021228648173,8034.705319540156,4.377531565324562,7.3157302900444705,1,24.148244693778835,68.80409655282625,6.91461104882743,234.4195218344228,1679.7141505107074
704,41.460402991924994,5110.036756994748,3.546726038616887,3.817974665330083,1,24.111411973820903,20.62663300018789,12.051537012198345,206.51254656696824,1513.318145161273
360,43.46754389727905,6022.443214339864,1.3877846824894933,16.649850667342484,1,23.94851232789908,20.03025688208889,10.509209670119018,125.32759266885586,2646.6968712793537
2157,40.44941952360431,3503.7957986734777,5.72047187498398,9.03171608170847,0,23.909176509801753,9.492111204951648,6.515933301351014,157.22329375525922,1636.4561667087862
1053,47.55294773444492,5336.6970758069765,4.438956441564517,9.89692940627506,3,23.805044388632695,31.05938983896164,12.827046303809702,161.8364431957979,1952.8923826865894
1582,18.30567196510924,6963.88537762311,4.348487573126664,3.985697645966412,1,23.734079512473585,20.303007248978155,10.806684438032507,266.86115072223924,2013.6703164710527
956,17.97218649439285,9076.835701069049,5.425595208897698,1,2,23.698283427407745,16.94229852139589,11.841076579597646,183.0884380522399,2030.263881873189
1939,45.350890614271655,11725.281701315338,2.2706870037269193,4.520292686667401,4,23.69476238505436,27.366907544034852,9.837850105530851,74.33836413803368,1928.1756698086776
1096,52.83105637166588,7623.483383459698,3.390407454084421,8.83436365918814,0,23.572939179578256,30.53460108062095,11.652747530185941,114.39269706819238,1809.6313237566299
442,39.90381454097299,7532.172756339355,2.0432308487260653,8.335387756389359,1,23.51078569532584,85.33861696722714,2.648479759755512,108.73224049708148,1524.6214530665827
2113,38.779029511150554,6198.347656097266,4.736347627917084,4.71900355420026,2,23.466463293707484,58.780777966217386,4.4796792663035525,86.51872832013214,1821.422620579338
1306,39.62380249159729,9827.464123604463,8.438539272038938,6.455915727813359,3,23.44653512367138,24.070369204660068,1.190623225229082,190.78940632718152,2214.874403459618
1304,35.37643711296407,8257.937171716254,8.749649386484128,2.2216044906514236,1,23.416716653909553,75.72410543637096,15.009019441368263,243.79113489245125,1363.5844085817803
413,49.86419847510443,8394.593443541577,1.2733651118083746,1.1620048257233382,1,23.39691173648695,41.853057382482795,20.973549982156662,134.5997612490641,1732.4248687196093
1976,34.555108680214346,7745.826693547457,6.21436393400406,10.0129608424862,0,23.31380215512397,21.31140631377597,21.330903340429387,227.0478810076802,3100.3890856303037
1824,39.42666046553771,6764.213504912634,2.8712045486666984,1,1,23.289913259825912,50.73382853801296,11.110857670585903,195.69070834952626,1041.2248522110585
120,12.978941160797806,10991.018639478976,5.6273336950717505,11.700825697504648,3,23.191642287877308,25.157047122996005,12.030637038601142,108.39359622544272,2264.764788150108
1942,39.66427974269809,10869.205559743623,5.666942577648956,4.777439159112177,0,22.928501317576266,22.16526011150392,7.6695251932935085,236.0381519548313,2089.7438602749735
343,46.836781272561005,3789.504306328654,1.8594561945568984,8.094125318469821,2,22.92196295619219,36.92214891033075,14.845522816168575,130.01631020352193,1961.4432773336146
1611,30.678889724018195,7995.922035460114,6.0896950432016475,9.57555157086824,3,22.87909562243023,24.494910419949996,16.157639949393772,186.68259760516216,2174.687448254801
1003,48.95100633213717,5097.146988780328,2.866867958435844,5.244986756776861,2,22.86620313105571,42.7739750973884,15.826762279138226,227.4740492620597,2419.0580254160827
1625,30.215863056045556,6908.915645944723,8.300744635213933,12.550240299967854,1,22.837930591164877,16.11164726858194,11.219474221129868,170.46315734790312,2115.5569766201234
1130,49.10940376724989,2334.761914965131,6.7848144315498145,6.131670330134606,4,22.819869729597983,18.759280208700595,14.263744884399303,188.99852946525954,1466.4177145343758
1808,6.1040662722357055,9662.125332650974,2.300877230482015,4.624440373354574,2,22.563788551846653,21.876817917023477,12.32709642438651,61.73255641340653,1775.4743596752462
10,50.9076323630604,3303.784408797615,3.341684927634402,6.871311165894548,2,22.486073896871382,33.44938793237702,17.813516147766073,213.28390145687345,2611.6540001630897
269,65.5702339394362,3492.9652691914107,1.6590952621278836,10.525034408308194,4,22.401369633050678,21.949401299189937,11.622462050908227,184.77842621193156,1269.6772780434462
568,32.97786108761039,6109.981777203335,0.9353464591547969,9.0614990723777,4,22.37035789835167,10.550086505539758,13.949272603944387,285.7150539161113,1985.8582813107485
1796,26.686938321316088,7392.287110774455,6.732486606965754,9.022459964472251,3,22.09712267714981,29.718025505982848,16.075008776988085,36.213714290667184,1731.4283797656276
236,61.75704110217606,4476.308242570682,5.146287381405906,7.62312059164799,3,22.02761436854281,7.981163424688454,22.825127469542828,136.80555702487007,2677.7693341446125
1427,49.69460787104619,4717.225029140865,2.715036631595579,2.260015423800956,3,22.01072245544843,14.89998666020648,13.127049347474387,132.35224192902936,1273.1970513608198
2079,50.55726480521486,9149.61617667125,6.4899658365174435,12.181022667368847,0,21.97891014116321,66.34561334727601,11.21719548934631,212.40881096588694,2747.116853282379
2099,30.33238243144993,5367.405365361564,3.660032639233081,10.5995651625259,1,21.932620058944085,37.39690795365566,7.7871631672683135,173.29554555507167,1603.2385213583168
1415,37.06032212230951,5574.605665423501,5.98076092287864,3.7552520335753545,4,21.80387471835907,35.106008774332665,5.8232701921225445,240.11004814356875,1528.5832566151828
1935,20.70449755626066,14006.729258099758,6.313496041410678,6.056230444465161,1,21.627671597215116,15.66192818206431,9.52095129951595,239.94581303238547,2907.974515438325
598,46.685145277847205,5856.949495669168,6.487171119326439,5.357489006497765,0,21.54143337934341,48.3889054126941,11.230353136577696,119.08841306082076,1965.8477615878564
1713,38.664873112822725,6498.518400420085,2.618486595007269,7.279909702342279,2,21.500265872858925,42.70487342542625,16.66489733187316,135.1057414696486,2234.350675723751
1128,39.857637505962444,3620.3303967162074,4.568855481266754,4.4208807252637,0,21.46345168366669,31.818608312794517,15.682512847613623,190.59307305078303,2085.065819111736
395,28.836298706570332,12444.670808650104,9.36531410939312,7.928157984351914,3,21.320957219109392,68.37698105110206,18.74800361383526,262.097658843511,2858.6735185084112
1106,38.78808512430655,2295.7018729952842,3.463388621077696,8.276442464103534,3,21.269284869746162,48.47534391799252,11.728381099494706,240.92611828957968,1212.7656872794882
1856,41.30390978191532,4529.388393876925,3.8463416771278154,8.232729821347059,3,21.17452237616871,23.21212063000543,14.126645224998148,172.53050729745564,2211.291441007977
225,42.04955572060286,23840.17870229073,5.581217595155108,5.517620433309737,2,21.11566143627099,35.05472260546094,12.33863110901317,177.3960903715542,3037.44760683352
2021,38.41590060812363,5760.255831950139,6.094942814682793,8.026261844944996,1,21.021440306695716,44.861967842936906,12.43661558915998,185.71783979396145,1936.8495214664179
1790,36.01487600224587,6397.399084165814,2.951267521582109,11.037632748161133,0,20.89680818739992,28.11202709862708,11.773277767682519,162.64572586313022,2121.3593781165973
1863,26.47495800516022,2989.6786660612925,3.1953172062058646,7.218779279376555,2,20.890113689649844,36.24627215475506,18.11327079833178,83.87883445753971,2043.5475349390872
1220,53.42425677153633,6686.550565546804,2.973541524691408,4.462272742112698,2,20.889175694410103,47.40042393225178,14.018944884881105,155.91912656688643,2339.5705494952895
5,38.995929876484276,8341.961677684274,15.953826837390586,12.776667502816817,0,20.867051452555398,13.74613567330704,5.805751409657644,148.2777677023859,2334.476566168263
2025,64.19921612431361,3752.2650047979864,1.8209499591081957,10.458762378118143,2,20.832254192795084,22.13064095379852,11.282412179889734,210.83778440242958,1119.564861275047
1198,43.64264128712621,3768.8104054942078,4.631387991852062,12.077533649155743,3,20.801545152970863,54.31460628128477,14.021881622760876,170.6120616582837,2145.282194120581
1442,35.67259902537137,9237.38545310435,5.996141669527431,3.6728947694141176,1,20.669102858346644,17.75910644147403,5.8744724549229375,195.42790661126864,1537.275271904715
1726,35.872751454251556,5156.8350722092,3.1738637956829683,5.578452905100386,1,20.527935513324756,79.61158781935649,14.65303630948149,115.98621324195156,1896.4385299451255
1155,30.614975468450464,4626.381117118232,1.210619772496907,11.493628895130605,4,20.45608860077765,20.96375428259577,9.833201282813533,144.78144501889676,1832.8036489432138
1770,30.3615555848278,4462.689699828969,0.9447987510874625,11.330127477550079,3,20.409485208208586,12.129248575143075,5.939339325981848,155.7988018301544,1485.4242354387468
1993,52.54364144963231,4099.524465455235,8.021360686729516,7.6754779347599,1,20.267768671552965,30.767343695825957,4.783083062728018,86.96951269844615,1809.2519655435685
1567,38.753958785074836,6739.723381818338,2.6245489462144764,8.183759750768838,0,20.215611488705157,46.161584527906314,15.03091153694671,220.40222936144104,2457.9076202292367
2024,29.148458936555386,9700.135316404305,13.601593148017482,8.71316622447148,1,20.14258094319203,36.655064404764985,10.91921575536183,151.89207526576695,2727.5502945605504
1334,39.239122973528026,6234.9533932931645,9.753394147125366,12.236785617941468,4,20.028805138641935,27.316790261992857,19.617428592273455,75.47547753178316,3166.8296241686935
1662,46.71346126892563,6644.806189711484,5.835798114945291,9.518013989766194,3,19.922958457772648,26.575990086457814,17.730826997130634,204.01209709396093,2694.8047043982706
513,23.394114925279613,4334.270511821682,5.334140266963072,9.166396000643703,3,19.856027078378773,15.687781792700392,2.980907533456774,212.59029519145164,2441.7869654513247
730,33.01823779602105,8725.52394143497,6.947192363500752,6.234819881278382,1,19.85552594573869,26.300411151796155,11.997938058799786,194.47153136327051,2170.7088865236296
602,55.37412295721797,4678.344440760066,7.428677906131727,8.189466104129583,0,19.794554019296896,44.68533408888444,9.604532530032804,83.29809664309502,2314.053210682536
1191,32.93719300828624,2772.7279073368895,6.130493265982079,4.098147517172761,4,19.749749007844773,8.969250542999601,10.772564578248403,119.04695154138908,1497.7352237009998
1401,50.97646095780626,4516.750589540251,6.991900021534102,10.043094630692785,1,19.738746464151102,53.11006483186048,12.901351366589413,180.0227037904,1476.15264965196
1674,35.65987227694516,5684.671158510558,3.3145705453663754,6.797745252523819,2,19.618277443122352,21.324384114169128,10.190985317879875,293.29170798498336,2462.6856080530015
1649,33.91283918021452,4172.535653828097,2.8505659803265684,9.899619199658368,4,19.36825252680417,26.459470449468093,12.691337580339919,166.897950690968,1926.2891983720558
1455,26.41597511869453,13341.14841325425,3.6876027997698757,6.648009669729946,2,19.320983531705203,28.08060453679237,7.493036326855699,194.90226017511077,2215.3685905778157
232,37.80343378325918,4903.232975015482,2.4568774490474072,7.782429224636778,6,19.24551776329779,28.555339002298897,13.499542169305633,225.74024806937416,844.1658344220739
676,41.349002697987615,13394.081263172639,2.111030641516671,9.168874603667033,0,19.113230324280078,14.818184953662623,15.019074129760291,184.43739369151578,1956.2675376327081
1829,37.37829595974429,8207.585711430247,7.434555172861105,6.875583364032224,4,18.578753198805305,110.85761096688506,12.237267136063037,166.60558265283854,2080.098094875196
1279,44.43352496200685,3534.235535333294,7.946314184853166,10.896861282656626,0,18.559820913031412,12.883230221941762,13.067422985352025,162.8407748947952,2461.0228335453776
23,44.20439450528322,7422.566122482645,2.099411446398699,4.102460018723443,2,18.431359666731908,11.530449002881626,14.715392205068229,251.59575436201163,2416.5416679698
1181,45.282505617940515,7519.416856214667,4.592739843057199,9.304033934073288,2,18.12278334482652,31.201184097688113,10.810401424440373,112.91989812529071,1676.0114987383467
1006,43.2094158136239,9301.273849938547,6.3077043919929485,10.799770304690776,3,18.032542304549274,9.711330367895503,9.501646870424974,166.34094784621573,2877.3873081492147
1083,54.53969184669217,8298.274032085978,6.674859963121586,13.064914475970413,0,17.96364416002016,41.07276585735124,8.694081499806929,168.65557485770978,2680.894312828446
1916,36.15743570806652,4030.5594754019335,4.6830444084991845,14.428361318605814,1,17.926118954679488,26.37843332264362,7.354160892902891,228.50622152427798,1325.6716708900258
1591,12.115897527651505,4574.921512625742,1.486014707116412,10.639294184382067,1,17.825851819856283,17.326495186412387,8.18237654959944,214.52572433900204,1832.9671042949408
2023,50.238554480184185,10502.723394494673,7.025680653668665,6.4521091085835085,0,17.643693351985444,30.781236939065607,8.971596026306088,231.60165709168348,2637.0809315043266
1291,38.72226528909664,5730.372786351149,4.287390357823954,4.883891135767448,4,17.55711790072517,48.688732384562776,6.845495635053813,51.729198491798314,1768.7053488198508
1489,35.641342861386164,4886.539472855004,4.692917030700671,9.067357133733323,3,17.290548204888214,15.273039879156695,5.366707371938624,234.3360958810012,1978.484047277135
163,38.10762777043164,9857.368622205378,4.824990100666854,6.267017556899951,2,17.09537355602389,8.270374338676225,11.159130693748537,90.68703277571525,2783.5991182700245
2159,13.161806859054032,9835.784732992153,1.4406580048647786,1.4565325558081508,1,17.055637394180593,44.31641128547906,1.8061687279587062,99.24158062422791,1699.6928589411655
1953,43.604464739071794,7438.658773204771,3.652811039713747,5.112761452733197,2,16.561862641978134,43.68968477373487,4.3033067594535686,287.478804414803,1584.3178726110032
1366,46.78266388836124,5392.097060137651,2.9172789266791845,14.83131083723491,0,16.471330431871184,24.51411380724525,12.636032566023149,135.32607047162873,2374.867597159988
473,35.809393548501184,2729.8388641918923,9.644888313994567,1,6,16.281764457653406,41.682744535881284,14.583534984729798,168.0501007790714,928.8629679555818
1350,21.937420594775595,8783.434170233208,1.3371728638091382,10.570425181664879,4,16.181936562447884,37.55994486092118,9.798314564561252,136.70537944915017,1247.0974790629675
1009,41.03548785296302,5712.9593546372,5.750842880444113,9.039952600516646,1,16.11933740036914,28.052904195137597,9.492424780931298,137.98122622473886,1819.6876998754685
138,27.674464543899646,4805.382146312359,10.701491434511816,4.11749794915986,1,15.941164600521285,49.70561811618366,4.653463114627915,158.3960310866771,2353.7521906480647
305,37.48945420899777,3128.2311065036633,4.364176974098413,4.222704479694817,0,15.900327132728792,36.25832326888312,19.200526228086307,113.55496582232567,1835.9769490087256
192,43.30262353580173,2641.0277333701524,2.247126092526799,10.407345064342476,2,15.785028386047486,27.69310850810887,5.582104674726447,234.43698423245547,1569.151416221513
94,30.06302692878364,4606.815735748572,7.0977909270464545,1,1,15.718484585252446,14.006349988552854,12.371676735100234,181.05860563968253,840.3618192332556
732,27.754563554854606,5351.200004609422,2.061136178266519,8.024411042323456,3,15.162543795438078,37.15145274765942,9.403753656938795,221.8189976409828,1806.3709697845586
391,24.951696332118242,2626.1100030040634,8.527154409735031,7.916158958603539,4,14.908900193381625,12.38425962987531,17.698315463011216,177.18962647228298,2587.1891084906765
709,32.929898936538066,7461.660773302955,7.367417825927314,10.047798913039674,2,14.908762964910338,83.85017262044647,12.180033603022983,192.69682311394592,2026.4951664008481
906,26.45135469266536,6527.032677248967,4.2429591756493386,7.72543079942837,0,14.813897489077624,7.2181947999037686,15.883734357852447,133.69803820730206,2736.6027964631044
1617,42.787831313617524,13305.786122572687,5.125287156162678,8.082814690516125,3,14.508355663266764,82.59244059391409,4.275372229409682,144.99987977964406,2320.8126341312764
1926,49.77136531376849,10570.004509651291,3.8938967956245536,7.1317686890054945,2,13.92201359931177,67.01174388150326,10.007690228939058,266.52478948292435,2616.6259590152963
317,54.33104847607933,6755.246873041875,2.899586389326894,6.411465702733905,2,13.597799723087716,24.576503224182638,7.641552341557391,204.117803094747,1709.0798698061797
1327,34.71417432452114,4985.144222687779,2.2019477197025816,5.257911930959505,1,13.221484630667007,24.363283483242142,0.43136966609794314,248.3443298552769,1435.2557286009692
1947,42.07803922858172,8359.94351447757,2.444583265969002,7.024630548823019,2,12.429741265307284,19.68500336203026,1.317445756571347,195.63417934694144,1511.1011872096733
1530,51.77728156739872,2846.9667886040575,5.206091744888507,2.9548821613112164,3,12.397713071704676,29.802209907543343,17.689823568313265,102.14359486710285,1977.7915479066278
2156,34.49561609149655,7320.867098923125,6.997517789550055,11.30495020149548,3,12.359279027309878,14.614881756720655,0,224.83515514124173,1634.8021654990205
1492,28.385016108729936,5829.920008341589,3.0372474664823335,6.092662844032514,2,12.105441919044004,53.31203567085895,9.609683371701603,166.91853917485636,2035.8241576972725
946,24.363601364494016,9543.193237718922,1.2838315577970703,7.435221290003916,2,11.585543851453185,105.9632244126497,10.638578467905512,257.4948021383786,1583.8689570386618
1745,48.55502151438556,6934.585954609321,8.707705698679217,4.752749934569654,1,11.56563452879517,41.7780547732606,10.7563721303721,210.5935751042225,2559.255542181576
7,35.59194842317017,9348.172933113487,5.093777984373568,1.8575735218570602,2,10.908212220373782,44.34708340024895,21.18193358612372,164.0010010421407,2200.3595426006773
1656,63.83450515162161,2693.2056374851086,4.493391550613024,6.798448704960145,1,10.490820750140582,23.848406892784332,17.18862210383986,155.1947295631618,1872.0876511179847
1283,41.71103627360835,3971.086214468318,1.6340373675508857,7.692496892904101,1,9.942321181814824,23.47000193000197,11.771584621062203,187.9480940757601,1769.1418255870306
1697,53.833464430778655,4202.007450172488,4.574563290097728,9.29230123784068,2,9.511435186318721,48.31198921386648,20.029371920724337,229.34407769626543,1699.659378425225
61,40.303284898642964,6369.554042902188,4.15384206466327,4.712191599509808,1,8.606228336805808,28.952965194671336,18.036679575649266,169.96074253212524,2240.7196571883055
746,41.57118954949717,3870.193813703683,4.7775663993665285,7.206718395307622,4,8.579511370855647,24.087766590274715,7.055809467615359,141.54984796328043,1533.955038541147
477,47.70253158788131,11936.112087641517,3.1044089688588263,8.005168401445562,5,8.5474227461014,72.68399015695194,15.315261503934726,314.529278822317,2559.4614742134386
1887,30.617574653943553,7007.655008186291,4.0827498261207955,13.551250604174339,1,7.725557083487744,23.081167193789437,10.17484210692371,207.14560028259083,2494.055868234882
1531,26.400737930619776,3006.5297012399083,7.927176783466298,11.214752575263802,0,6.708452195763077,6.764739892289366,13.938512988052494,217.39402555678635,2438.9086063817012
2027,41.903756635677475,5424.66512715793,4.810230271921349,8.379737831528386,2,6.700301898562401,31.921212499744485,21.971466813555573,234.31294506322533,2830.854269757685
1221,56.399670431073424,14744.645810583977,10.269195098035626,8.410058881716969,2,6.075955329277146,14.645487887500252,12.215114150221329,256.94234196716667,2902.971844838362
1840,33.81523865789667,7423.155401415321,4.744844639660615,9.924914862583709,1,5.743997359911077,31.927379249781296,5.07092332443319,180.45552294424024,1422.260310527134
1555,23.616421761924503,6368.875035920305,2.4102242738131983,6.857326604961962,3,5.620120323926775,20.40786926011394,9.67969426755867,152.97379401611528,1660.9449891971544
1624,54.6626010290321,15920.796896413387,4.613469427799357,8.617446489891988,2,3.8784125612429077,67.5682575223558,9.020946894850205,117.22889738453074,2611.867484829178
