cliente_id,idade,renda_mensal,gasto_mensal,frequencia_compra,ticket_medio,tempo_cliente_anos,score_engajamento,canal,regiao,plano,data_cadastro,segmento_latente
1,36.0,8535.39,765.48,2.8,270.0,10.8,9.5,Site,Sudeste,Básico,2024-12-27,Tradicional
2,39.0,6828.45,719.92,3.8,187.13,8.7,23.3,Aplicativo,Sudeste,Básico,2024-04-13,Tradicional
3,47.0,11858.51,3872.77,9.0,431.74,13.8,39.8,Marketplace,Centro-Oeste,Premium,2026-04-07,Alto valor
4,43.0,5712.55,781.26,6.4,121.43,5.9,49.3,Site,Nordeste,Premium,2026-05-16,Tradicional
5,25.0,4324.94,1391.81,15.2,91.32,1.5,48.8,Aplicativo,Sul,Premium,2024-01-20,Jovem digital
6,54.0,8184.45,3864.25,8.4,458.15,9.0,31.4,Marketplace,Sul,Básico,2025-04-08,Alto valor
7,48.0,6841.38,781.47,4.0,195.8,7.6,10.1,Site,Norte,Básico,2024-11-09,Tradicional
8,47.0,11664.36,3655.15,7.4,492.59,9.7,44.3,Site,Norte,Básico,2024-09-19,Alto valor
9,23.0,3351.22,1198.02,7.6,157.65,7.8,29.3,Aplicativo,Nordeste,Básico,2022-06-19,Jovem digital
10,48.0,6967.81,922.22,6.7,136.88,8.1,23.6,Aplicativo,Nordeste,Básico,2022-12-17,Tradicional
11,29.0,4572.95,1299.18,10.8,120.62,5.4,41.5,Loja física,Centro-Oeste,Premium,2026-07-14,Jovem digital
12,64.0,12980.21,3875.84,6.7,581.24,11.4,38.9,Site,Norte,Básico,2023-02-13,Alto valor
13,46.0,4264.67,753.54,7.0,107.33,7.4,35.1,Marketplace,Sudeste,Básico,2024-12-25,Tradicional
14,41.0,21943.28,4740.1,9.3,512.37,6.7,35.9,Aplicativo,Norte,Premium,2026-03-05,Alto valor
15,58.0,7920.4,1166.04,5.0,234.07,11.9,30.5,Site,Nordeste,Básico,2024-10-04,Tradicional
16,28.0,4167.1,1419.08,9.3,151.79,8.7,40.4,Loja física,Sul,VIP,2022-12-26,Jovem digital
17,48.0,6528.69,763.48,3.6,213.38,10.7,26.3,Site,Sudeste,Básico,2025-12-08,Tradicional
18,27.0,2891.32,1181.47,7.3,161.39,5.3,31.7,Site,Sudeste,Básico,2022-02-24,Jovem digital
19,31.0,16019.1,4766.4,7.0,676.68,1.3,31.4,Site,Nordeste,VIP,2025-04-24,Alto valor
20,40.0,7922.03,869.04,4.3,202.78,7.0,21.7,Loja física,Nordeste,Premium,2023-03-22,Tradicional
21,50.0,5657.8,658.03,6.8,96.86,6.7,21.9,Loja física,Sudeste,Premium,2024-12-06,Tradicional
22,28.0,5438.07,2028.92,12.7,160.39,5.6,43.5,Aplicativo,Sul,Básico,2024-03-14,Jovem digital
23,44.0,9647.73,3405.6,6.0,566.53,6.2,31.5,Site,Sudeste,Básico,2024-08-09,Alto valor
24,52.0,15498.95,4302.88,5.8,747.8,8.8,13.5,Site,Sul,Premium,2023-10-01,Alto valor
25,34.0,9202.61,1248.56,10.1,123.09,4.2,21.2,Aplicativo,Sul,Básico,2024-06-03,Tradicional
26,30.0,3658.61,930.93,6.5,143.78,3.1,30.5,Aplicativo,Sul,Premium,2026-04-14,Jovem digital
27,35.0,4211.0,865.23,8.1,106.82,9.5,47.9,Marketplace,Sudeste,Básico,2025-10-13,Tradicional
28,29.0,3851.87,1557.26,10.6,147.36,3.7,26.1,Aplicativo,Sudeste,Básico,2023-12-01,Jovem digital
29,27.0,4872.85,1347.7,10.5,128.23,5.7,39.2,Aplicativo,Sudeste,Básico,2026-04-23,Jovem digital
30,33.0,3591.17,631.5,4.5,139.43,8.6,20.7,Site,Sul,Premium,2026-01-26,Tradicional
31,34.0,6433.12,415.09,5.1,81.44,8.6,23.6,Aplicativo,Centro-Oeste,Básico,2024-11-14,Tradicional
32,43.0,17087.97,4009.19,8.8,456.93,9.4,40.1,Aplicativo,Nordeste,VIP,2024-09-21,Alto valor
33,28.0,5592.12,1617.68,12.9,124.99,6.5,36.3,Aplicativo,Nordeste,Básico,2022-03-01,Jovem digital
34,25.0,3521.43,1465.66,12.2,120.44,7.1,36.2,Aplicativo,Sudeste,Básico,2024-05-26,Jovem digital
35,49.0,6762.31,900.27,6.5,139.06,11.5,30.9,Site,Sudeste,Básico,2022-12-22,Tradicional
36,31.0,5359.74,965.25,9.0,107.39,7.2,34.4,Loja física,Centro-Oeste,Premium,2022-09-25,Jovem digital
37,35.0,4512.94,990.39,6.7,147.52,2.4,14.1,Aplicativo,Sul,Premium,2025-12-06,Jovem digital
38,50.0,5976.88,984.41,4.1,241.38,7.3,27.3,Site,Sudeste,Básico,2023-03-30,Tradicional
39,22.0,3358.86,1453.96,11.5,126.12,6.7,39.3,Site,Sul,Básico,2024-10-26,Jovem digital
40,48.0,8543.52,1019.07,5.4,190.22,6.8,20.9,Aplicativo,Nordeste,Premium,2025-12-20,Tradicional
41,42.0,6623.42,856.72,5.2,164.96,11.3,31.4,Site,Sudeste,Básico,2024-09-26,Tradicional
42,54.0,17916.05,4213.03,8.1,520.87,8.9,33.9,Site,Sudeste,Premium,2025-07-28,Alto valor
43,45.0,6445.59,1212.33,5.3,226.7,8.0,32.4,Aplicativo,Sul,Premium,2025-07-19,Tradicional
44,24.0,4727.16,1638.36,13.7,119.84,8.0,43.2,Site,Sudeste,Básico,2024-01-19,Jovem digital
45,65.0,13290.87,3585.47,8.6,414.59,9.9,26.7,Aplicativo,Sudeste,Premium,2026-03-22,Alto valor
46,47.0,16243.76,4646.34,9.7,479.37,8.5,36.8,Marketplace,Nordeste,Premium,2026-02-28,Alto valor
47,33.0,4089.79,1933.08,10.2,190.08,8.6,41.3,Marketplace,Norte,Básico,2023-07-19,Jovem digital
48,29.0,3433.67,1019.49,9.3,110.04,2.6,21.0,Loja física,Sudeste,Básico,2025-10-01,Jovem digital
49,51.0,5826.92,764.37,5.2,146.17,8.0,14.2,Aplicativo,Sudeste,Básico,2022-11-03,Tradicional
50,31.0,3313.47,1204.64,8.3,144.94,8.1,36.1,Loja física,Sul,Premium,2022-07-07,Jovem digital
51,30.0,4609.84,1451.3,9.0,161.68,6.3,28.4,Site,Sudeste,Premium,2024-06-05,Jovem digital
52,23.0,3629.35,1488.21,8.6,172.24,8.7,24.7,Aplicativo,Centro-Oeste,Básico,2024-10-10,Jovem digital
53,53.0,18204.12,6150.7,10.5,586.09,5.3,45.6,Marketplace,Nordeste,Básico,2024-09-02,Alto valor
54,30.0,5208.49,528.41,3.9,135.81,2.3,9.3,Loja física,Sudeste,Básico,2025-08-28,Tradicional
55,35.0,5941.17,733.53,2.8,261.03,8.5,27.8,Aplicativo,Nordeste,Básico,2023-10-16,Tradicional
56,49.0,17496.12,4887.47,9.0,542.12,10.4,39.8,Marketplace,Sudeste,Básico,2025-09-13,Alto valor
57,41.0,12282.13,804.26,5.4,148.33,7.0,27.0,Aplicativo,Sul,Básico,2026-02-17,Tradicional
58,36.0,3856.08,636.56,5.0,126.52,7.7,22.7,Site,Centro-Oeste,Básico,2022-06-02,Tradicional
59,25.0,7375.35,1903.98,12.4,153.89,7.2,24.5,Aplicativo,Sudeste,Premium,2024-01-22,Jovem digital
60,22.0,3175.05,1363.05,11.1,122.89,3.3,28.2,Aplicativo,Sudeste,Premium,2023-01-11,Jovem digital
61,29.0,6157.74,746.09,5.0,148.47,4.4,19.3,Marketplace,Centro-Oeste,Básico,2025-01-02,Tradicional
62,37.0,5528.64,751.09,4.7,160.43,7.4,25.9,Site,Sul,Premium,2023-11-22,Tradicional
63,49.0,8989.52,833.47,4.5,186.45,10.4,11.6,Aplicativo,Sudeste,Básico,2023-04-16,Tradicional
64,48.0,7807.27,981.5,4.2,232.67,5.5,18.8,Loja física,Sudeste,Básico,2023-02-25,Tradicional
65,52.0,9576.46,959.79,8.2,117.03,8.3,25.5,Loja física,Sudeste,VIP,2023-08-17,Tradicional
66,44.0,6522.03,678.9,4.8,140.75,7.2,25.0,Marketplace,Sul,Básico,2022-07-02,Tradicional
67,32.0,6683.26,765.82,3.6,211.73,7.3,19.5,Marketplace,Sudeste,Básico,2022-06-24,Tradicional
68,23.0,3086.94,1383.23,11.6,119.39,5.2,47.0,Marketplace,Sudeste,Básico,2024-11-17,Jovem digital
69,30.0,7745.61,1836.43,11.7,157.05,4.8,49.4,Site,Sudeste,Premium,2026-04-26,Jovem digital
70,35.0,4418.19,649.98,7.8,82.81,9.6,38.8,Aplicativo,Nordeste,Básico,2024-04-28,Tradicional
71,22.0,4154.27,1184.13,10.8,109.9,3.9,43.9,Marketplace,Centro-Oeste,VIP,2026-03-31,Jovem digital
72,42.0,9399.11,645.8,3.5,181.96,6.8,16.0,Aplicativo,Nordeste,Básico,2022-09-17,Tradicional
73,56.0,17559.33,3665.41,6.8,542.3,5.5,49.5,Aplicativo,Nordeste,Básico,2026-06-16,Alto valor
74,23.0,4136.16,1357.27,13.9,97.55,3.7,36.4,Site,Nordeste,Básico,2024-09-07,Jovem digital
75,27.0,5073.98,1311.4,5.0,259.85,6.9,19.2,Aplicativo,Sudeste,Premium,2025-05-28,Jovem digital
76,21.0,4609.15,1712.43,11.6,147.41,5.8,49.0,Site,Sudeste,Básico,2022-04-14,Jovem digital
77,30.0,2158.56,1140.56,9.0,126.2,7.4,42.1,Marketplace,Sudeste,VIP,2024-10-07,Jovem digital
78,42.0,7501.37,1031.04,6.4,160.58,8.9,33.8,Site,Sudeste,VIP,2023-10-03,Tradicional
79,42.0,3735.57,688.51,4.2,164.71,12.4,32.8,Site,Norte,Básico,2026-02-11,Tradicional
80,41.0,18357.87,4890.62,9.8,498.19,5.7,19.7,Site,Sudeste,Básico,2025-08-18,Alto valor
81,19.0,4429.89,743.05,8.4,88.51,1.1,39.2,Loja física,Centro-Oeste,Básico,2025-12-15,Tradicional
82,28.0,9415.68,1162.83,5.0,231.45,3.5,17.6,Aplicativo,Sudeste,Premium,2026-01-28,Tradicional
83,51.0,17370.77,4879.35,8.7,559.17,7.0,44.5,Aplicativo,Sudeste,Premium,2025-04-19,Alto valor
84,38.0,5512.21,1347.44,7.0,191.15,4.9,10.7,Site,Sudeste,Básico,2023-02-15,Jovem digital
85,33.0,5881.67,1722.5,9.9,173.4,6.6,39.8,Site,Sudeste,VIP,2023-04-19,Jovem digital
86,32.0,8631.25,1522.0,9.1,166.79,9.2,33.9,Site,Sudeste,Básico,2025-12-08,Jovem digital
87,42.0,5611.04,184.23,3.4,54.22,11.0,28.0,Aplicativo,Nordeste,Premium,2024-10-02,Tradicional
88,41.0,7261.67,1152.81,4.1,280.34,8.5,25.1,Aplicativo,Sul,Premium,2026-01-31,Tradicional
89,27.0,6028.95,1771.61,11.7,152.02,10.7,50.7,Loja física,Centro-Oeste,Básico,2025-08-22,Jovem digital
90,46.0,9800.54,1077.86,5.1,211.32,7.2,15.5,Site,Centro-Oeste,Básico,2024-10-11,Tradicional
91,29.0,3874.3,1932.32,12.0,160.86,2.2,38.2,Site,Sul,Básico,2022-09-12,Jovem digital
92,42.0,7371.65,1157.57,7.3,159.36,9.9,32.3,Marketplace,Norte,VIP,2026-07-01,Tradicional
93,44.0,3179.7,262.23,5.9,44.22,3.6,26.0,Loja física,Sudeste,Básico,2023-02-11,Tradicional
94,34.0,4404.11,1381.31,13.5,102.33,4.9,54.3,Aplicativo,Sudeste,Premium,2023-02-16,Jovem digital
95,19.0,4518.12,1312.85,10.9,120.27,6.0,41.2,Loja física,Sudeste,Básico,2022-09-02,Jovem digital
96,45.0,14910.01,1521.56,6.5,234.01,7.6,18.4,Aplicativo,Sul,Básico,2022-04-26,Tradicional
97,31.0,6355.58,1090.51,10.5,103.61,5.8,39.4,Aplicativo,Sul,VIP,2023-09-20,Jovem digital
98,26.0,5271.79,1290.35,8.6,150.47,2.9,50.1,Loja física,Sul,Básico,2025-11-11,Jovem digital
99,24.0,6395.87,1841.8,12.9,143.07,5.3,58.1,Aplicativo,Centro-Oeste,Premium,2025-12-18,Jovem digital
100,53.0,14822.26,3613.47,8.4,430.43,11.2,14.8,Aplicativo,Sudeste,Básico,2024-03-31,Alto valor
101,34.0,15737.97,4856.14,8.6,561.53,6.6,34.4,Marketplace,Nordeste,Básico,2023-06-11,Alto valor
102,57.0,10410.36,873.32,3.2,272.61,7.4,25.9,Loja física,Sul,Básico,2023-08-03,Tradicional
103,29.0,8533.66,2234.48,14.7,152.0,3.2,46.4,Marketplace,Sul,Básico,2026-03-17,Jovem digital
104,46.0,11307.05,3254.32,9.6,339.78,6.2,32.5,Marketplace,Sudeste,Premium,2022-04-03,Alto valor
105,42.0,6279.99,855.58,7.9,108.75,8.5,31.6,Aplicativo,Sudeste,Básico,2022-04-07,Tradicional
106,24.0,7562.0,811.96,3.7,217.0,6.2,23.1,Site,Sudeste,Básico,2022-04-19,Tradicional
107,43.0,5987.6,562.42,6.4,87.57,5.9,17.1,Site,Nordeste,Básico,2026-01-24,Tradicional
108,24.0,5086.63,1018.2,9.5,107.58,0.3,38.3,Loja física,Sul,Premium,2022-06-01,Jovem digital
109,30.0,5752.02,1086.46,10.9,99.79,7.1,40.7,Aplicativo,Sudeste,Premium,2026-04-24,Jovem digital
110,54.0,8818.8,2871.4,8.6,333.2,6.9,26.7,Aplicativo,Nordeste,Premium,2022-11-04,Alto valor
111,35.0,5692.95,627.31,4.7,134.33,8.3,32.9,Aplicativo,Nordeste,VIP,2024-07-05,Tradicional
112,30.0,3706.86,1582.69,13.5,117.67,4.4,33.2,Loja física,Norte,Básico,2026-06-11,Jovem digital
113,24.0,3295.71,1124.9,6.9,163.47,3.0,19.9,Aplicativo,Sul,Básico,2022-07-13,Jovem digital
114,41.0,3190.39,414.89,4.0,102.81,7.8,16.9,Site,Nordeste,Básico,2023-04-16,Tradicional
115,35.0,2607.28,1283.56,7.4,173.53,12.1,53.9,Loja física,Sul,Básico,2025-05-01,Jovem digital
116,58.0,11818.38,3791.0,6.7,562.81,11.2,28.2,Loja física,Nordeste,Premium,2025-09-28,Alto valor
117,25.0,3718.96,905.78,4.5,201.52,5.9,3.3,Site,Sudeste,Premium,2026-02-26,Tradicional
118,41.0,6699.84,1284.57,7.0,182.45,8.2,26.3,Aplicativo,Sudeste,Básico,2022-02-02,Tradicional
119,39.0,6467.25,674.29,8.3,81.44,3.2,32.3,Marketplace,Norte,VIP,2025-07-23,Tradicional
120,52.0,4788.93,673.02,5.2,129.82,6.2,29.2,Site,Nordeste,Básico,2023-06-23,Tradicional
121,36.0,4839.79,912.78,5.5,166.03,1.1,36.0,Site,Sul,Premium,2024-07-21,Tradicional
122,43.0,6638.17,681.47,6.0,113.05,11.6,43.3,Marketplace,Sul,Básico,2026-02-24,Tradicional
123,31.0,5283.03,1827.99,17.5,104.4,9.7,65.7,Aplicativo,Nordeste,Premium,2026-02-17,Jovem digital
124,40.0,8186.54,865.29,6.5,133.65,8.2,22.2,Site,Sudeste,Básico,2022-11-06,Tradicional
125,25.0,4887.11,1231.17,8.9,137.85,5.8,46.8,Aplicativo,Sudeste,VIP,2024-02-26,Jovem digital
126,45.0,8763.4,546.39,3.9,139.68,4.3,13.9,Aplicativo,Sudeste,VIP,2023-04-20,Tradicional
127,18.0,2951.9,1053.75,7.7,136.55,4.2,22.9,Site,Sudeste,Básico,2024-10-25,Jovem digital
128,21.0,3449.79,1118.28,9.1,123.37,9.1,34.8,Loja física,Sudeste,Básico,2025-10-13,Jovem digital
129,34.0,5055.26,1370.62,11.0,124.15,6.8,31.3,Aplicativo,Nordeste,Premium,2023-06-16,Jovem digital
130,41.0,7171.58,723.38,6.1,119.54,6.1,21.7,Loja física,Sudeste,Premium,2022-07-22,Tradicional
131,27.0,2377.93,1457.31,11.5,126.4,1.7,34.8,Loja física,Nordeste,Básico,2022-04-18,Jovem digital
132,47.0,26825.12,5807.74,6.2,931.1,11.3,38.1,Loja física,Centro-Oeste,Premium,2022-03-30,Alto valor
133,44.0,6307.33,801.92,4.8,167.27,7.6,20.4,Aplicativo,Sudeste,Premium,2023-09-05,Tradicional
134,31.0,6177.11,1738.17,11.0,158.1,2.2,25.5,Loja física,Nordeste,Premium,2026-06-04,Jovem digital
135,38.0,8179.15,1029.45,3.6,283.72,5.0,4.0,Aplicativo,Sul,Básico,2023-02-25,Tradicional
136,38.0,4058.86,912.84,5.5,165.41,4.1,23.2,Loja física,Centro-Oeste,VIP,2023-11-08,Jovem digital
137,58.0,17904.19,5074.29,8.5,597.13,9.1,37.0,Site,Sul,Básico,2025-02-02,Alto valor
138,48.0,9366.31,1308.53,6.7,196.62,8.7,26.0,Loja física,Sudeste,Básico,2025-01-04,Tradicional
139,52.0,20040.06,4547.78,7.4,615.75,7.5,27.4,Aplicativo,Sudeste,VIP,2023-03-28,Alto valor
140,36.0,4462.11,1579.98,13.0,121.42,8.6,52.4,Site,Centro-Oeste,Básico,2022-08-01,Jovem digital
141,39.0,6521.45,1019.94,7.6,134.47,7.4,42.8,Aplicativo,Sudeste,Básico,2022-09-19,Tradicional
142,30.0,6093.54,886.03,8.2,107.95,8.6,28.7,Aplicativo,Nordeste,Premium,2023-01-04,Tradicional
143,36.0,27490.1,6122.14,9.4,653.74,6.0,36.1,Site,Sudeste,Premium,2022-05-25,Alto valor
144,41.0,8993.55,1102.43,4.0,273.93,14.4,37.1,Aplicativo,Nordeste,Básico,2024-02-09,Tradicional
145,48.0,6995.08,810.02,5.3,153.94,7.0,18.0,Loja física,Sudeste,Básico,2024-12-15,Tradicional
146,32.0,3296.26,1200.31,6.9,172.83,4.3,25.9,Loja física,Sudeste,Básico,2025-02-02,Jovem digital
147,30.0,4804.5,1445.1,12.0,120.23,3.8,40.3,Site,Sudeste,Básico,2026-02-28,Jovem digital
148,50.0,6411.77,702.05,4.1,170.27,8.1,11.5,Loja física,Sudeste,Básico,2023-05-06,Tradicional
149,60.0,3862.48,395.68,5.9,67.07,5.8,26.0,Loja física,Nordeste,Básico,2024-12-30,Tradicional
150,26.0,3719.8,1109.35,5.8,191.68,6.4,25.2,Marketplace,Nordeste,VIP,2026-01-19,Jovem digital
151,46.0,7662.24,3859.79,9.7,398.77,3.7,37.9,Aplicativo,Sudeste,Premium,2022-02-17,Alto valor
152,59.0,16825.85,5011.68,8.1,619.33,10.0,26.8,Site,Sul,Premium,2025-07-30,Alto valor
153,35.0,5768.91,1417.81,8.6,163.98,3.6,30.4,Loja física,Sudeste,VIP,2022-05-28,Jovem digital
154,48.0,3776.95,1099.89,5.8,188.18,7.3,37.4,Aplicativo,Nordeste,VIP,2024-07-11,Tradicional
155,30.0,6344.83,1586.2,11.5,138.44,7.5,60.0,Aplicativo,Nordeste,Premium,2025-10-21,Jovem digital
156,47.0,5088.86,874.76,3.3,267.9,13.4,36.2,Aplicativo,Centro-Oeste,Básico,2024-02-07,Tradicional
157,34.0,3182.21,1457.75,13.4,108.62,4.1,35.7,Site,Centro-Oeste,Premium,2024-07-24,Jovem digital
158,47.0,7462.33,950.86,6.8,140.04,7.8,33.3,Site,Sudeste,Básico,2024-11-01,Tradicional
159,55.0,7132.24,737.85,6.1,120.49,7.5,23.5,Loja física,Sudeste,Básico,2024-08-24,Tradicional
160,61.0,7483.87,624.89,6.3,99.45,7.9,30.5,Site,Centro-Oeste,Básico,2025-05-08,Tradicional
161,23.0,5939.9,1165.78,11.7,99.49,3.6,33.3,Loja física,Sudeste,Básico,2025-12-07,Jovem digital
162,56.0,12604.32,4041.61,10.8,373.44,11.1,32.1,Aplicativo,Sudeste,Básico,2022-08-14,Alto valor
163,28.0,5842.69,1168.15,8.8,133.41,4.7,29.2,Loja física,Sudeste,Premium,2023-11-27,Jovem digital
164,26.0,5294.63,905.34,7.7,117.99,10.8,41.8,Loja física,Nordeste,Básico,2025-11-26,Jovem digital
165,51.0,5424.41,377.35,4.3,87.88,9.5,26.6,Aplicativo,Nordeste,Básico,2023-09-30,Tradicional
166,24.0,4191.11,1381.8,13.3,103.69,3.0,46.8,Aplicativo,Norte,Básico,2024-03-29,Jovem digital
167,61.0,12049.13,4228.9,6.6,637.48,8.9,32.3,Aplicativo,Sudeste,Premium,2025-05-25,Alto valor
168,50.0,12571.12,4340.42,7.7,564.44,6.7,34.4,Marketplace,Sudeste,Básico,2026-04-13,Alto valor
169,34.0,3341.38,1345.25,10.9,123.49,8.5,47.1,Aplicativo,Sudeste,Básico,2023-02-25,Jovem digital
170,42.0,14735.08,4604.53,8.0,574.8,3.8,26.4,Aplicativo,Nordeste,Premium,2026-05-17,Alto valor
171,33.0,3830.16,1482.79,10.5,141.69,3.4,36.1,Aplicativo,Sudeste,Premium,2025-04-01,Jovem digital
172,39.0,7755.44,689.94,4.8,142.5,5.9,35.5,Aplicativo,Norte,Básico,2022-02-21,Tradicional
173,22.0,6298.18,1904.31,10.6,179.5,6.7,41.0,Site,Sul,Premium,2025-12-11,Jovem digital
174,45.0,16464.98,4400.31,12.8,344.17,10.8,51.6,Loja física,Nordeste,Básico,2023-10-05,Alto valor
175,18.0,6021.46,1407.8,8.9,157.6,7.8,37.0,Site,Nordeste,VIP,2023-04-17,Jovem digital
176,24.0,4527.5,1233.15,8.6,143.0,6.6,32.1,Loja física,Sul,Premium,2024-05-29,Jovem digital
177,48.0,4803.33,589.95,3.7,157.75,8.0,17.4,Aplicativo,Nordeste,Premium,2024-08-21,Tradicional
178,39.0,13102.86,3691.77,8.2,448.16,9.0,37.2,Site,Sudeste,Básico,2024-06-21,Alto valor
179,47.0,14904.78,4282.43,6.7,640.27,5.5,22.6,Loja física,Nordeste,Premium,2022-04-03,Alto valor
180,55.0,5654.71,752.18,5.9,128.07,4.9,22.4,Loja física,Nordeste,Básico,2025-10-07,Tradicional
181,52.0,24756.79,4907.39,9.0,544.22,9.7,32.4,Loja física,Sul,Básico,2023-07-26,Alto valor
182,52.0,22255.0,5617.53,7.6,743.37,6.4,31.3,Aplicativo,Sudeste,Premium,2022-08-24,Alto valor
183,38.0,4162.6,369.21,5.3,70.27,7.0,28.8,Site,Norte,Premium,2024-08-04,Tradicional
184,26.0,6021.89,954.93,6.2,153.39,5.9,24.0,Loja física,Norte,Básico,2024-11-06,Jovem digital
185,36.0,6377.69,1017.99,4.3,234.47,7.4,5.8,Aplicativo,Sul,Premium,2022-06-23,Tradicional
186,52.0,7541.22,942.34,5.3,179.08,10.9,33.5,Loja física,Norte,Básico,2026-04-26,Tradicional
187,23.0,5339.35,1495.22,8.2,181.9,7.1,34.2,Aplicativo,Sul,Premium,2024-10-01,Jovem digital
188,33.0,4455.44,1480.87,10.6,140.24,6.9,32.0,Aplicativo,Sudeste,Básico,2026-07-25,Jovem digital
189,21.0,7116.95,818.14,4.8,170.59,4.0,25.4,Loja física,Sul,Básico,2025-01-26,Tradicional
190,31.0,4112.99,1177.65,8.1,144.51,6.4,21.0,Loja física,Sudeste,VIP,2022-01-17,Jovem digital
191,49.0,15561.95,4717.63,8.3,566.76,7.1,41.8,Marketplace,Sul,Básico,2022-12-15,Alto valor
192,22.0,4411.79,1245.94,14.2,87.59,4.6,47.8,Marketplace,Nordeste,VIP,2026-06-15,Jovem digital
193,28.0,3565.05,1090.91,10.1,108.3,11.9,26.3,Aplicativo,Sudeste,Básico,2024-07-24,Jovem digital
194,48.0,27038.24,5131.24,5.5,937.87,8.7,28.2,Site,Sudeste,Premium,2022-07-24,Alto valor
195,20.0,6812.52,1529.23,9.8,155.34,6.0,33.5,Marketplace,Nordeste,Básico,2022-05-05,Jovem digital
196,25.0,3224.08,1825.53,10.4,175.33,3.9,31.4,Aplicativo,Nordeste,Premium,2024-06-16,Jovem digital
197,55.0,5032.52,624.57,6.2,101.3,11.5,26.4,Site,Norte,VIP,2024-09-20,Tradicional
198,37.0,20786.29,5723.89,10.3,554.63,8.6,40.3,Marketplace,Sudeste,Premium,2023-02-16,Alto valor
199,25.0,4008.38,1593.64,12.9,123.78,7.2,43.4,Aplicativo,Centro-Oeste,Básico,2022-11-22,Jovem digital
200,25.0,2669.11,1534.42,11.3,135.97,6.0,26.2,Marketplace,Sudeste,Premium,2024-10-10,Jovem digital
201,34.0,7872.93,1039.89,5.6,185.8,9.0,37.8,Site,Sudeste,Premium,2023-12-30,Tradicional
202,55.0,12010.98,3085.83,4.8,647.46,12.0,26.8,Marketplace,Nordeste,Básico,2022-03-03,Alto valor
203,51.0,5524.55,364.79,3.8,97.26,9.3,16.5,Site,Sudeste,Premium,2022-04-07,Tradicional
204,36.0,5292.47,1826.4,12.9,141.31,6.5,37.6,Loja física,Nordeste,Premium,2023-02-03,Jovem digital
205,30.0,3922.28,1258.11,10.6,118.79,8.1,47.7,Loja física,Sudeste,Premium,2024-08-01,Jovem digital
206,40.0,4907.38,1484.63,9.8,150.87,5.2,25.4,Aplicativo,Sudeste,Básico,2023-05-18,Jovem digital
207,22.0,6400.31,1579.84,9.3,169.02,3.5,33.3,Site,Sul,Básico,2022-01-26,Jovem digital
208,53.0,7295.32,855.84,5.2,165.54,8.7,21.3,Marketplace,Sudeste,VIP,2026-03-11,Tradicional
209,27.0,3573.73,1603.37,9.9,162.35,1.7,27.5,Marketplace,Sudeste,Premium,2025-03-05,Jovem digital
210,43.0,5134.92,883.67,4.1,217.08,9.6,14.9,Marketplace,Sudeste,Básico,2024-09-02,Tradicional
211,49.0,7689.85,950.29,4.5,209.48,6.2,16.1,Site,Sudeste,VIP,2023-02-13,Tradicional
212,39.0,6012.96,1011.64,6.7,149.97,6.1,27.6,Site,Nordeste,Básico,2025-03-30,Tradicional
213,22.0,3305.33,1726.84,11.3,153.2,4.7,41.3,Site,Sudeste,Básico,2026-05-02,Jovem digital
214,36.0,16397.3,3751.42,5.2,714.84,6.9,17.7,Site,Sul,Premium,2025-02-04,Alto valor
215,41.0,5729.62,718.19,4.0,177.81,6.6,19.4,Site,Sul,Premium,2023-05-10,Tradicional
216,40.0,4191.53,874.22,6.4,136.52,7.1,34.9,Aplicativo,Sul,VIP,2023-10-18,Tradicional
217,31.0,2728.3,1480.55,11.7,126.03,6.1,29.3,Aplicativo,Sul,Premium,2026-04-03,Jovem digital
218,22.0,4210.8,1788.24,10.7,166.98,4.1,37.0,Site,Nordeste,Básico,2022-01-24,Jovem digital
219,62.0,8806.2,3337.74,13.0,256.99,8.2,41.2,Aplicativo,Centro-Oeste,Básico,2023-01-05,Alto valor
220,32.0,5511.43,1452.63,8.5,170.68,8.8,27.7,Aplicativo,Sudeste,Básico,2022-06-28,Jovem digital
221,26.0,4905.21,1758.1,11.6,151.87,0.8,37.8,Aplicativo,Nordeste,VIP,2024-12-08,Jovem digital
222,45.0,6180.75,978.19,7.0,140.28,7.4,25.4,Loja física,Sudeste,Básico,2024-02-07,Tradicional
223,50.0,5325.07,551.02,3.1,176.69,7.4,8.5,Marketplace,Sul,Básico,2022-08-11,Tradicional
224,45.0,19290.91,4918.54,10.0,494.23,8.8,51.0,Site,Sul,Básico,2026-04-23,Alto valor
225,34.0,6161.1,1416.62,11.6,122.03,3.3,46.1,Marketplace,Sudeste,Básico,2024-07-11,Jovem digital
226,60.0,14709.96,3961.43,8.3,480.04,8.6,19.6,Marketplace,Sudeste,Básico,2023-02-20,Alto valor
227,23.0,2783.94,1218.21,12.6,96.82,5.0,31.9,Aplicativo,Sudeste,Premium,2026-05-01,Jovem digital
228,68.0,4692.57,693.07,2.7,253.25,13.2,28.8,Aplicativo,Sudeste,Básico,2025-03-13,Tradicional
229,56.0,6627.18,524.01,6.0,86.9,10.0,27.8,Aplicativo,Sul,VIP,2022-08-06,Tradicional
230,24.0,3109.53,1031.55,6.3,164.72,2.6,33.9,Aplicativo,Sudeste,VIP,2025-10-14,Jovem digital
231,18.0,2900.46,1026.86,9.7,106.33,3.5,38.1,Site,Nordeste,Básico,2022-04-09,Jovem digital
232,47.0,7124.05,1044.65,6.6,158.07,10.2,34.5,Aplicativo,Centro-Oeste,Premium,2026-02-25,Tradicional
233,57.0,14990.79,4425.56,8.6,514.19,6.6,25.5,Marketplace,Sudeste,Básico,2023-10-20,Alto valor
234,45.0,5769.84,588.25,4.4,133.65,7.7,26.4,Site,Sudeste,Básico,2023-05-06,Tradicional
235,52.0,14555.45,3619.41,6.7,542.34,8.7,20.3,Site,Sudeste,Básico,2022-03-31,Alto valor
236,41.0,20517.53,4586.66,8.2,562.28,6.5,42.7,Marketplace,Centro-Oeste,Premium,2026-04-07,Alto valor
237,50.0,5494.06,817.07,2.5,331.02,14.8,28.5,Marketplace,Sudeste,Premium,2024-07-24,Tradicional
238,45.0,13160.27,4377.27,8.1,541.58,7.0,26.0,Loja física,Sudeste,Básico,2024-10-13,Alto valor
239,27.0,3002.16,1286.86,12.4,104.12,6.8,51.7,Loja física,Norte,Premium,2025-11-22,Jovem digital
240,36.0,4198.68,1116.32,5.4,206.25,5.1,40.3,Marketplace,Sul,Premium,2024-04-30,Jovem digital
241,63.0,24837.25,5549.51,11.7,475.87,11.2,46.7,Site,Sudeste,Premium,2023-04-30,Alto valor
242,55.0,11905.64,3142.36,8.4,371.94,11.1,43.1,Marketplace,Centro-Oeste,Básico,2025-07-25,Alto valor
243,24.0,3475.49,1665.21,13.2,125.71,4.0,41.1,Aplicativo,Centro-Oeste,Premium,2024-06-05,Jovem digital
244,46.0,4334.8,523.87,4.4,118.01,7.9,23.5,Site,Sul,Premium,2023-02-04,Tradicional
245,51.0,9255.87,903.7,6.9,130.94,6.6,16.5,Site,Sudeste,Básico,2025-11-13,Tradicional
246,30.0,8521.76,3290.46,10.8,303.46,3.4,36.7,Aplicativo,Sul,Premium,2025-09-20,Alto valor
247,38.0,10639.78,1137.07,7.3,156.25,9.4,33.5,Aplicativo,Sudeste,Básico,2023-02-18,Tradicional
248,42.0,6247.44,1095.02,5.4,202.45,6.2,38.1,Aplicativo,Sul,Premium,2024-12-22,Tradicional
249,29.0,5146.79,1409.42,13.9,101.23,0.4,27.9,Aplicativo,Sudeste,Premium,2026-03-20,Jovem digital
250,50.0,5950.24,185.39,1.0,185.39,12.6,15.8,Aplicativo,Sul,Básico,2025-08-29,Tradicional
251,36.0,7622.99,906.67,5.2,174.2,5.0,31.9,Site,Nordeste,Básico,2022-11-29,Tradicional
252,63.0,9993.57,3510.0,7.9,441.78,9.5,33.2,Loja física,Norte,Premium,2025-12-01,Alto valor
253,38.0,6555.47,929.74,2.1,438.54,10.8,18.0,Site,Centro-Oeste,Premium,2022-04-05,Tradicional
254,24.0,7417.76,1879.32,10.9,172.12,5.0,32.1,Loja física,Sudeste,Premium,2024-10-29,Jovem digital
255,27.0,4164.0,1329.42,9.5,139.35,5.3,27.6,Aplicativo,Sudeste,Premium,2024-05-05,Jovem digital
256,47.0,5137.28,607.6,4.8,127.25,5.3,6.0,Loja física,Sul,Básico,2022-03-03,Tradicional
257,65.0,14575.42,4318.23,11.1,389.36,6.6,36.1,Aplicativo,Sudeste,Básico,2025-04-28,Alto valor
258,28.0,2901.14,1270.76,9.9,128.59,5.5,28.3,Aplicativo,Sudeste,Premium,2023-05-13,Jovem digital
259,35.0,4469.34,1788.36,14.5,123.68,7.5,53.4,Site,Nordeste,Básico,2025-11-26,Jovem digital
260,57.0,6385.88,902.46,9.3,97.01,10.0,33.7,Marketplace,Sudeste,Premium,2026-01-08,Tradicional
261,23.0,2992.98,1863.51,16.8,110.74,4.2,51.7,Marketplace,Sudeste,Básico,2024-09-14,Jovem digital
262,47.0,22370.37,6271.61,9.4,668.94,8.1,34.3,Loja física,Sul,Básico,2024-11-14,Alto valor
263,19.0,3899.25,867.57,9.8,88.13,0.6,29.8,Loja física,Norte,Premium,2022-03-29,Jovem digital
264,32.0,3893.75,2015.84,12.8,156.89,7.4,43.2,Site,Nordeste,Premium,2026-01-28,Jovem digital
265,47.0,13108.77,4316.68,8.2,524.04,8.5,26.4,Loja física,Sudeste,Premium,2025-02-13,Alto valor
266,24.0,3519.84,1601.68,13.6,117.4,9.9,53.5,Aplicativo,Sul,Básico,2023-10-05,Jovem digital
267,18.0,2980.15,1635.79,14.8,110.88,4.7,58.4,Aplicativo,Centro-Oeste,Premium,2022-05-24,Jovem digital
268,23.0,4004.3,1549.36,11.0,140.43,3.1,37.9,Marketplace,Sudeste,Básico,2024-04-23,Jovem digital
269,20.0,3318.85,1352.9,11.7,115.81,4.8,35.9,Marketplace,Sul,Premium,2026-02-15,Jovem digital
270,30.0,2976.72,1601.32,11.9,134.65,5.3,41.1,Aplicativo,Nordeste,Premium,2025-12-13,Jovem digital
271,29.0,4366.82,1215.1,10.8,112.92,7.0,24.3,Aplicativo,Nordeste,Básico,2022-06-14,Jovem digital
272,27.0,5976.3,1328.01,10.7,124.08,5.8,37.9,Aplicativo,Sudeste,Premium,2025-06-28,Jovem digital
273,25.0,4442.97,1466.51,10.1,145.69,2.5,30.1,Site,Centro-Oeste,Premium,2022-05-17,Jovem digital
274,48.0,8486.67,1206.33,7.6,159.52,4.5,20.6,Aplicativo,Sudeste,Básico,2023-09-24,Tradicional
275,37.0,4956.71,630.27,4.9,129.59,7.5,17.6,Site,Sudeste,Premium,2024-01-18,Tradicional
276,21.0,3711.41,1137.0,9.8,115.86,8.2,36.0,Aplicativo,Sudeste,Básico,2022-02-07,Jovem digital
277,25.0,5841.87,2108.52,11.5,183.38,5.7,49.3,Aplicativo,Sudeste,VIP,2022-08-18,Jovem digital
278,45.0,5958.28,819.21,5.0,163.6,9.8,35.5,Aplicativo,Sudeste,Básico,2026-01-11,Tradicional
279,52.0,29154.17,6453.73,6.3,1022.88,11.1,24.8,Loja física,Nordeste,Básico,2024-11-18,Alto valor
280,50.0,9072.96,3980.93,9.5,417.23,9.2,35.5,Aplicativo,Centro-Oeste,Premium,2025-08-07,Alto valor
281,23.0,4189.51,842.85,6.7,126.05,3.4,20.1,Site,Sudeste,Básico,2024-08-13,Jovem digital
282,32.0,3685.8,1230.16,8.2,149.51,6.8,39.3,Loja física,Nordeste,VIP,2024-01-21,Jovem digital
283,24.0,3681.26,1224.06,12.8,95.27,8.2,49.6,Loja física,Norte,Básico,2022-01-31,Jovem digital
284,22.0,4385.16,1845.74,13.4,137.5,6.4,48.7,Aplicativo,Sudeste,Básico,2024-07-02,Jovem digital
285,39.0,8610.78,1183.8,3.6,329.88,8.9,25.7,Loja física,Nordeste,Básico,2025-07-12,Tradicional
286,35.0,9682.75,1286.76,3.8,337.0,5.6,13.4,Aplicativo,Norte,Básico,2022-12-08,Tradicional
287,30.0,3160.09,1404.8,9.7,144.91,5.6,46.7,Site,Nordeste,Básico,2024-03-31,Jovem digital
288,32.0,4117.66,1568.51,11.1,141.16,6.1,40.6,Site,Sul,Básico,2023-11-21,Jovem digital
289,45.0,4409.45,663.99,3.5,187.75,7.8,13.1,Marketplace,Centro-Oeste,Básico,2025-12-27,Tradicional
290,33.0,6603.23,1783.14,12.9,137.71,9.2,48.0,Marketplace,Nordeste,Básico,2022-09-30,Jovem digital
291,54.0,12117.98,3293.13,7.7,428.04,3.6,37.3,Loja física,Sudeste,Básico,2022-06-26,Alto valor
292,21.0,4611.15,1615.32,11.5,140.91,5.1,37.1,Marketplace,Sudeste,Básico,2022-12-19,Jovem digital
293,53.0,16211.1,4414.91,9.1,484.45,8.7,45.3,Aplicativo,Sul,Básico,2022-09-19,Alto valor
294,29.0,3427.27,1546.31,11.9,129.68,2.8,34.2,Loja física,Sudeste,Básico,2025-11-16,Jovem digital
295,44.0,15250.87,3793.51,6.8,561.77,9.4,25.4,Aplicativo,Sudeste,Básico,2023-03-12,Alto valor
296,41.0,22490.62,5729.89,10.1,565.56,5.8,42.6,Aplicativo,Sudeste,Básico,2023-08-30,Alto valor
297,63.0,14118.58,4562.39,14.1,324.41,9.2,46.3,Site,Centro-Oeste,Básico,2023-03-06,Alto valor
298,51.0,13207.19,4319.02,8.7,493.9,12.8,48.2,Loja física,Nordeste,Básico,2025-09-24,Alto valor
299,43.0,11076.42,1122.26,5.4,206.66,10.0,31.1,Loja física,Sudeste,VIP,2025-01-15,Tradicional
300,37.0,7369.52,729.98,4.8,153.4,8.2,17.2,Loja física,Sudeste,Básico,2024-03-03,Tradicional
301,38.0,14488.15,958.25,4.5,211.73,7.9,22.5,Site,Sudeste,Básico,2025-08-28,Tradicional
302,24.0,4139.79,1607.07,12.4,129.95,4.9,38.6,Marketplace,Sudeste,Premium,2022-04-29,Jovem digital
303,49.0,5356.68,609.5,5.6,108.59,13.0,35.3,Marketplace,Sul,Básico,2025-02-08,Tradicional
304,39.0,4935.68,811.76,2.9,283.74,9.0,34.5,Loja física,Sudeste,Básico,2023-08-28,Tradicional
305,54.0,20503.24,5313.7,8.1,657.75,7.2,30.0,Aplicativo,Norte,Premium,2023-09-27,Alto valor
306,30.0,8421.0,1035.38,5.3,194.66,2.9,23.7,Site,Sudeste,Premium,2022-09-22,Tradicional
307,29.0,3185.82,919.78,7.3,126.78,7.3,30.7,Loja física,Sudeste,VIP,2022-06-12,Jovem digital
308,49.0,7995.11,597.33,2.5,235.38,8.2,17.6,Marketplace,Centro-Oeste,VIP,2025-03-05,Tradicional
309,23.0,3800.14,834.83,7.6,109.92,2.0,23.9,Aplicativo,Sudeste,Premium,2025-11-22,Jovem digital
310,23.0,4302.67,1191.89,8.0,148.09,6.2,24.8,Aplicativo,Sudeste,Premium,2026-03-04,Jovem digital
311,52.0,4398.52,854.65,4.6,184.65,8.2,26.4,Aplicativo,Sudeste,Básico,2023-02-12,Tradicional
312,41.0,5472.31,785.1,7.1,110.67,8.6,29.3,Aplicativo,Nordeste,VIP,2025-06-29,Tradicional
313,33.0,4736.01,1493.7,10.1,147.27,7.4,32.1,Loja física,Sudeste,Premium,2022-07-05,Jovem digital
314,29.0,5589.73,1432.14,9.6,148.73,4.5,42.4,Aplicativo,Nordeste,Básico,2025-07-25,Jovem digital
315,27.0,5115.35,1531.37,8.4,181.51,7.2,34.7,Site,Sul,Básico,2024-08-04,Jovem digital
316,29.0,2904.74,1985.22,14.0,141.59,4.9,46.1,Loja física,Centro-Oeste,Premium,2025-12-12,Jovem digital
317,32.0,6262.88,1214.37,11.2,108.3,5.3,50.8,Site,Sul,Básico,2022-04-24,Jovem digital
318,29.0,7016.94,618.36,3.9,157.17,4.8,2.9,Aplicativo,Nordeste,Premium,2025-07-22,Tradicional
319,27.0,4990.06,1129.38,7.4,153.28,8.3,42.3,Site,Nordeste,Básico,2024-02-20,Jovem digital
320,60.0,10632.95,3448.16,9.7,354.04,9.0,33.0,Site,Sul,Premium,2024-08-08,Alto valor
321,53.0,21310.4,5648.76,9.5,595.7,12.0,44.5,Marketplace,Nordeste,Básico,2024-06-20,Alto valor
322,35.0,9078.42,921.96,3.5,266.07,10.8,18.6,Loja física,Nordeste,Premium,2025-04-09,Tradicional
323,28.0,4811.07,1319.0,11.8,111.38,4.2,33.2,Marketplace,Sudeste,Básico,2024-09-28,Jovem digital
324,33.0,8444.43,1131.38,5.3,212.09,0.1,26.6,Aplicativo,Nordeste,Básico,2023-11-27,Tradicional
325,49.0,9567.75,3361.04,9.9,338.4,10.7,57.5,Loja física,Sudeste,Básico,2023-12-29,Alto valor
326,47.0,5352.5,714.79,8.0,89.8,7.3,30.9,Site,Sul,Básico,2022-04-29,Tradicional
327,47.0,15524.72,4117.16,5.8,707.95,6.1,27.5,Loja física,Sudeste,Básico,2025-04-25,Alto valor
328,57.0,5610.63,290.69,5.7,50.9,8.0,27.2,Site,Sudeste,Premium,2025-03-25,Tradicional
329,44.0,5917.35,898.82,3.5,254.86,6.8,32.6,Aplicativo,Sudeste,Básico,2024-08-06,Tradicional
330,25.0,3996.39,901.72,10.1,89.66,8.5,23.5,Aplicativo,Sudeste,Premium,2025-04-21,Jovem digital
331,35.0,8672.27,613.13,1.2,510.06,7.1,15.1,Loja física,Sudeste,Premium,2023-03-26,Tradicional
332,25.0,6843.5,1614.8,12.9,124.97,8.5,43.1,Loja física,Sudeste,Básico,2023-01-10,Jovem digital
333,54.0,5205.14,568.42,6.8,83.39,10.2,13.8,Aplicativo,Sul,VIP,2026-03-27,Tradicional
334,57.0,13171.92,3531.8,5.9,594.28,8.6,25.2,Site,Sudeste,Premium,2026-05-14,Alto valor
335,28.0,3656.68,1319.29,12.4,106.52,5.0,57.9,Loja física,Norte,Premium,2025-11-26,Jovem digital
336,49.0,7422.15,768.83,4.9,157.22,9.7,21.0,Site,Nordeste,Premium,2022-03-29,Tradicional
337,28.0,4899.61,1998.68,16.2,123.72,7.7,64.1,Aplicativo,Sudeste,Premium,2024-07-06,Jovem digital
338,52.0,16417.63,1477.0,5.9,249.13,11.0,40.6,Marketplace,Sudeste,VIP,2025-05-15,Tradicional
339,31.0,3166.33,1134.82,9.9,114.74,5.6,36.2,Site,Sudeste,Básico,2022-03-04,Jovem digital
340,54.0,14186.83,4527.79,8.3,547.07,9.3,37.0,Loja física,Sudeste,Básico,2026-06-08,Alto valor
341,31.0,4014.06,1527.01,9.3,163.75,7.6,23.4,Loja física,Sul,Premium,2025-08-09,Jovem digital
342,54.0,8971.46,3231.31,7.4,438.22,8.1,26.2,Loja física,Nordeste,Básico,2023-06-01,Alto valor
343,54.0,20071.13,5216.49,8.6,608.85,6.4,40.7,Aplicativo,Nordeste,Premium,2024-04-26,Alto valor
344,45.0,5310.29,719.32,4.5,158.8,6.0,21.3,Marketplace,Sudeste,Básico,2026-03-06,Tradicional
345,49.0,8204.37,3048.5,7.2,423.11,7.8,33.9,Aplicativo,Nordeste,Básico,2025-11-28,Alto valor
346,47.0,13860.83,3580.95,9.0,398.95,9.7,39.6,Loja física,Sudeste,VIP,2025-10-13,Alto valor
347,38.0,13418.52,4820.28,9.5,505.89,9.9,58.0,Marketplace,Nordeste,Básico,2026-07-04,Alto valor
348,31.0,2784.23,1306.44,10.4,125.39,3.1,31.5,Loja física,Norte,Básico,2025-05-29,Jovem digital
349,45.0,7641.5,802.69,3.3,239.66,6.6,30.8,Site,Sudeste,Premium,2026-04-13,Tradicional
350,29.0,5292.4,1281.53,9.0,142.62,5.2,34.2,Aplicativo,Nordeste,Premium,2026-05-14,Jovem digital
351,22.0,5394.41,515.69,4.1,127.14,7.0,34.1,Site,Nordeste,Premium,2022-02-02,Tradicional
352,28.0,4134.72,1076.07,5.4,201.06,4.6,11.8,Site,Sul,Básico,2024-12-29,Jovem digital
353,37.0,7519.57,760.15,2.7,282.3,5.9,16.6,Aplicativo,Sudeste,VIP,2023-07-13,Tradicional
354,42.0,7118.75,800.7,5.2,153.26,4.3,17.6,Aplicativo,Nordeste,Premium,2024-04-07,Tradicional
355,32.0,4173.02,625.73,3.9,158.45,7.4,21.9,Marketplace,Sudeste,Premium,2022-10-08,Tradicional
356,39.0,7841.0,679.94,4.5,151.18,6.8,31.5,Aplicativo,Sudeste,Básico,2025-02-03,Tradicional
357,42.0,6955.69,1191.99,5.6,213.43,6.0,27.0,Aplicativo,Sul,Básico,2025-10-27,Tradicional
358,44.0,14651.42,4160.92,8.9,470.04,7.2,45.0,Aplicativo,Sudeste,Básico,2023-11-20,Alto valor
359,40.0,4083.79,434.96,4.1,106.6,9.9,18.7,Site,Sudeste,Premium,2025-03-13,Tradicional
360,30.0,5119.71,746.85,3.1,239.74,3.8,7.3,Site,Norte,Básico,2023-06-28,Tradicional
361,53.0,11232.47,2671.41,7.5,357.16,6.9,30.9,Loja física,Sudeste,Básico,2025-06-07,Alto valor
362,25.0,4696.42,1417.9,13.1,108.55,8.3,48.9,Site,Sul,Premium,2022-05-18,Jovem digital
363,32.0,2747.5,1238.19,7.9,157.11,6.5,30.0,Aplicativo,Nordeste,Básico,2026-01-11,Jovem digital
364,35.0,4822.27,961.29,10.9,88.2,8.3,35.0,Site,Sudeste,Básico,2023-09-25,Jovem digital
365,28.0,6757.31,588.6,4.4,135.14,6.8,30.8,Aplicativo,Nordeste,Básico,2024-04-24,Tradicional
366,45.0,6728.43,916.15,6.7,136.74,7.8,26.5,Loja física,Nordeste,Premium,2025-09-04,Tradicional
367,54.0,6515.61,985.59,4.8,205.66,8.2,35.6,Aplicativo,Sul,Premium,2022-02-19,Tradicional
368,36.0,15121.78,1375.64,5.7,242.38,8.8,27.6,Aplicativo,Sul,Premium,2026-04-30,Tradicional
369,30.0,7104.18,1409.0,13.0,108.54,8.7,54.6,Site,Norte,VIP,2024-10-24,Jovem digital
370,59.0,13449.79,3345.38,8.2,407.26,12.1,43.6,Aplicativo,Centro-Oeste,Premium,2026-06-19,Alto valor
371,48.0,5346.22,696.02,5.2,134.36,5.6,15.6,Site,Sudeste,Básico,2024-07-10,Tradicional
372,37.0,7316.39,1671.94,11.1,150.41,9.9,48.2,Site,Sudeste,Premium,2022-12-12,Jovem digital
373,25.0,5724.56,1376.82,10.2,135.28,4.7,51.6,Marketplace,Sul,VIP,2024-08-31,Jovem digital
374,32.0,3612.36,999.97,10.9,91.69,4.6,40.2,Aplicativo,Centro-Oeste,Básico,2024-08-13,Jovem digital
375,31.0,7232.08,2082.36,12.8,162.65,5.8,52.5,Site,Nordeste,Premium,2026-03-20,Jovem digital
376,23.0,4487.32,1220.61,8.6,141.24,7.1,40.0,Loja física,Sudeste,Básico,2024-08-20,Jovem digital
377,54.0,15496.79,3301.97,5.2,638.1,10.3,30.3,Aplicativo,Centro-Oeste,Premium,2023-11-11,Alto valor
378,33.0,7532.58,1271.71,8.7,145.92,5.9,34.7,Site,Sudeste,Premium,2022-10-22,Tradicional
379,18.0,6252.53,1377.4,13.3,103.25,6.6,52.3,Loja física,Sudeste,VIP,2023-06-30,Jovem digital
380,42.0,9029.16,750.55,6.0,125.28,7.8,33.5,Loja física,Sul,Premium,2024-08-30,Tradicional
381,49.0,3423.12,820.06,4.6,178.31,7.0,11.4,Marketplace,Sudeste,Básico,2023-09-09,Tradicional
382,49.0,12786.5,4432.27,9.8,453.26,6.8,39.4,Loja física,Sul,Básico,2023-08-30,Alto valor
383,58.0,19842.77,5424.13,10.2,533.73,10.4,41.5,Site,Sudeste,VIP,2022-01-25,Alto valor
384,46.0,6676.91,574.79,4.6,125.69,7.8,20.0,Marketplace,Nordeste,Básico,2026-04-25,Tradicional
385,22.0,3881.11,1731.7,11.6,149.24,2.0,47.6,Aplicativo,Norte,Básico,2025-10-30,Jovem digital
386,49.0,20679.91,5115.28,10.2,503.54,10.3,37.0,Site,Sudeste,Premium,2023-03-03,Alto valor
387,49.0,6042.05,998.86,7.4,135.35,7.2,19.7,Loja física,Sul,Básico,2022-08-18,Tradicional
388,41.0,15795.71,4530.39,11.3,401.05,11.0,53.5,Loja física,Nordeste,Básico,2025-10-28,Alto valor
389,29.0,4893.61,1400.39,8.4,166.55,2.8,17.2,Marketplace,Sudeste,Básico,2025-10-30,Jovem digital
390,39.0,12278.51,4118.98,10.2,405.75,6.8,23.2,Aplicativo,Nordeste,Básico,2026-02-08,Alto valor
391,42.0,7431.59,851.13,4.9,173.99,5.9,29.0,Loja física,Sul,Premium,2024-07-04,Tradicional
392,30.0,3426.1,1276.94,11.1,115.03,3.9,39.2,Aplicativo,Sudeste,Básico,2025-05-15,Jovem digital
393,31.0,4931.61,912.51,7.8,116.65,5.1,33.4,Loja física,Centro-Oeste,Básico,2025-05-04,Tradicional
394,33.0,4094.71,942.14,4.8,196.36,10.6,23.6,Loja física,Sudeste,Premium,2022-12-25,Tradicional
395,26.0,6055.97,1710.34,11.9,143.97,6.0,31.7,Aplicativo,Sudeste,Básico,2024-05-26,Jovem digital
396,33.0,8611.16,1046.84,4.4,238.07,4.7,9.3,Loja física,Sudeste,Premium,2023-03-12,Tradicional
397,43.0,15874.37,4269.28,8.7,490.5,3.5,28.1,Site,Nordeste,Básico,2025-06-14,Alto valor
398,29.0,3898.12,1624.58,9.4,173.25,2.0,20.4,Site,Centro-Oeste,Básico,2026-06-12,Jovem digital
399,52.0,5173.47,641.9,6.0,106.57,7.6,29.6,Marketplace,Sudeste,Premium,2022-05-08,Tradicional
400,35.0,8863.53,961.3,1.9,497.41,5.2,8.3,Loja física,Sudeste,Premium,2022-05-07,Tradicional
401,26.0,3958.45,1576.12,12.0,131.08,5.1,43.6,Site,Sudeste,VIP,2023-03-18,Jovem digital
402,43.0,18872.81,4170.64,8.2,506.96,2.5,28.9,Aplicativo,Nordeste,Básico,2022-07-15,Alto valor
403,48.0,23337.45,6072.28,11.4,534.85,8.0,46.8,Aplicativo,Sudeste,Básico,2022-01-16,Alto valor
404,21.0,4818.46,1748.4,13.1,133.19,7.4,52.2,Aplicativo,Sudeste,Básico,2026-06-25,Jovem digital
405,54.0,16849.05,4117.66,7.9,524.2,12.8,36.1,Aplicativo,Sudeste,Básico,2024-08-31,Alto valor
406,36.0,16722.17,4680.17,8.4,559.02,2.4,29.5,Aplicativo,Sul,Básico,2025-07-22,Alto valor
407,20.0,5031.35,1818.63,16.1,112.7,3.1,54.0,Site,Nordeste,VIP,2024-08-04,Jovem digital
408,49.0,16559.02,4350.33,12.1,360.58,6.4,24.4,Loja física,Sul,Premium,2025-06-01,Alto valor
409,28.0,3357.45,1233.8,9.6,128.09,6.2,41.5,Aplicativo,Sudeste,Básico,2025-02-21,Jovem digital
410,58.0,26692.09,5812.94,8.9,653.41,6.7,35.9,Site,Sul,Básico,2022-09-25,Alto valor
411,64.0,5717.52,393.71,4.0,99.12,14.0,33.3,Marketplace,Sul,Básico,2022-09-09,Tradicional
412,55.0,8690.89,868.73,9.4,92.89,9.2,28.8,Aplicativo,Sul,Básico,2024-03-28,Tradicional
413,34.0,4283.29,1176.14,13.0,90.37,6.3,44.1,Loja física,Sudeste,Premium,2023-09-13,Jovem digital
414,59.0,19292.87,5055.67,7.9,638.17,13.3,31.0,Aplicativo,Sudeste,VIP,2025-11-06,Alto valor
415,23.0,3570.98,867.77,9.8,88.18,5.2,41.8,Site,Sul,Básico,2023-05-27,Jovem digital
416,31.0,5863.41,1496.71,9.2,161.87,7.2,25.1,Loja física,Sudeste,Básico,2023-07-04,Jovem digital
417,26.0,4604.35,1137.01,9.4,120.56,3.9,25.5,Aplicativo,Sul,Básico,2024-06-03,Jovem digital
418,52.0,6376.64,967.84,8.6,112.02,5.6,37.0,Aplicativo,Sudeste,Básico,2022-11-19,Tradicional
419,22.0,5921.73,1801.16,12.6,143.21,3.8,37.2,Loja física,Sudeste,VIP,2025-12-06,Jovem digital
420,57.0,12172.21,3600.68,7.7,464.87,14.4,33.1,Aplicativo,Nordeste,Premium,2022-01-19,Alto valor
421,34.0,6005.8,926.29,7.4,125.08,8.0,39.1,Loja física,Sudeste,Premium,2025-11-18,Tradicional
422,20.0,2716.79,1533.0,15.2,101.11,5.6,59.7,Site,Sudeste,Premium,2024-11-06,Jovem digital
423,24.0,3889.84,1449.21,7.3,198.34,3.1,31.4,Aplicativo,Nordeste,Básico,2026-01-24,Jovem digital
424,25.0,6159.26,1880.63,11.1,168.98,7.6,49.3,Loja física,Sudeste,Premium,2023-05-07,Jovem digital
425,46.0,8396.14,1077.23,6.3,171.14,4.9,22.9,Site,Centro-Oeste,Premium,2026-02-14,Tradicional
426,51.0,13922.94,3981.72,11.8,336.55,5.1,39.9,Aplicativo,Sudeste,Básico,2025-12-15,Alto valor
427,27.0,4217.54,1373.32,12.0,114.38,4.5,36.2,Marketplace,Centro-Oeste,Básico,2024-02-03,Jovem digital
428,51.0,14211.06,3667.93,4.8,758.45,13.1,31.6,Site,Nordeste,Premium,2023-04-20,Alto valor
429,21.0,2584.3,1401.32,11.3,123.55,9.4,41.1,Loja física,Sudeste,VIP,2022-11-26,Jovem digital
430,53.0,17985.12,3540.14,4.1,856.18,7.8,18.3,Aplicativo,Sul,Básico,2022-09-11,Alto valor
431,63.0,10728.93,3314.6,9.2,359.44,8.5,42.6,Aplicativo,Nordeste,VIP,2024-09-01,Alto valor
432,45.0,5375.36,810.75,6.0,134.88,4.1,32.4,Loja física,Sul,VIP,2026-05-25,Tradicional
433,40.0,4743.38,509.29,5.5,92.9,7.5,28.7,Loja física,Sudeste,VIP,2024-08-03,Tradicional
434,52.0,34762.02,7714.6,10.7,720.97,9.1,57.4,Aplicativo,Norte,Básico,2026-06-02,Alto valor
435,27.0,2440.58,1327.59,7.7,172.54,7.5,26.4,Loja física,Nordeste,Básico,2025-06-17,Jovem digital
436,23.0,3453.17,1080.69,10.6,102.09,7.4,25.9,Site,Norte,Premium,2025-02-19,Jovem digital
437,21.0,4141.06,1088.39,8.8,124.09,4.5,37.5,Aplicativo,Centro-Oeste,Básico,2025-04-27,Jovem digital
438,38.0,7602.75,812.21,4.6,177.25,8.3,17.5,Loja física,Nordeste,Básico,2026-04-02,Tradicional
439,49.0,6228.84,849.73,4.5,188.86,6.7,19.4,Site,Nordeste,Premium,2025-12-05,Tradicional
440,49.0,6219.44,652.88,5.1,126.89,9.7,12.9,Site,Nordeste,Básico,2022-09-28,Tradicional
441,43.0,19185.93,5060.66,8.9,569.26,6.5,27.3,Loja física,Centro-Oeste,Básico,2024-09-05,Alto valor
442,28.0,4254.69,1724.27,12.7,135.33,7.0,34.6,Site,Sul,VIP,2024-02-09,Jovem digital
443,51.0,6306.42,945.32,7.5,126.1,9.5,30.4,Marketplace,Sudeste,Básico,2026-01-10,Tradicional
444,30.0,4545.19,1306.89,11.6,112.49,6.3,39.2,Loja física,Sul,VIP,2022-12-08,Jovem digital
445,31.0,9316.31,1765.02,10.1,175.4,8.0,40.5,Site,Sudeste,Básico,2025-10-02,Jovem digital
446,40.0,5614.75,757.78,7.8,97.4,3.7,37.7,Site,Norte,Básico,2024-03-11,Tradicional
447,46.0,9025.49,2298.37,6.5,354.43,5.5,31.5,Marketplace,Nordeste,Básico,2026-04-08,Alto valor
448,49.0,15055.02,943.31,4.3,217.35,7.8,9.4,Marketplace,Sul,Básico,2025-08-15,Tradicional
449,31.0,3426.52,1488.22,14.2,104.45,3.0,51.2,Aplicativo,Sudeste,Básico,2023-07-31,Jovem digital
450,39.0,6162.08,804.36,6.4,126.39,6.2,27.5,Aplicativo,Sul,Premium,2025-11-13,Tradicional
451,25.0,3972.56,1263.48,7.8,161.56,4.6,28.2,Site,Sudeste,VIP,2022-11-10,Jovem digital
452,36.0,13012.77,4135.35,9.5,434.44,9.9,40.2,Loja física,Nordeste,Básico,2022-01-07,Alto valor
453,49.0,6374.39,1056.79,7.1,148.73,8.7,33.4,Marketplace,Sul,Básico,2024-04-27,Tradicional
454,29.0,5445.54,1525.91,12.9,118.51,8.4,43.1,Loja física,Sul,Premium,2023-10-14,Jovem digital
455,20.0,4724.61,1771.61,12.4,143.27,5.6,42.4,Aplicativo,Sudeste,Básico,2022-07-30,Jovem digital
456,22.0,3258.55,1384.76,12.1,113.97,3.9,50.7,Marketplace,Sul,Básico,2026-07-21,Jovem digital
457,36.0,16913.04,3584.06,4.3,834.44,7.1,15.8,Aplicativo,Sul,Básico,2022-03-07,Alto valor
458,55.0,11237.61,905.31,2.8,321.97,10.8,13.1,Site,Centro-Oeste,Básico,2024-09-12,Tradicional
459,49.0,26523.81,5535.54,7.0,789.18,11.2,33.9,Site,Centro-Oeste,Básico,2023-03-13,Alto valor
460,56.0,5808.75,557.09,6.3,88.43,9.0,20.6,Site,Nordeste,Básico,2023-05-11,Tradicional
461,43.0,3950.82,727.86,3.1,234.78,3.8,0.1,Site,Sudeste,Premium,2022-12-19,Tradicional
462,27.0,3841.01,1202.06,9.1,131.69,1.8,26.7,Aplicativo,Sudeste,Básico,2023-10-13,Jovem digital
463,51.0,20544.3,4009.82,2.7,1458.27,7.9,29.3,Aplicativo,Centro-Oeste,Básico,2025-01-20,Alto valor
464,28.0,4085.33,1516.23,12.0,126.26,0.5,36.3,Loja física,Norte,Básico,2023-06-24,Jovem digital
465,42.0,5549.71,937.12,4.6,205.6,11.6,29.0,Aplicativo,Sudeste,Básico,2025-04-21,Tradicional
466,38.0,6378.67,1091.54,5.3,204.79,8.5,9.1,Site,Nordeste,VIP,2024-01-19,Tradicional
467,42.0,8666.32,1009.96,7.2,139.93,6.0,32.4,Aplicativo,Sudeste,Premium,2025-08-05,Tradicional
468,48.0,13500.86,4233.26,7.5,565.31,5.7,30.0,Aplicativo,Sudeste,Premium,2024-01-14,Alto valor
469,28.0,4486.02,1028.18,8.2,125.59,8.2,29.1,Aplicativo,Norte,Básico,2023-09-04,Jovem digital
470,61.0,6162.33,978.77,3.6,271.47,7.3,21.0,Loja física,Centro-Oeste,Básico,2024-04-27,Tradicional
471,46.0,7731.08,801.67,4.8,168.72,5.7,22.5,Site,Norte,Básico,2025-02-21,Tradicional
472,43.0,4292.98,727.28,4.8,150.21,5.9,13.1,Aplicativo,Sudeste,Básico,2024-02-16,Tradicional
473,36.0,4302.36,1009.21,5.2,195.41,7.1,26.7,Loja física,Sul,Premium,2026-02-24,Jovem digital
474,41.0,5353.05,1491.52,9.0,166.23,8.8,47.1,Aplicativo,Centro-Oeste,Básico,2024-05-12,Jovem digital
475,23.0,2874.9,1258.52,10.1,124.25,8.0,38.2,Loja física,Nordeste,Básico,2023-05-10,Jovem digital
476,18.0,3044.45,1220.44,11.0,110.69,7.1,34.6,Aplicativo,Sudeste,Básico,2022-02-16,Jovem digital
477,47.0,4514.98,538.09,6.3,85.61,8.2,27.2,Marketplace,Sul,Básico,2023-10-19,Tradicional
478,57.0,3884.81,645.29,3.0,212.73,11.7,30.0,Aplicativo,Sudeste,Básico,2022-04-02,Tradicional
479,57.0,7144.3,886.68,6.0,147.46,7.8,17.6,Site,Sul,Premium,2022-03-01,Tradicional
480,36.0,5611.18,425.28,2.8,150.89,2.6,16.2,Site,Centro-Oeste,VIP,2023-09-13,Tradicional
481,47.0,4640.62,491.79,5.6,88.21,6.6,19.2,Site,Sudeste,Básico,2023-05-01,Tradicional
482,28.0,3662.89,1657.82,14.5,114.2,4.1,50.4,Loja física,Sudeste,Básico,2026-01-19,Jovem digital
483,54.0,5181.57,557.94,5.1,109.38,7.5,19.8,Aplicativo,Sul,Básico,2025-05-05,Tradicional
484,25.0,3902.8,991.86,9.2,107.98,3.3,27.0,Site,Sul,Básico,2025-08-15,Jovem digital
485,20.0,2181.37,1205.9,8.4,144.26,3.8,41.9,Loja física,Sudeste,Premium,2024-07-01,Jovem digital
486,31.0,4311.84,712.64,8.2,86.66,7.7,22.6,Marketplace,Sudeste,Básico,2022-07-04,Tradicional
487,47.0,7881.34,658.12,6.2,106.28,12.0,36.9,Site,Nordeste,VIP,2025-11-23,Tradicional
488,26.0,2669.74,1325.23,17.1,77.43,1.6,67.2,Site,Sudeste,Premium,2024-04-07,Jovem digital
489,36.0,4757.02,828.87,2.3,359.44,3.8,17.0,Loja física,Nordeste,Básico,2023-12-19,Tradicional
490,63.0,5635.45,245.35,2.6,93.53,8.3,7.2,Loja física,Sul,VIP,2024-10-07,Tradicional
491,42.0,5911.46,757.22,3.8,197.83,9.3,12.4,Marketplace,Sudeste,Premium,2022-10-01,Tradicional
492,47.0,7161.56,614.99,4.4,138.79,7.7,16.5,Loja física,Sul,VIP,2024-03-15,Tradicional
493,49.0,6524.45,1018.02,6.6,154.27,6.8,29.2,Site,Nordeste,Básico,2024-10-09,Tradicional
494,20.0,2810.89,934.72,9.1,102.59,6.5,37.0,Site,Sul,VIP,2025-03-12,Jovem digital
495,54.0,16784.73,4817.95,10.2,472.42,11.2,33.9,Site,Sul,Básico,2024-04-16,Alto valor
496,46.0,9315.89,1007.68,5.8,172.39,7.9,20.1,Aplicativo,Sudeste,Básico,2026-07-26,Tradicional
497,56.0,6728.53,639.61,4.5,143.66,7.3,15.7,Loja física,Sudeste,VIP,2026-07-14,Tradicional
498,50.0,9420.77,1194.47,4.9,243.33,9.1,24.2,Site,Sul,Básico,2022-06-11,Tradicional
499,18.0,4135.29,1229.37,10.9,112.79,4.1,53.5,Aplicativo,Sudeste,Básico,2022-05-19,Jovem digital
500,63.0,6372.2,767.12,4.3,179.82,9.5,16.7,Loja física,Sudeste,Básico,2024-05-11,Tradicional
501,28.0,5175.01,696.06,6.8,102.82,4.7,18.1,Aplicativo,Sudeste,Básico,2025-10-16,Tradicional
502,43.0,22807.7,5828.66,10.7,545.73,9.8,34.7,Aplicativo,Nordeste,Básico,2024-05-06,Alto valor
503,46.0,13893.48,3339.46,6.4,522.47,8.6,34.5,Site,Sudeste,Básico,2022-12-29,Alto valor
504,36.0,5399.93,376.72,3.1,120.07,9.2,20.1,Loja física,Centro-Oeste,Básico,2024-07-29,Tradicional
505,46.0,6973.94,846.03,8.1,104.95,11.1,30.3,Site,Sul,Premium,2026-04-26,Tradicional
506,51.0,16578.69,4645.91,7.5,620.09,9.7,31.2,Aplicativo,Sudeste,Básico,2022-10-07,Alto valor
507,31.0,4603.24,1313.06,10.4,126.73,5.0,30.8,Site,Nordeste,Premium,2024-01-15,Jovem digital
508,39.0,11590.16,2975.9,6.8,440.48,9.6,34.2,Aplicativo,Sudeste,Premium,2024-12-03,Alto valor
509,48.0,9307.22,934.36,3.4,277.63,9.3,42.7,Marketplace,Centro-Oeste,Premium,2023-10-20,Tradicional
510,22.0,3856.29,1393.74,9.3,150.28,11.1,45.6,Aplicativo,Centro-Oeste,Premium,2022-03-16,Jovem digital
511,24.0,5575.32,1328.18,10.4,127.89,6.0,37.7,Loja física,Centro-Oeste,VIP,2025-01-24,Jovem digital
512,40.0,16265.98,4639.84,9.8,473.92,8.9,34.8,Aplicativo,Sul,Básico,2025-05-24,Alto valor
513,38.0,6267.8,1446.48,10.2,141.38,7.8,29.2,Aplicativo,Centro-Oeste,Premium,2024-12-31,Jovem digital
514,29.0,3321.58,1599.8,13.9,114.96,5.8,54.6,Site,Nordeste,VIP,2025-01-13,Jovem digital
515,28.0,5090.78,1789.83,15.3,116.93,5.3,57.7,Loja física,Centro-Oeste,Premium,2025-01-03,Jovem digital
516,26.0,6407.86,1664.24,13.4,124.02,6.3,44.1,Marketplace,Sudeste,Básico,2023-07-07,Jovem digital
517,27.0,4436.17,1180.24,11.9,99.14,6.9,53.8,Site,Centro-Oeste,Premium,2022-01-28,Jovem digital
518,32.0,4980.77,524.91,3.3,160.84,9.0,20.7,Site,Nordeste,Premium,2026-07-12,Tradicional
519,30.0,4005.96,1148.04,11.5,99.91,6.8,48.9,Aplicativo,Sudeste,Básico,2022-12-08,Jovem digital
520,46.0,18101.1,4400.0,9.2,478.79,6.9,38.3,Site,Norte,Premium,2025-10-17,Alto valor
521,50.0,30316.18,6111.62,8.0,767.33,7.8,31.8,Site,Nordeste,Premium,2024-06-23,Alto valor
522,26.0,4309.81,1378.32,10.6,129.76,2.6,27.3,Marketplace,Centro-Oeste,Básico,2024-06-21,Jovem digital
523,20.0,3207.68,1260.99,10.6,118.66,8.7,41.1,Site,Sudeste,Básico,2022-02-05,Jovem digital
524,39.0,6163.83,949.05,5.1,185.73,6.0,29.3,Loja física,Sul,Básico,2026-07-15,Tradicional
525,27.0,4696.57,1478.58,9.6,153.28,7.9,34.4,Loja física,Nordeste,Premium,2024-06-02,Jovem digital
526,29.0,5352.23,1738.64,12.8,136.0,6.6,49.8,Aplicativo,Sudeste,Básico,2025-10-19,Jovem digital
527,48.0,16223.01,4253.99,10.1,420.06,9.0,32.5,Site,Nordeste,Premium,2025-07-24,Alto valor
528,45.0,15896.65,3985.01,8.8,451.28,7.6,41.8,Marketplace,Nordeste,Básico,2022-08-19,Alto valor
529,43.0,6319.26,573.59,1.0,566.52,5.9,12.6,Site,Sudeste,Premium,2026-05-04,Tradicional
530,26.0,4015.66,1348.86,14.5,92.77,3.4,38.1,Site,Nordeste,Premium,2024-09-15,Jovem digital
531,37.0,2968.76,498.11,4.1,120.48,11.0,23.8,Loja física,Sudeste,Premium,2022-11-06,Tradicional
532,40.0,9062.14,1027.14,6.5,156.84,7.6,36.2,Aplicativo,Nordeste,Básico,2024-08-29,Tradicional
533,25.0,5598.05,1329.61,11.0,121.42,8.1,32.5,Marketplace,Centro-Oeste,Básico,2024-10-27,Jovem digital
534,30.0,5693.97,1229.07,6.4,193.3,9.3,21.7,Site,Sul,Premium,2024-12-27,Tradicional
535,27.0,3389.85,1265.06,8.0,157.39,4.8,29.4,Site,Sul,Básico,2023-06-22,Jovem digital
536,18.0,4899.74,1685.84,13.0,129.24,5.7,63.0,Aplicativo,Sudeste,Básico,2026-04-22,Jovem digital
537,42.0,7700.49,742.31,5.3,139.86,7.7,19.7,Site,Sudeste,Básico,2023-02-01,Tradicional
538,36.0,3806.14,963.46,12.9,74.46,4.2,47.8,Aplicativo,Centro-Oeste,Básico,2024-04-02,Jovem digital
539,33.0,6336.57,1699.7,11.1,153.48,6.1,42.6,Aplicativo,Sudeste,Premium,2025-11-03,Jovem digital
540,53.0,12211.27,3468.17,9.1,381.36,10.2,34.8,Site,Sudeste,Básico,2022-05-10,Alto valor
541,45.0,21513.31,5003.55,9.9,502.9,6.7,39.2,Aplicativo,Sudeste,Básico,2023-11-06,Alto valor
542,38.0,5355.5,618.9,6.3,97.95,6.3,23.0,Site,Nordeste,Básico,2024-03-12,Tradicional
543,51.0,19049.51,5172.54,7.8,661.15,8.3,30.5,Aplicativo,Nordeste,Básico,2025-07-16,Alto valor
544,47.0,14007.83,4223.91,6.0,698.69,13.0,20.4,Aplicativo,Sudeste,Básico,2025-08-10,Alto valor
545,23.0,4632.15,1192.37,10.8,110.18,1.1,33.5,Aplicativo,Sudeste,Premium,2025-08-25,Jovem digital
546,39.0,9842.05,821.0,5.4,153.09,8.3,33.3,Site,Sudeste,VIP,2023-08-23,Tradicional
547,29.0,4031.64,2011.54,19.6,102.45,5.3,65.8,Aplicativo,Sudeste,VIP,2024-04-01,Jovem digital
548,25.0,6250.69,1286.64,6.4,201.12,4.0,32.8,Aplicativo,Sudeste,Básico,2022-02-15,Jovem digital
549,60.0,6277.32,578.59,1.9,307.75,9.1,21.1,Site,Nordeste,Básico,2025-10-07,Tradicional
550,56.0,7276.3,653.91,3.5,187.36,10.7,22.8,Loja física,Sul,Básico,2023-05-23,Tradicional
551,40.0,7243.91,1141.25,7.4,154.04,8.9,27.9,Loja física,Sudeste,Premium,2024-02-21,Tradicional
552,29.0,2892.8,1197.95,7.7,155.98,6.4,26.9,Aplicativo,Sul,Premium,2025-02-14,Jovem digital
553,20.0,3942.94,1179.59,11.8,100.3,7.4,32.5,Loja física,Nordeste,Premium,2025-07-22,Jovem digital
554,42.0,14554.95,4651.73,9.0,516.44,10.4,37.4,Site,Sudeste,Básico,2022-05-24,Alto valor
555,30.0,4287.52,1051.15,9.1,115.07,8.0,38.1,Site,Sudeste,Premium,2025-07-06,Jovem digital
556,24.0,4710.84,1034.59,11.8,87.37,4.2,54.3,Aplicativo,Nordeste,VIP,2023-09-21,Jovem digital
557,23.0,5884.65,1236.9,11.2,110.46,6.4,45.5,Aplicativo,Sudeste,Básico,2023-11-30,Jovem digital
558,63.0,6443.81,902.45,5.7,158.55,11.2,23.6,Site,Nordeste,Premium,2022-08-11,Tradicional
559,41.0,5225.39,1084.83,8.8,123.01,5.6,21.6,Aplicativo,Nordeste,Premium,2025-04-13,Tradicional
560,51.0,7726.75,1018.66,3.2,318.93,5.0,13.9,Loja física,Centro-Oeste,Básico,2024-03-06,Tradicional
561,23.0,4546.71,713.35,6.9,103.36,0.6,27.9,Aplicativo,Sudeste,VIP,2022-06-23,Jovem digital
562,29.0,3348.58,1128.58,6.0,187.25,6.1,23.6,Aplicativo,Sudeste,Premium,2022-08-25,Jovem digital
563,64.0,23399.38,5337.28,7.5,713.03,10.8,39.8,Aplicativo,Centro-Oeste,Premium,2025-04-21,Alto valor
564,51.0,9101.51,923.91,4.4,210.86,5.9,18.8,Aplicativo,Sul,Básico,2022-07-02,Tradicional
565,46.0,7674.98,834.73,4.8,175.35,10.5,32.6,Site,Sudeste,Básico,2024-05-21,Tradicional
566,55.0,9343.29,1306.99,5.9,223.06,9.5,16.1,Aplicativo,Sul,Premium,2025-03-12,Tradicional
567,41.0,10577.13,1659.47,6.0,277.66,10.5,43.4,Site,Sudeste,Básico,2026-03-05,Tradicional
568,21.0,3462.77,1497.47,12.0,124.3,5.9,34.3,Aplicativo,Nordeste,Básico,2022-09-22,Jovem digital
569,37.0,3483.16,1746.44,13.3,131.68,4.5,51.5,Site,Norte,Básico,2023-05-10,Jovem digital
570,50.0,4871.99,1048.27,7.5,139.14,9.5,31.8,Marketplace,Nordeste,Básico,2022-09-16,Tradicional
571,30.0,4447.32,1440.21,11.6,124.53,7.6,42.9,Loja física,Sul,Premium,2026-01-11,Jovem digital
572,53.0,15150.19,3493.99,6.3,554.34,7.7,26.2,Site,Norte,Básico,2024-09-17,Alto valor
573,38.0,6947.92,863.71,5.0,174.44,3.7,21.4,Site,Nordeste,Básico,2026-07-03,Tradicional
574,48.0,5384.94,811.7,7.6,106.27,8.5,36.8,Loja física,Sudeste,Básico,2022-03-14,Tradicional
575,46.0,17503.73,3745.79,4.3,865.68,5.7,28.3,Marketplace,Nordeste,Básico,2025-03-26,Alto valor
576,52.0,3859.65,1019.81,7.0,145.45,11.3,45.9,Site,Sudeste,Básico,2022-02-25,Tradicional
577,46.0,16468.18,4386.37,10.2,428.43,7.1,41.9,Aplicativo,Sudeste,Básico,2022-07-02,Alto valor
578,51.0,5314.6,554.74,4.1,133.98,12.6,41.2,Loja física,Sul,Básico,2023-12-23,Tradicional
579,51.0,21727.97,4526.63,7.6,593.13,3.8,28.2,Aplicativo,Sudeste,Básico,2023-09-06,Alto valor
580,22.0,4690.66,1826.54,15.6,117.01,5.4,61.9,Loja física,Sudeste,Premium,2023-09-03,Jovem digital
581,41.0,8179.72,807.39,4.6,176.72,10.7,30.0,Aplicativo,Sul,Básico,2022-04-24,Tradicional
582,36.0,9917.86,928.42,1.0,928.42,4.8,4.4,Aplicativo,Sudeste,Premium,2024-06-29,Tradicional
583,25.0,3744.13,1482.42,15.2,97.33,5.1,53.3,Loja física,Sul,Básico,2023-07-24,Jovem digital
584,24.0,4049.42,1359.0,12.0,112.92,4.4,45.4,Loja física,Sudeste,Premium,2026-07-20,Jovem digital
585,38.0,11370.55,3901.13,10.6,369.33,5.5,38.0,Site,Nordeste,Premium,2025-08-13,Alto valor
586,48.0,6009.71,1024.08,3.8,268.58,8.8,25.3,Loja física,Centro-Oeste,Básico,2023-12-28,Tradicional
587,26.0,3709.66,1380.98,13.7,100.51,2.6,51.3,Loja física,Sudeste,Premium,2025-07-03,Jovem digital
588,24.0,4212.07,1459.12,11.0,132.64,5.1,39.0,Site,Nordeste,Premium,2024-08-21,Jovem digital
589,37.0,4614.64,1119.52,5.1,221.47,8.2,1.4,Marketplace,Sudeste,Básico,2024-04-08,Jovem digital
590,27.0,4251.41,1438.77,11.6,123.87,5.3,54.6,Site,Sudeste,Premium,2026-03-17,Jovem digital
591,49.0,18251.08,4071.95,6.9,588.79,6.0,25.6,Aplicativo,Sudeste,Premium,2024-09-09,Alto valor
592,68.0,5243.79,472.3,5.2,91.17,13.1,24.6,Loja física,Sudeste,Básico,2024-03-18,Tradicional
593,28.0,3234.2,1481.75,9.9,149.77,7.5,29.7,Site,Sudeste,VIP,2024-08-05,Jovem digital
594,48.0,7708.51,1056.14,1.8,582.91,5.8,9.8,Loja física,Nordeste,Básico,2025-07-30,Tradicional
595,21.0,6443.56,1873.5,13.6,138.23,2.0,38.6,Aplicativo,Nordeste,Premium,2025-05-24,Jovem digital
596,23.0,4382.11,1345.43,9.8,136.97,3.0,27.2,Aplicativo,Norte,VIP,2024-07-06,Jovem digital
597,42.0,3526.19,715.21,7.0,101.89,8.8,26.2,Aplicativo,Centro-Oeste,VIP,2022-10-23,Tradicional
598,40.0,5494.26,615.34,5.6,109.0,7.9,30.7,Site,Sudeste,Premium,2024-12-01,Tradicional
599,33.0,17087.24,4467.45,9.0,494.29,8.3,53.3,Loja física,Sudeste,Premium,2023-12-22,Alto valor
600,35.0,6675.76,508.64,2.4,215.17,5.9,20.8,Site,Sudeste,Básico,2026-04-09,Tradicional
601,38.0,8372.76,795.51,4.3,182.99,4.9,27.9,Aplicativo,Sul,Básico,2026-02-27,Tradicional
602,60.0,7224.95,803.28,5.6,143.18,11.8,27.9,Site,Centro-Oeste,Premium,2022-01-02,Tradicional
603,45.0,7451.39,3412.57,9.9,343.4,6.6,38.6,Aplicativo,Sudeste,Básico,2026-07-29,Alto valor
604,43.0,6237.84,567.86,6.3,89.78,8.0,32.0,Site,Sudeste,Premium,2026-02-15,Tradicional
605,45.0,10427.36,4227.88,11.5,366.27,4.3,34.5,Loja física,Sudeste,Básico,2026-02-25,Alto valor
606,34.0,9240.97,3024.43,7.7,390.99,5.2,26.1,Aplicativo,Centro-Oeste,Básico,2024-04-12,Alto valor
607,40.0,27948.8,6354.75,8.6,736.78,9.6,44.2,Site,Sudeste,Básico,2023-03-29,Alto valor
608,24.0,5141.38,1352.15,10.0,134.56,3.7,43.3,Site,Nordeste,Básico,2024-10-11,Jovem digital
609,49.0,3987.25,826.49,7.9,104.96,10.2,36.5,Aplicativo,Sul,Básico,2026-01-16,Tradicional
610,54.0,4707.59,420.0,3.3,125.81,3.6,4.8,Site,Sudeste,Básico,2024-01-23,Tradicional
611,46.0,6629.95,589.5,4.2,141.57,6.7,18.2,Site,Sudeste,VIP,2026-07-06,Tradicional
612,34.0,6406.14,636.22,4.2,152.87,6.2,8.4,Site,Nordeste,Premium,2023-03-13,Tradicional
613,60.0,14610.0,4110.95,10.5,390.03,13.7,48.6,Aplicativo,Nordeste,Premium,2025-11-27,Alto valor
614,51.0,14736.06,4359.69,4.6,946.78,5.9,22.9,Aplicativo,Sudeste,Básico,2022-04-21,Alto valor
615,26.0,5176.25,1320.63,9.1,144.81,7.2,33.8,Loja física,Sudeste,Básico,2025-11-04,Jovem digital
616,37.0,9417.8,1054.27,5.6,189.6,9.4,29.9,Aplicativo,Sudeste,Premium,2026-04-30,Tradicional
617,55.0,9195.41,756.83,6.4,118.67,7.4,31.4,Loja física,Sudeste,Básico,2025-03-20,Tradicional
618,24.0,3170.84,1474.43,12.8,115.02,4.5,45.9,Site,Sudeste,Básico,2024-11-09,Jovem digital
619,20.0,3983.8,1129.22,7.3,155.44,5.2,18.5,Site,Sudeste,VIP,2023-11-19,Jovem digital
620,19.0,4870.3,1935.79,11.9,162.06,1.3,35.4,Loja física,Nordeste,Básico,2025-12-31,Jovem digital
621,51.0,5725.49,574.59,6.5,88.77,7.5,31.8,Site,Nordeste,VIP,2022-07-31,Tradicional
622,36.0,7183.2,658.57,1.1,590.56,9.8,27.7,Aplicativo,Nordeste,Básico,2023-05-02,Tradicional
623,42.0,15494.24,4157.95,5.8,711.43,8.7,25.8,Aplicativo,Nordeste,Básico,2022-08-08,Alto valor
624,44.0,9893.84,851.35,5.0,169.86,7.4,28.4,Loja física,Norte,Básico,2023-04-10,Tradicional
625,47.0,9756.12,3698.2,8.8,419.66,8.4,43.6,Site,Norte,VIP,2024-05-25,Alto valor
626,64.0,5393.81,616.33,4.5,136.42,11.5,25.8,Loja física,Sudeste,Premium,2023-07-16,Tradicional
627,50.0,16948.7,4899.41,7.9,620.71,10.3,45.3,Site,Sudeste,Premium,2023-12-05,Alto valor
628,24.0,5535.67,1592.71,12.3,129.0,4.1,51.6,Site,Sudeste,Básico,2023-01-22,Jovem digital
629,41.0,13461.08,1172.81,3.5,332.3,11.0,34.8,Aplicativo,Centro-Oeste,Premium,2023-08-13,Tradicional
630,44.0,26561.13,5754.01,9.8,588.73,10.8,45.9,Aplicativo,Sudeste,Premium,2024-04-12,Alto valor
631,53.0,16289.37,4550.92,7.0,653.23,10.4,52.2,Loja física,Sudeste,Premium,2022-12-24,Alto valor
632,52.0,16071.92,4475.54,7.9,565.37,6.8,26.9,Aplicativo,Sul,Premium,2026-04-15,Alto valor
633,28.0,4270.07,1675.07,9.4,178.25,3.5,49.4,Marketplace,Sul,Premium,2026-02-09,Jovem digital
634,22.0,4734.25,1778.8,10.2,174.4,4.4,42.0,Aplicativo,Sul,Premium,2026-01-04,Jovem digital
635,22.0,3418.53,1252.05,8.6,146.0,5.3,42.9,Site,Nordeste,Básico,2022-01-03,Jovem digital
636,20.0,3673.32,1062.0,5.6,189.0,0.8,15.3,Aplicativo,Sul,Premium,2024-04-07,Jovem digital
637,40.0,4159.46,526.32,7.0,75.69,8.4,37.7,Loja física,Centro-Oeste,Básico,2025-08-22,Tradicional
638,50.0,5267.15,999.34,7.9,126.77,11.5,48.9,Aplicativo,Sudeste,VIP,2023-08-07,Tradicional
639,36.0,4936.6,718.33,6.1,117.95,8.1,19.3,Site,Centro-Oeste,Básico,2023-01-23,Tradicional
640,48.0,22537.19,5136.95,6.5,789.98,6.7,26.2,Marketplace,Sul,Básico,2024-10-19,Alto valor
641,52.0,8285.75,835.78,4.7,177.35,6.9,5.3,Site,Sudeste,Básico,2022-01-05,Tradicional
642,37.0,10697.95,3492.68,8.6,404.4,7.6,33.6,Aplicativo,Norte,Premium,2024-10-20,Alto valor
643,27.0,5618.56,1269.59,8.0,158.07,5.4,24.1,Loja física,Centro-Oeste,Básico,2024-01-25,Jovem digital
644,28.0,3448.43,1773.38,14.6,121.64,6.9,50.2,Site,Centro-Oeste,Premium,2025-02-17,Jovem digital
645,46.0,11134.76,934.61,2.3,406.0,9.4,41.6,Aplicativo,Centro-Oeste,Premium,2025-02-15,Tradicional
646,52.0,11194.16,3127.32,8.6,363.58,11.2,53.0,Site,Sudeste,Básico,2024-06-14,Alto valor
647,30.0,5647.87,1153.47,11.7,98.75,3.6,27.8,Loja física,Sudeste,Básico,2024-09-03,Jovem digital
648,36.0,7699.96,385.29,5.0,76.48,7.4,28.4,Site,Sudeste,Premium,2022-02-14,Tradicional
649,54.0,6772.02,930.21,3.5,263.84,8.1,26.7,Loja física,Centro-Oeste,VIP,2026-06-29,Tradicional
650,24.0,3463.63,1792.15,11.9,150.65,5.1,39.1,Loja física,Nordeste,Básico,2022-05-08,Jovem digital
651,57.0,7240.68,1023.16,5.8,175.43,11.3,32.5,Site,Norte,VIP,2026-06-21,Tradicional
652,40.0,18433.65,4626.87,6.5,708.35,9.6,33.3,Aplicativo,Centro-Oeste,Básico,2026-06-17,Alto valor
653,42.0,7554.66,316.93,5.2,60.8,10.8,17.8,Loja física,Sul,Premium,2025-04-15,Tradicional
654,28.0,5027.32,1517.08,12.1,125.23,6.8,36.3,Site,Sudeste,Premium,2025-06-01,Jovem digital
655,60.0,16571.59,4932.05,8.9,555.7,9.5,39.4,Aplicativo,Sudeste,Básico,2022-02-20,Alto valor
656,29.0,3266.24,825.1,4.9,168.25,5.4,22.0,Aplicativo,Sul,Básico,2026-05-05,Jovem digital
657,54.0,13397.38,4132.79,9.6,430.39,5.0,29.2,Loja física,Nordeste,Premium,2024-06-02,Alto valor
658,33.0,3866.79,1561.63,12.2,128.33,9.6,41.7,Aplicativo,Sudeste,Básico,2023-07-22,Jovem digital
659,56.0,3895.46,774.85,4.2,185.6,8.5,22.0,Aplicativo,Centro-Oeste,Básico,2025-01-24,Tradicional
660,35.0,4492.03,1543.36,10.3,150.3,7.8,47.3,Aplicativo,Nordeste,Básico,2024-06-13,Jovem digital
661,31.0,3797.64,1682.2,11.8,142.25,7.8,44.3,Aplicativo,Sudeste,Premium,2023-08-28,Jovem digital
662,62.0,19023.67,4718.93,8.1,583.43,7.1,45.8,Marketplace,Centro-Oeste,Básico,2023-06-23,Alto valor
663,30.0,4066.15,1188.38,11.5,103.57,4.0,33.6,Site,Sul,Básico,2022-07-17,Jovem digital
664,33.0,3052.11,1260.42,9.9,127.06,10.1,43.4,Loja física,Nordeste,VIP,2026-02-28,Jovem digital
665,37.0,3731.21,1134.09,9.3,121.49,7.6,34.3,Loja física,Sudeste,Premium,2025-01-18,Jovem digital
666,57.0,2795.74,1009.18,3.2,315.85,8.0,23.9,Site,Sudeste,Básico,2023-04-27,Tradicional
667,53.0,10529.02,3480.49,7.9,439.67,8.6,27.8,Loja física,Sudeste,Básico,2025-04-24,Alto valor
668,55.0,27023.07,5776.04,8.8,658.08,11.6,55.7,Marketplace,Sul,Básico,2025-03-06,Alto valor
669,31.0,3454.14,786.23,8.4,93.41,8.4,21.8,Loja física,Nordeste,Básico,2022-08-22,Jovem digital
670,31.0,4967.26,679.18,2.9,235.83,2.9,25.9,Loja física,Norte,Básico,2022-10-20,Tradicional
671,21.0,1741.69,930.89,8.4,110.95,8.8,36.4,Site,Centro-Oeste,Básico,2023-01-21,Jovem digital
672,39.0,10253.91,1117.83,3.9,286.95,9.4,27.4,Loja física,Sudeste,Básico,2022-06-25,Tradicional
673,49.0,14798.31,3889.51,6.3,614.53,8.0,39.3,Aplicativo,Norte,Premium,2025-10-07,Alto valor
674,38.0,6840.15,632.04,4.6,138.16,4.3,25.8,Loja física,Sudeste,Básico,2022-09-18,Tradicional
675,52.0,7387.98,841.23,4.2,200.61,11.2,20.1,Site,Sudeste,Básico,2025-09-18,Tradicional
676,27.0,3294.19,1203.37,11.2,107.67,6.8,46.5,Site,Nordeste,Premium,2024-06-04,Jovem digital
677,42.0,8924.18,3394.87,7.3,466.15,4.2,41.9,Marketplace,Centro-Oeste,Básico,2022-07-15,Alto valor
678,38.0,13846.25,1513.06,6.6,229.45,6.6,20.6,Site,Norte,Premium,2025-11-13,Tradicional
679,31.0,7056.06,938.23,9.0,103.87,13.4,60.1,Aplicativo,Nordeste,Básico,2022-10-18,Jovem digital
680,25.0,4910.55,1543.07,11.4,135.61,5.5,43.8,Loja física,Sudeste,Premium,2026-07-29,Jovem digital
681,34.0,4674.21,1362.06,13.0,104.8,4.8,41.3,Marketplace,Sudeste,Básico,2022-01-24,Jovem digital
682,22.0,6599.78,1472.27,11.3,130.84,2.8,29.9,Site,Sudeste,Básico,2024-11-07,Jovem digital
683,24.0,3501.99,947.66,9.2,102.7,9.4,37.2,Loja física,Sul,Premium,2023-06-09,Jovem digital
684,32.0,6130.65,933.45,3.9,237.35,8.3,6.1,Loja física,Sul,Básico,2024-06-11,Tradicional
685,46.0,7038.52,750.14,3.7,204.82,11.3,21.2,Loja física,Sudeste,Básico,2025-11-04,Tradicional
686,29.0,5132.64,1697.76,10.8,157.71,6.5,38.0,Aplicativo,Sul,Básico,2025-08-08,Jovem digital
687,44.0,8245.41,532.55,4.1,129.31,10.7,16.6,Site,Sul,Básico,2023-04-16,Tradicional
688,51.0,18918.76,5034.37,9.2,550.16,6.7,41.4,Loja física,Nordeste,Básico,2022-04-17,Alto valor
689,41.0,5102.74,847.1,6.0,141.35,7.8,25.6,Marketplace,Sudeste,Básico,2023-04-20,Tradicional
690,40.0,9066.89,767.13,3.4,224.91,7.9,14.6,Aplicativo,Sudeste,Básico,2025-09-15,Tradicional
691,35.0,5356.38,1498.56,10.1,148.3,9.9,39.6,Aplicativo,Nordeste,Premium,2024-05-11,Jovem digital
692,50.0,6230.48,2592.27,6.2,418.98,9.2,32.5,Aplicativo,Nordeste,Premium,2025-06-22,Alto valor
693,25.0,4500.88,1537.87,13.8,111.25,4.1,47.0,Loja física,Sudeste,Básico,2024-04-07,Jovem digital
694,22.0,4599.94,1345.58,10.2,132.13,5.3,31.2,Loja física,Sudeste,VIP,2024-06-04,Jovem digital
695,47.0,30736.11,5822.71,3.5,1654.84,4.3,16.7,Site,Norte,Básico,2022-04-19,Alto valor
696,44.0,5142.09,947.09,6.6,143.07,2.4,22.4,Aplicativo,Nordeste,Básico,2022-02-08,Tradicional
697,44.0,5993.05,746.69,4.8,155.61,9.6,16.9,Aplicativo,Sudeste,Premium,2025-03-22,Tradicional
698,43.0,6143.55,938.92,5.5,172.14,6.8,22.3,Loja física,Sul,Premium,2022-12-05,Tradicional
699,34.0,4742.68,720.17,1.9,388.72,6.0,17.4,Aplicativo,Sul,Básico,2023-08-27,Tradicional
700,28.0,4838.28,1612.46,7.4,217.13,7.8,36.2,Aplicativo,Sudeste,VIP,2023-09-11,Jovem digital
701,24.0,4402.54,1338.91,13.1,101.93,8.6,47.9,Aplicativo,Sudeste,VIP,2024-11-24,Jovem digital
702,24.0,4416.08,1948.87,18.1,107.41,6.6,67.8,Loja física,Norte,Básico,2026-04-23,Jovem digital
703,35.0,5886.57,1378.1,11.9,115.61,11.1,41.3,Site,Sul,Premium,2025-06-20,Jovem digital
704,56.0,9287.37,3715.3,11.2,331.67,10.4,38.5,Aplicativo,Sudeste,Premium,2024-12-03,Alto valor
705,18.0,3818.06,1424.57,12.6,112.75,5.4,42.3,Aplicativo,Nordeste,VIP,2025-10-27,Jovem digital
706,50.0,5036.92,603.39,2.6,227.76,9.0,30.8,Marketplace,Sul,Premium,2024-05-02,Tradicional
707,49.0,13417.6,3780.05,10.5,361.57,5.4,39.2,Site,Sul,Básico,2022-08-31,Alto valor
708,51.0,15329.83,3243.43,4.9,663.74,10.8,25.5,Site,Sudeste,Premium,2024-03-27,Alto valor
709,44.0,11777.16,829.05,6.0,137.2,2.2,33.1,Aplicativo,Sudeste,Básico,2026-06-24,Tradicional
710,19.0,8098.82,1088.07,4.8,225.42,3.4,16.3,Aplicativo,Sudeste,Premium,2025-07-28,Tradicional
711,43.0,16778.83,4381.62,9.7,452.07,7.7,56.2,Loja física,Norte,Premium,2023-08-08,Alto valor
712,41.0,6549.45,846.6,6.0,141.65,5.6,20.5,Loja física,Sul,Premium,2023-06-26,Tradicional
713,56.0,12938.81,4418.21,5.3,826.88,8.2,17.7,Site,Nordeste,Básico,2026-03-15,Alto valor
714,45.0,12505.25,3771.54,7.9,479.33,12.1,36.8,Marketplace,Sudeste,Básico,2022-06-08,Alto valor
715,46.0,14916.55,4187.4,7.9,528.68,10.6,34.5,Site,Nordeste,Premium,2026-04-09,Alto valor
716,18.0,7111.62,1737.73,10.6,163.45,3.1,29.1,Loja física,Sul,Básico,2025-02-06,Jovem digital
717,33.0,5643.49,965.48,3.8,254.76,5.4,38.6,Aplicativo,Nordeste,Básico,2025-09-12,Tradicional
718,24.0,5193.18,1275.19,9.4,136.04,2.5,33.6,Aplicativo,Sudeste,Básico,2023-07-05,Jovem digital
719,42.0,9553.96,580.57,1.6,363.25,9.2,19.5,Loja física,Sul,Premium,2024-12-20,Tradicional
720,35.0,10591.48,2563.65,6.4,402.03,6.2,22.8,Marketplace,Sudeste,Básico,2023-06-29,Alto valor
721,38.0,3551.56,773.95,3.2,244.33,2.6,7.9,Loja física,Sudeste,Premium,2022-01-29,Tradicional
722,47.0,6876.04,465.46,3.2,145.68,8.4,27.9,Loja física,Nordeste,Básico,2024-01-31,Tradicional
723,21.0,4149.49,1736.56,13.2,131.85,6.1,33.4,Loja física,Sudeste,Premium,2026-06-27,Jovem digital
724,53.0,11846.49,3517.77,8.0,437.04,11.1,28.4,Loja física,Sudeste,Básico,2023-02-10,Alto valor
725,26.0,7429.66,1321.42,6.6,200.37,5.5,24.3,Aplicativo,Centro-Oeste,Básico,2022-09-28,Jovem digital
726,33.0,2786.08,1066.89,9.4,113.61,5.6,45.7,Site,Sudeste,Básico,2026-03-22,Jovem digital
727,26.0,2686.44,1523.23,12.5,121.97,10.2,46.7,Loja física,Sul,Básico,2026-03-02,Jovem digital
728,30.0,3291.62,1144.51,11.2,102.04,6.1,44.3,Site,Nordeste,Premium,2025-11-17,Jovem digital
729,41.0,12401.81,921.1,5.2,178.08,9.1,26.7,Marketplace,Nordeste,Premium,2026-06-21,Tradicional
730,45.0,4333.01,398.79,2.8,140.33,6.7,27.0,Site,Sudeste,Premium,2026-07-16,Tradicional
731,25.0,5459.93,1710.84,12.4,137.46,7.1,33.1,Aplicativo,Sul,Premium,2026-03-16,Jovem digital
732,22.0,3609.31,1259.71,11.7,107.85,1.7,43.0,Aplicativo,Sul,Premium,2026-06-01,Jovem digital
733,26.0,4752.47,1438.26,10.1,142.01,4.5,34.2,Loja física,Sudeste,VIP,2025-05-29,Jovem digital
734,35.0,4002.68,1699.92,13.9,121.87,3.9,53.9,Aplicativo,Nordeste,Premium,2023-06-10,Jovem digital
735,20.0,3084.8,988.26,8.9,110.84,3.5,24.4,Loja física,Norte,Básico,2024-02-06,Jovem digital
736,43.0,7816.18,1032.03,7.3,142.17,10.6,34.7,Aplicativo,Sudeste,Básico,2023-09-29,Tradicional
737,25.0,2344.46,1269.7,11.2,113.6,4.1,37.6,Site,Sudeste,Premium,2024-05-01,Jovem digital
738,28.0,7574.84,2045.3,14.1,145.04,7.5,43.3,Loja física,Nordeste,Premium,2025-03-13,Jovem digital
739,22.0,3638.04,1170.04,10.8,108.71,8.7,32.4,Site,Sudeste,Premium,2023-02-09,Jovem digital
740,48.0,7234.6,970.18,3.0,319.03,8.2,14.3,Loja física,Nordeste,Básico,2022-01-27,Tradicional
741,28.0,2588.15,1325.57,10.9,121.93,8.1,43.4,Aplicativo,Sudeste,Premium,2024-10-04,Jovem digital
742,32.0,3821.3,1546.42,13.1,118.32,7.5,42.2,Site,Sudeste,Básico,2026-07-20,Jovem digital
743,40.0,9537.17,4095.73,10.2,399.77,7.5,37.1,Site,Nordeste,Básico,2025-12-11,Alto valor
744,29.0,6384.56,1897.86,13.6,139.12,7.7,35.0,Marketplace,Norte,Premium,2022-01-19,Jovem digital
745,37.0,10926.93,1019.97,6.0,170.98,11.1,28.3,Aplicativo,Sudeste,Premium,2024-09-28,Tradicional
746,39.0,7020.52,821.71,2.0,412.49,5.7,21.0,Aplicativo,Centro-Oeste,Básico,2024-06-07,Tradicional
747,22.0,4659.25,1294.8,9.7,133.54,3.0,38.3,Loja física,Sudeste,Básico,2023-12-12,Jovem digital
748,38.0,6193.09,1187.97,8.4,141.41,4.7,30.2,Marketplace,Sudeste,Premium,2025-01-23,Tradicional
749,51.0,14879.08,4806.07,9.7,496.06,11.0,44.2,Loja física,Sul,Básico,2023-12-15,Alto valor
750,43.0,14632.86,4179.49,4.4,959.46,10.3,18.8,Loja física,Sudeste,Básico,2026-03-09,Alto valor
751,37.0,4295.24,1197.26,5.7,210.51,5.7,37.0,Site,Nordeste,Premium,2026-02-26,Jovem digital
752,22.0,3488.06,1501.87,12.6,119.51,0.3,54.6,Site,Sudeste,Premium,2024-12-12,Jovem digital
753,25.0,3501.51,1275.49,11.3,112.73,3.9,39.9,Loja física,Sul,Básico,2024-02-06,Jovem digital
754,35.0,5882.8,764.0,5.6,136.16,8.0,47.1,Loja física,Sudeste,Básico,2024-09-25,Tradicional
755,33.0,8745.35,623.8,1.0,623.8,6.3,5.1,Loja física,Nordeste,Premium,2026-02-13,Tradicional
756,24.0,4377.92,1754.39,12.4,141.44,5.8,34.1,Loja física,Centro-Oeste,Básico,2023-05-18,Jovem digital
757,23.0,4949.7,1116.26,11.5,97.15,4.1,33.7,Loja física,Sudeste,Básico,2025-12-23,Jovem digital
758,62.0,9465.39,3567.58,8.8,403.62,12.3,39.5,Aplicativo,Sudeste,Básico,2024-09-15,Alto valor
759,28.0,3656.85,1148.7,13.1,87.9,6.7,65.7,Aplicativo,Norte,Básico,2022-04-17,Jovem digital
760,43.0,5488.42,769.18,3.8,203.44,9.1,20.0,Marketplace,Sudeste,Premium,2025-06-07,Tradicional
761,53.0,5863.96,839.71,6.4,131.1,9.2,23.4,Site,Nordeste,Básico,2022-12-05,Tradicional
762,23.0,3907.34,1175.66,10.3,114.68,6.4,31.3,Aplicativo,Sul,VIP,2024-05-12,Jovem digital
763,29.0,4485.21,802.0,7.0,114.19,7.1,38.7,Site,Centro-Oeste,Básico,2026-05-09,Jovem digital
764,29.0,3342.79,1553.31,11.8,132.14,3.9,47.9,Site,Sudeste,Premium,2025-07-27,Jovem digital
765,40.0,9548.25,3838.82,11.3,338.26,8.2,40.0,Loja física,Sudeste,Básico,2025-03-15,Alto valor
766,25.0,3233.55,978.81,9.7,100.66,7.3,22.9,Loja física,Sudeste,Premium,2022-04-27,Jovem digital
767,31.0,3379.05,1424.88,13.7,103.75,8.9,42.9,Aplicativo,Sudeste,VIP,2025-12-07,Jovem digital
768,22.0,3727.43,910.2,4.4,205.02,6.1,34.4,Site,Sudeste,Básico,2023-07-15,Jovem digital
769,26.0,5291.03,1437.37,6.3,228.73,3.4,28.5,Aplicativo,Norte,Básico,2022-03-25,Jovem digital
770,51.0,9463.24,1143.71,4.9,233.17,6.7,23.3,Marketplace,Sudeste,VIP,2026-05-24,Tradicional
771,20.0,5128.11,986.63,9.1,108.75,3.9,46.8,Aplicativo,Sudeste,VIP,2022-11-15,Jovem digital
772,35.0,6510.79,804.02,3.5,228.66,7.1,34.8,Site,Sudeste,VIP,2023-06-25,Tradicional
773,30.0,3433.82,907.71,7.5,121.51,5.8,29.0,Site,Sudeste,Básico,2022-08-26,Tradicional
774,42.0,14985.61,4540.77,10.0,452.31,4.9,35.9,Site,Sul,Básico,2024-11-05,Alto valor
775,28.0,5707.2,1409.69,9.2,153.67,3.2,26.7,Site,Sudeste,Básico,2025-12-22,Jovem digital
776,49.0,13746.25,3888.97,7.2,538.61,3.5,23.6,Loja física,Nordeste,Premium,2024-05-19,Alto valor
777,44.0,4745.87,595.22,6.4,92.38,0.6,8.2,Site,Nordeste,Básico,2025-12-24,Tradicional
778,26.0,3866.72,966.33,11.9,81.24,5.3,30.1,Aplicativo,Sudeste,Básico,2026-04-16,Jovem digital
779,51.0,5305.29,749.54,7.2,104.16,14.0,24.6,Site,Nordeste,Premium,2025-12-29,Tradicional
780,49.0,27673.13,6527.44,7.4,876.72,12.5,46.0,Site,Sudeste,Básico,2022-09-30,Alto valor
781,27.0,4718.08,1640.34,11.2,146.79,3.5,25.2,Aplicativo,Sudeste,Premium,2022-12-11,Jovem digital
782,44.0,10947.98,3426.58,6.7,509.69,8.1,45.5,Loja física,Centro-Oeste,Básico,2023-05-16,Alto valor
783,42.0,8043.66,817.43,7.3,111.24,4.2,21.2,Aplicativo,Centro-Oeste,Premium,2024-12-02,Tradicional
784,38.0,4224.62,896.66,8.7,103.6,4.1,44.7,Loja física,Sudeste,Básico,2025-12-12,Tradicional
785,52.0,9768.7,3574.21,8.0,446.91,6.0,28.3,Aplicativo,Sul,Premium,2023-06-08,Alto valor
786,26.0,5676.2,1686.41,16.8,100.5,5.1,43.9,Loja física,Sudeste,Básico,2025-01-18,Jovem digital
787,42.0,11326.76,4401.44,11.2,392.55,7.1,52.4,Aplicativo,Sul,Básico,2022-11-10,Alto valor
788,26.0,4243.21,1467.57,9.0,163.82,6.2,45.6,Site,Nordeste,Básico,2024-06-26,Jovem digital
789,46.0,13802.17,3999.66,9.2,433.92,9.6,31.9,Aplicativo,Sudeste,Premium,2025-07-27,Alto valor
790,42.0,6520.65,1164.43,6.4,181.05,6.8,24.8,Site,Centro-Oeste,Básico,2023-10-23,Tradicional
791,30.0,5259.38,1297.56,10.5,123.57,6.2,31.7,Aplicativo,Nordeste,Básico,2022-09-30,Jovem digital
792,49.0,6842.65,647.06,2.4,265.27,5.9,13.4,Loja física,Sudeste,Premium,2023-11-19,Tradicional
793,27.0,3640.63,1702.6,14.7,115.79,2.6,48.1,Site,Centro-Oeste,Básico,2025-06-28,Jovem digital
794,34.0,4521.5,1233.89,11.2,110.13,3.1,34.5,Marketplace,Nordeste,Básico,2026-04-13,Jovem digital
795,27.0,4215.38,1061.38,7.6,139.98,7.2,16.9,Loja física,Sudeste,Básico,2024-10-27,Jovem digital
796,25.0,4715.52,1389.32,12.2,114.32,4.8,37.5,Site,Sul,Básico,2025-01-27,Jovem digital
797,29.0,3991.24,811.35,3.8,212.07,1.7,19.2,Loja física,Centro-Oeste,Básico,2023-12-03,Jovem digital
798,32.0,2622.63,1641.88,11.3,145.53,6.2,39.7,Aplicativo,Norte,Básico,2026-04-03,Jovem digital
799,38.0,6504.19,990.01,2.7,373.2,4.2,10.4,Site,Sudeste,Básico,2025-12-25,Tradicional
800,43.0,6591.56,1036.3,7.4,139.33,11.5,28.7,Site,Nordeste,Básico,2026-06-14,Tradicional
801,37.0,5352.79,667.15,5.9,113.25,5.6,19.5,Loja física,Centro-Oeste,Premium,2025-12-14,Tradicional
802,18.0,4137.85,1511.08,7.3,207.01,6.2,40.6,Aplicativo,Norte,Premium,2024-07-03,Jovem digital
803,50.0,11227.82,2560.24,6.6,387.76,11.0,23.9,Site,Sudeste,Básico,2026-05-25,Alto valor
804,35.0,8817.15,1241.47,9.0,137.68,4.5,38.3,Loja física,Sul,Básico,2024-10-16,Tradicional
805,27.0,3721.53,1660.44,8.6,192.88,5.9,33.2,Site,Centro-Oeste,Premium,2024-10-02,Jovem digital
806,26.0,7594.78,1516.05,14.5,104.67,6.9,53.7,Aplicativo,Sudeste,Básico,2025-01-02,Jovem digital
807,39.0,5317.95,720.16,4.9,148.3,7.4,17.6,Site,Sudeste,Premium,2022-11-07,Tradicional
808,42.0,3106.39,1486.35,11.6,128.44,8.4,41.9,Loja física,Sul,Básico,2025-11-04,Jovem digital
809,44.0,6718.44,749.05,3.1,240.13,4.7,15.0,Aplicativo,Sul,Básico,2023-08-30,Tradicional
810,53.0,16657.86,5139.8,9.1,562.32,10.1,35.4,Site,Nordeste,Básico,2025-01-06,Alto valor
811,32.0,4284.68,1085.36,8.1,134.48,5.2,33.1,Marketplace,Sudeste,Premium,2025-11-12,Jovem digital
812,26.0,4507.49,1142.01,9.8,116.48,6.4,40.8,Marketplace,Nordeste,Básico,2022-07-11,Jovem digital
813,41.0,8843.42,2493.47,7.5,331.13,9.5,51.4,Aplicativo,Sudeste,Básico,2023-05-19,Alto valor
814,36.0,5775.54,722.8,2.6,278.5,8.4,20.0,Site,Nordeste,Básico,2026-04-25,Tradicional
815,31.0,3601.12,1400.31,9.9,141.34,7.0,22.8,Aplicativo,Sudeste,Premium,2023-08-27,Jovem digital
816,44.0,11676.47,4292.58,10.4,413.03,9.3,51.6,Marketplace,Sudeste,Básico,2025-01-10,Alto valor
817,53.0,20171.21,5079.91,4.0,1255.71,10.5,23.1,Site,Norte,Premium,2024-07-28,Alto valor
818,47.0,8802.51,969.3,5.7,170.15,11.6,47.1,Site,Nordeste,Básico,2025-12-25,Tradicional
819,42.0,7256.85,975.09,4.4,219.67,7.4,34.0,Aplicativo,Sudeste,Básico,2024-05-03,Tradicional
820,19.0,3609.05,1548.27,16.1,96.09,5.2,50.5,Site,Sudeste,Básico,2023-12-12,Jovem digital
821,26.0,3280.39,1220.03,11.8,103.05,7.7,50.6,Aplicativo,Sul,VIP,2022-01-28,Jovem digital
822,43.0,8385.15,991.53,3.7,264.96,6.5,14.2,Loja física,Norte,Básico,2024-03-04,Tradicional
823,31.0,5643.32,2252.38,11.4,198.42,3.2,37.9,Site,Sudeste,Básico,2024-09-05,Jovem digital
824,52.0,7165.41,750.68,3.4,219.28,9.9,27.6,Site,Norte,Premium,2025-02-25,Tradicional
825,59.0,25922.24,6446.9,11.0,588.4,9.1,52.7,Loja física,Sudeste,Básico,2025-07-28,Alto valor
826,21.0,4813.81,921.13,7.9,116.65,2.2,33.5,Aplicativo,Nordeste,Básico,2025-07-22,Jovem digital
827,46.0,7604.67,1025.91,6.6,154.83,9.2,31.5,Aplicativo,Sudeste,Básico,2024-02-07,Tradicional
828,30.0,3187.96,971.41,10.7,90.47,9.4,63.3,Site,Sudeste,Premium,2022-05-12,Jovem digital
829,35.0,19011.72,4958.7,6.5,763.61,2.9,20.1,Loja física,Centro-Oeste,Básico,2023-03-02,Alto valor
830,33.0,3531.33,1297.98,12.5,104.04,8.8,35.1,Aplicativo,Sudeste,Premium,2023-11-13,Jovem digital
831,29.0,6744.96,698.62,4.2,168.24,0.2,1.3,Loja física,Norte,Premium,2026-06-25,Tradicional
832,60.0,4112.56,523.14,5.7,91.95,8.8,39.4,Site,Sudeste,Básico,2025-07-11,Tradicional
833,32.0,4566.04,1284.05,11.9,107.47,10.5,47.9,Site,Sudeste,Básico,2026-02-04,Jovem digital
834,38.0,8584.66,1147.05,8.2,140.1,6.3,33.4,Site,Centro-Oeste,Premium,2026-07-18,Tradicional
835,37.0,7195.7,1055.82,9.4,112.69,7.1,32.3,Aplicativo,Nordeste,Premium,2022-08-11,Tradicional
836,56.0,5205.44,839.41,4.9,170.47,10.9,24.3,Aplicativo,Sudeste,Premium,2022-01-20,Tradicional
837,47.0,5164.9,841.39,3.5,237.49,4.2,9.4,Loja física,Sul,Básico,2024-08-17,Tradicional
838,57.0,24335.5,5987.77,11.6,515.84,9.5,50.0,Site,Sudeste,Premium,2023-03-19,Alto valor
839,42.0,9748.36,862.08,6.3,137.2,7.6,27.2,Site,Centro-Oeste,Premium,2025-12-23,Tradicional
840,36.0,7533.66,840.23,4.7,179.5,11.1,30.8,Marketplace,Sudeste,VIP,2024-02-17,Tradicional
841,32.0,5194.58,1271.73,14.3,88.78,3.5,49.9,Aplicativo,Sul,Básico,2022-01-16,Jovem digital
842,51.0,18734.2,4059.58,4.9,820.64,7.7,20.7,Site,Sudeste,Premium,2023-01-08,Alto valor
843,37.0,6542.45,1300.76,7.9,164.03,4.8,17.9,Site,Nordeste,Premium,2023-07-26,Tradicional
844,37.0,7612.33,978.71,6.0,162.96,4.6,11.2,Aplicativo,Centro-Oeste,Premium,2022-02-15,Tradicional
845,29.0,4572.83,1947.6,15.2,127.97,8.6,80.2,Marketplace,Nordeste,Premium,2023-06-15,Jovem digital
846,42.0,19349.78,5120.52,9.8,523.32,7.6,50.2,Marketplace,Sudeste,Premium,2024-06-21,Alto valor
847,33.0,4427.1,1478.42,11.5,128.54,5.1,51.4,Aplicativo,Sudeste,Básico,2026-02-02,Jovem digital
848,28.0,6345.1,526.29,3.8,138.6,4.7,11.6,Marketplace,Sudeste,Básico,2024-12-21,Tradicional
849,34.0,4836.84,1322.84,10.9,121.08,5.3,39.2,Aplicativo,Centro-Oeste,Básico,2022-06-05,Jovem digital
850,51.0,20600.38,4785.95,6.3,754.16,7.5,21.6,Marketplace,Sudeste,Premium,2023-11-27,Alto valor
851,31.0,2442.46,1156.6,10.9,106.54,3.4,26.1,Loja física,Sul,Básico,2025-07-09,Jovem digital
852,26.0,3649.64,1802.53,11.3,158.9,5.1,35.4,Aplicativo,Sudeste,Premium,2023-09-11,Jovem digital
853,47.0,16467.65,4541.48,12.0,378.79,7.3,55.3,Site,Norte,VIP,2024-07-30,Alto valor
854,62.0,15025.57,4863.44,11.6,420.58,8.2,51.2,Loja física,Sul,VIP,2026-07-06,Alto valor
855,29.0,4123.52,1310.15,9.4,138.79,6.3,28.1,Aplicativo,Sul,Premium,2022-08-19,Jovem digital
856,51.0,6474.48,730.31,4.4,164.85,9.2,21.8,Site,Centro-Oeste,Premium,2024-03-09,Tradicional
857,52.0,9387.23,786.91,3.8,207.13,7.5,26.3,Site,Norte,Básico,2024-10-16,Tradicional
858,52.0,24455.63,5237.13,10.3,508.86,8.4,36.3,Aplicativo,Sul,Básico,2025-08-27,Alto valor
859,26.0,3236.57,1633.43,10.3,158.11,10.5,44.3,Aplicativo,Nordeste,Básico,2025-10-31,Jovem digital
860,33.0,3999.39,649.57,3.5,185.14,11.3,27.3,Aplicativo,Sul,Premium,2023-04-26,Tradicional
861,49.0,7411.53,630.51,7.1,88.6,6.0,31.6,Loja física,Sudeste,Básico,2024-02-20,Tradicional
862,54.0,5919.04,591.58,6.3,93.65,6.8,29.2,Site,Sudeste,Básico,2025-10-20,Tradicional
863,49.0,16178.07,3847.61,10.3,373.14,5.9,32.8,Site,Nordeste,Premium,2025-11-03,Alto valor
864,44.0,4693.75,884.0,5.9,149.58,10.2,25.6,Aplicativo,Nordeste,Básico,2025-10-09,Tradicional
865,33.0,3615.67,1804.33,13.3,135.48,5.6,37.6,Aplicativo,Sudeste,Premium,2025-01-21,Jovem digital
866,37.0,18247.0,4711.5,9.9,475.09,7.6,26.3,Loja física,Sudeste,Básico,2023-03-24,Alto valor
867,41.0,20283.26,4578.34,5.6,817.42,12.0,30.2,Aplicativo,Nordeste,Premium,2023-09-08,Alto valor
868,49.0,18859.61,4263.02,6.7,631.86,8.3,36.8,Loja física,Sudeste,Básico,2025-01-01,Alto valor
869,27.0,5567.1,1550.43,16.7,92.74,7.4,48.0,Site,Nordeste,Premium,2023-03-02,Jovem digital
870,29.0,3098.3,1271.94,13.5,93.89,7.1,51.4,Loja física,Nordeste,Premium,2025-02-14,Jovem digital
871,39.0,5446.76,796.58,4.9,163.81,5.8,27.8,Site,Sudeste,Básico,2024-05-11,Tradicional
872,29.0,4193.22,1344.46,7.7,175.17,8.5,18.5,Loja física,Sudeste,Básico,2024-01-11,Jovem digital
873,49.0,21754.17,4266.4,6.6,647.94,6.4,25.2,Aplicativo,Sudeste,VIP,2023-08-18,Alto valor
874,27.0,6037.27,1530.21,11.4,134.2,8.8,57.9,Marketplace,Sudeste,Básico,2025-07-17,Jovem digital
875,37.0,11013.61,836.78,3.1,265.92,5.6,20.6,Aplicativo,Sul,Premium,2024-02-18,Tradicional
876,53.0,8282.32,3683.65,10.5,349.19,7.8,26.0,Aplicativo,Nordeste,Básico,2023-05-29,Alto valor
877,31.0,4910.41,1197.76,10.6,113.03,3.8,41.6,Site,Centro-Oeste,Premium,2023-10-04,Jovem digital
878,26.0,3196.38,1577.2,12.2,129.12,3.5,34.9,Aplicativo,Sudeste,Básico,2024-03-20,Jovem digital
879,56.0,7266.92,866.09,6.7,129.96,8.2,35.4,Site,Nordeste,Premium,2024-10-29,Tradicional
880,40.0,7492.51,874.24,4.3,203.11,1.7,9.5,Loja física,Sudeste,Premium,2026-07-14,Tradicional
881,36.0,4989.39,930.49,6.1,151.45,6.2,25.5,Loja física,Nordeste,Básico,2023-07-24,Tradicional
882,36.0,7948.53,841.99,4.0,208.36,5.7,14.6,Site,Sudeste,Básico,2022-10-26,Tradicional
883,59.0,19422.77,5827.46,9.6,607.55,11.4,42.5,Marketplace,Sul,Premium,2026-06-24,Alto valor
884,38.0,4835.77,606.67,3.7,163.96,8.1,16.3,Site,Sul,Premium,2022-09-05,Tradicional
885,18.0,3963.01,1465.98,9.6,152.09,3.0,30.8,Aplicativo,Sudeste,VIP,2026-02-20,Jovem digital
886,29.0,3549.79,1603.97,12.5,128.58,4.9,33.9,Loja física,Norte,Premium,2022-08-26,Jovem digital
887,23.0,3658.44,756.11,5.4,139.08,4.7,25.9,Aplicativo,Sudeste,Premium,2023-09-01,Jovem digital
888,23.0,4288.13,1141.47,8.6,132.17,8.7,37.8,Aplicativo,Sudeste,Premium,2026-07-27,Jovem digital
889,21.0,4406.13,1575.19,12.1,130.57,3.1,27.0,Aplicativo,Nordeste,VIP,2022-10-05,Jovem digital
890,44.0,4093.83,546.63,3.9,140.74,6.1,27.0,Aplicativo,Sul,Básico,2022-09-25,Tradicional
891,25.0,4289.11,1818.44,14.6,124.86,2.9,45.8,Aplicativo,Sudeste,Básico,2024-10-15,Jovem digital
892,42.0,18636.82,4453.66,9.3,479.89,4.1,34.1,Aplicativo,Sudeste,Premium,2022-11-15,Alto valor
893,31.0,4015.57,1257.27,7.5,168.19,7.0,36.9,Site,Sudeste,VIP,2022-02-10,Jovem digital
894,28.0,3940.61,1215.96,10.9,111.49,6.3,42.9,Loja física,Centro-Oeste,Básico,2025-03-07,Jovem digital
895,49.0,6415.82,875.64,5.3,165.23,11.3,38.8,Marketplace,Sul,Básico,2026-05-24,Tradicional
896,41.0,11267.02,3338.0,3.6,932.37,9.8,20.2,Aplicativo,Sudeste,Premium,2025-06-23,Alto valor
897,21.0,4358.83,1606.51,11.9,134.69,10.5,56.7,Aplicativo,Sudeste,Premium,2026-06-01,Jovem digital
898,21.0,4124.06,2043.49,15.2,134.66,4.8,52.3,Site,Centro-Oeste,Básico,2024-05-31,Jovem digital
899,32.0,4616.25,1429.07,8.5,168.38,5.7,36.4,Aplicativo,Centro-Oeste,Premium,2024-10-23,Jovem digital
900,43.0,7690.31,785.58,3.9,203.47,4.6,20.4,Site,Sudeste,Básico,2026-07-02,Tradicional
901,45.0,6998.43,765.65,5.9,130.02,9.5,39.0,Site,Nordeste,Básico,2024-04-22,Tradicional
902,20.0,6619.53,2097.5,17.2,121.78,5.2,63.7,Loja física,Sudeste,Premium,2022-03-07,Jovem digital
903,20.0,3382.41,1713.37,12.3,139.61,6.4,41.0,Aplicativo,Sudeste,Básico,2023-02-04,Jovem digital
904,34.0,6262.02,960.91,5.4,179.52,4.0,15.7,Loja física,Centro-Oeste,Premium,2024-11-04,Tradicional
905,47.0,9094.13,3886.94,9.2,420.56,8.9,38.0,Site,Centro-Oeste,Básico,2025-12-04,Alto valor
906,43.0,7340.26,658.04,4.1,158.72,8.2,16.2,Loja física,Sudeste,Premium,2024-10-11,Tradicional
907,52.0,7301.29,1156.67,5.9,196.62,9.1,20.1,Aplicativo,Centro-Oeste,Básico,2023-11-10,Tradicional
908,22.0,3598.5,1254.4,11.4,110.08,3.5,21.4,Loja física,Nordeste,VIP,2023-06-22,Jovem digital
909,31.0,3985.3,1237.01,8.5,145.21,8.9,23.9,Loja física,Nordeste,Premium,2025-02-16,Jovem digital
910,28.0,5456.43,1666.85,12.0,139.1,10.6,64.5,Aplicativo,Nordeste,Básico,2026-02-12,Jovem digital
911,47.0,6143.14,776.85,3.7,209.35,5.5,12.5,Site,Sul,VIP,2023-04-10,Tradicional
912,47.0,25759.24,6323.94,10.7,591.89,9.8,59.0,Loja física,Norte,Básico,2024-07-13,Alto valor
913,52.0,14583.68,3692.83,5.5,674.15,2.1,22.2,Aplicativo,Sudeste,Básico,2023-12-16,Alto valor
914,50.0,16142.83,4819.32,8.9,539.13,10.0,38.4,Site,Sul,VIP,2023-02-16,Alto valor
915,44.0,12054.84,4354.36,10.9,399.42,3.5,24.9,Site,Sudeste,VIP,2023-11-09,Alto valor
916,46.0,14494.11,4045.73,7.8,519.04,6.8,31.6,Loja física,Nordeste,Premium,2022-05-28,Alto valor
917,29.0,8541.04,1924.89,11.5,167.76,3.0,53.2,Aplicativo,Sudeste,VIP,2024-06-05,Jovem digital
918,19.0,3666.77,1646.53,14.1,117.01,4.2,59.8,Site,Sudeste,Básico,2022-06-29,Jovem digital
919,18.0,5072.38,1343.39,15.8,85.05,6.6,57.5,Aplicativo,Nordeste,Básico,2024-03-03,Jovem digital
920,56.0,2829.83,675.06,6.7,100.93,5.0,16.8,Site,Sudeste,Básico,2026-02-09,Tradicional
921,18.0,4758.84,1712.77,13.9,123.42,3.8,38.6,Loja física,Sudeste,Básico,2022-09-01,Jovem digital
922,53.0,13148.58,3754.12,4.3,877.7,7.7,15.2,Site,Sudeste,Premium,2023-02-23,Alto valor
923,58.0,9121.88,513.0,1.4,360.81,13.1,30.2,Site,Nordeste,Básico,2025-04-20,Tradicional
924,37.0,4030.58,741.08,5.1,145.89,8.0,37.8,Aplicativo,Sudeste,Premium,2026-02-25,Tradicional
925,20.0,5220.96,1459.76,12.5,116.76,2.2,41.7,Aplicativo,Sudeste,Básico,2026-05-17,Jovem digital
926,26.0,2433.04,1207.28,10.2,118.72,4.6,33.5,Loja física,Sul,Básico,2022-07-20,Jovem digital
927,28.0,4670.05,1420.14,11.6,122.31,9.4,58.5,Aplicativo,Norte,Premium,2023-02-04,Jovem digital
928,51.0,20670.35,5102.46,7.8,653.41,10.3,27.9,Loja física,Nordeste,Básico,2026-07-04,Alto valor
929,43.0,5353.63,681.86,5.9,114.77,5.5,24.8,Loja física,Sudeste,Premium,2024-04-25,Tradicional
930,47.0,6555.33,721.86,4.5,162.11,7.5,26.1,Marketplace,Centro-Oeste,Premium,2025-10-25,Tradicional
931,24.0,2649.21,1390.1,12.0,116.26,4.9,34.8,Aplicativo,Centro-Oeste,Premium,2022-01-25,Jovem digital
932,31.0,3619.29,1579.0,15.7,100.33,5.0,48.1,Site,Nordeste,VIP,2022-07-14,Jovem digital
933,37.0,4824.45,845.77,1.9,450.13,3.0,3.5,Aplicativo,Sul,VIP,2022-12-08,Tradicional
934,55.0,7783.65,1126.55,3.4,332.6,7.5,30.5,Marketplace,Sudeste,Básico,2022-05-24,Tradicional
935,41.0,5996.01,1009.8,7.6,133.1,10.6,50.8,Loja física,Nordeste,Premium,2026-01-29,Tradicional
936,38.0,4502.92,1226.12,10.0,122.52,6.2,38.4,Site,Sul,Básico,2025-09-05,Jovem digital
937,36.0,13720.62,4459.38,10.3,433.4,6.6,36.6,Loja física,Sudeste,Básico,2023-10-15,Alto valor
938,27.0,3178.8,1578.99,11.6,136.51,6.1,37.2,Aplicativo,Sudeste,Premium,2022-05-11,Jovem digital
939,52.0,15822.06,4468.21,6.4,697.49,13.8,35.8,Site,Sudeste,Premium,2022-06-27,Alto valor
940,18.0,4675.24,1524.85,17.4,87.51,4.7,53.5,Loja física,Sul,Premium,2023-03-15,Jovem digital
941,26.0,4190.71,1553.09,9.8,157.78,8.1,38.5,Aplicativo,Sudeste,Premium,2025-04-30,Jovem digital
942,52.0,15749.15,4425.31,9.6,461.23,7.4,41.0,Marketplace,Nordeste,Premium,2025-09-01,Alto valor
943,43.0,4381.81,1070.98,11.5,93.22,7.1,39.7,Marketplace,Nordeste,Premium,2024-06-20,Jovem digital
944,40.0,9170.72,452.86,2.6,174.43,7.3,15.0,Marketplace,Sudeste,Básico,2026-02-26,Tradicional
945,44.0,9806.3,927.28,5.1,182.67,6.0,21.0,Loja física,Sudeste,Básico,2026-04-01,Tradicional
946,18.0,4766.99,1161.84,12.7,91.82,4.2,40.4,Aplicativo,Sudeste,Básico,2025-07-07,Jovem digital
947,53.0,8178.52,1091.57,7.0,155.09,10.9,30.7,Site,Sudeste,Premium,2022-05-12,Tradicional
948,54.0,17719.77,3910.59,9.7,401.62,7.1,43.8,Aplicativo,Nordeste,Básico,2026-01-27,Alto valor
949,38.0,11852.37,3803.96,7.7,491.44,7.1,17.6,Loja física,Sul,Básico,2026-02-27,Alto valor
950,29.0,5742.38,1519.1,13.9,109.51,7.6,63.3,Aplicativo,Centro-Oeste,Básico,2024-07-25,Jovem digital
951,46.0,5040.24,764.89,4.7,164.1,6.1,22.4,Loja física,Norte,Premium,2024-09-28,Tradicional
952,18.0,8250.16,1686.0,12.4,135.79,7.2,50.7,Aplicativo,Sudeste,Básico,2025-07-27,Jovem digital
953,37.0,3810.67,1284.22,11.3,113.33,7.1,48.3,Aplicativo,Nordeste,Básico,2024-09-17,Jovem digital
954,35.0,4078.33,1680.39,11.4,147.74,6.4,36.1,Aplicativo,Sul,Básico,2023-07-30,Jovem digital
955,53.0,14741.38,5477.81,10.2,535.95,4.3,28.5,Loja física,Sul,Básico,2025-03-11,Alto valor
956,51.0,15571.05,4842.89,8.3,580.59,7.8,26.1,Aplicativo,Sudeste,Básico,2025-08-05,Alto valor
957,39.0,5979.32,436.23,2.2,195.39,8.1,14.4,Aplicativo,Sudeste,VIP,2022-08-25,Tradicional
958,40.0,6391.83,1036.33,8.2,126.62,11.3,43.7,Aplicativo,Nordeste,Básico,2025-02-10,Tradicional
959,37.0,5224.76,1046.51,7.5,140.01,8.2,27.6,Aplicativo,Sul,Básico,2022-10-17,Tradicional
960,44.0,5691.9,670.38,7.0,95.43,10.4,38.4,Marketplace,Sudeste,Premium,2024-08-19,Tradicional
961,47.0,12853.29,1028.96,5.4,191.62,5.4,3.6,Site,Sudeste,Premium,2022-06-30,Tradicional
962,47.0,5645.17,768.75,2.5,308.66,7.9,13.8,Aplicativo,Sul,Básico,2026-07-18,Tradicional
963,33.0,3849.84,1100.14,10.1,109.39,9.2,50.6,Aplicativo,Nordeste,Básico,2025-01-21,Jovem digital
964,26.0,3588.09,1604.03,8.5,189.32,3.6,28.4,Aplicativo,Sul,VIP,2024-02-25,Jovem digital
965,52.0,18015.21,5123.6,9.8,524.59,11.0,35.9,Site,Sudeste,VIP,2024-04-22,Alto valor
966,41.0,7053.81,890.09,4.5,197.11,9.1,19.2,Aplicativo,Sudeste,Básico,2024-11-01,Tradicional
967,51.0,13271.24,3644.05,5.3,682.23,9.3,3.0,Aplicativo,Nordeste,Premium,2022-07-28,Alto valor
968,26.0,2473.86,1557.78,12.3,126.97,4.9,34.5,Aplicativo,Nordeste,Básico,2024-05-02,Jovem digital
969,64.0,5780.23,519.58,4.0,128.92,7.9,30.1,Aplicativo,Sudeste,Básico,2025-04-11,Tradicional
970,28.0,4444.79,1250.26,9.0,139.36,9.9,34.2,Loja física,Sul,Básico,2023-03-12,Jovem digital
971,18.0,5443.76,1367.64,9.1,150.73,6.1,30.8,Aplicativo,Sudeste,Premium,2024-03-12,Jovem digital
972,20.0,3568.07,1302.53,10.3,126.45,5.7,19.0,Loja física,Nordeste,Básico,2023-07-07,Jovem digital
973,29.0,6284.12,1898.47,12.8,147.95,5.1,31.5,Site,Sudeste,Básico,2022-09-27,Jovem digital
974,59.0,17999.73,5025.98,7.9,634.07,9.7,44.9,Marketplace,Sul,Básico,2026-06-25,Alto valor
975,32.0,5036.36,1046.41,7.4,142.11,6.8,35.1,Aplicativo,Norte,Básico,2024-09-18,Jovem digital
976,42.0,8212.76,1099.61,5.0,221.62,8.4,14.6,Loja física,Sudeste,Básico,2023-10-18,Tradicional
977,55.0,9314.32,868.28,7.2,121.1,10.7,29.3,Loja física,Sudeste,Básico,2023-07-20,Tradicional
978,48.0,5417.01,557.62,2.0,274.46,6.4,13.6,Marketplace,Sudeste,Premium,2025-02-09,Tradicional
979,55.0,7463.5,1050.84,8.6,121.74,5.7,23.1,Loja física,Sudeste,Básico,2022-06-30,Tradicional
980,39.0,4414.04,1140.31,11.1,103.14,7.4,26.0,Aplicativo,Centro-Oeste,Básico,2024-08-06,Jovem digital
981,57.0,12773.47,4230.22,6.7,630.82,5.3,25.2,Marketplace,Norte,Premium,2023-01-20,Alto valor
982,57.0,21548.51,5009.66,7.3,688.55,8.6,36.7,Loja física,Sudeste,Básico,2026-01-27,Alto valor
983,44.0,8219.9,1089.2,7.8,139.71,6.6,36.0,Aplicativo,Centro-Oeste,Básico,2025-08-04,Tradicional
984,60.0,8507.61,1043.07,4.6,227.88,10.8,33.7,Aplicativo,Sudeste,Premium,2025-06-20,Tradicional
985,36.0,7349.3,1851.46,14.0,132.56,11.3,43.1,Marketplace,Sul,Premium,2022-09-01,Jovem digital
986,47.0,18036.41,5148.93,11.3,453.73,3.7,39.0,Aplicativo,Nordeste,Básico,2022-05-15,Alto valor
987,29.0,4260.88,1316.92,10.2,129.36,11.2,41.9,Loja física,Sudeste,Básico,2024-02-06,Jovem digital
988,28.0,6794.77,1581.2,10.4,152.03,5.3,36.8,Site,Sul,Básico,2023-08-18,Jovem digital
989,23.0,5133.26,2055.14,14.4,142.55,6.0,48.8,Loja física,Sul,Básico,2025-04-26,Jovem digital
990,50.0,18026.51,4787.8,7.7,622.37,5.3,24.2,Aplicativo,Sudeste,Premium,2025-04-05,Alto valor
991,47.0,6614.61,901.31,5.2,171.74,10.4,4.1,Loja física,Norte,Premium,2023-10-27,Tradicional
992,42.0,6043.92,1403.61,8.1,173.86,7.6,42.6,Site,Sudeste,Básico,2022-09-27,Tradicional
993,41.0,10024.37,3126.6,6.1,513.76,7.2,29.6,Marketplace,Sudeste,Básico,2023-06-27,Alto valor
994,31.0,4956.18,1605.82,11.4,140.49,1.8,24.6,Aplicativo,Norte,Básico,2024-04-21,Jovem digital
995,44.0,13872.81,3243.6,8.0,407.5,8.0,37.2,Aplicativo,Sudeste,Básico,2023-02-28,Alto valor
996,35.0,4642.87,806.41,6.4,126.49,8.6,25.9,Aplicativo,Sudeste,Básico,2023-06-16,Tradicional
997,49.0,3743.07,650.08,2.3,279.05,7.8,13.0,Aplicativo,Sudeste,Básico,2023-02-07,Tradicional
998,18.0,5917.89,1427.68,6.4,221.63,7.4,22.0,Marketplace,Sudeste,VIP,2022-04-19,Jovem digital
999,43.0,20982.72,4710.27,14.4,326.73,10.2,59.8,Aplicativo,Sudeste,Premium,2024-10-02,Alto valor
1000,30.0,2531.47,1291.38,12.1,107.02,4.7,35.4,Aplicativo,Sudeste,VIP,2026-07-26,Jovem digital
1001,28.0,3253.76,1133.5,13.0,87.52,9.5,41.5,Loja física,Sul,Premium,2026-05-11,Jovem digital
1002,54.0,5749.01,934.67,2.5,377.62,9.1,27.4,Aplicativo,Sudeste,VIP,2026-04-03,Tradicional
1003,27.0,7165.1,1661.09,14.1,118.2,5.8,47.7,Aplicativo,Centro-Oeste,VIP,2025-01-06,Jovem digital
1004,27.0,4344.78,1756.86,14.8,118.58,5.9,50.4,Loja física,Centro-Oeste,Básico,2025-06-03,Jovem digital
1005,45.0,6121.69,1012.42,4.9,206.24,8.1,30.0,Site,Sudeste,Básico,2022-04-18,Tradicional
1006,27.0,3760.25,1152.26,9.6,120.17,0.1,23.5,Loja física,Norte,Básico,2022-12-03,Jovem digital
1007,39.0,11798.0,3886.38,11.0,353.41,6.8,37.4,Site,Centro-Oeste,Premium,2025-03-26,Alto valor
1008,31.0,2098.1,1289.7,12.4,103.83,3.0,43.3,Aplicativo,Centro-Oeste,Premium,2026-07-11,Jovem digital
1009,40.0,6862.63,399.99,4.1,97.38,11.1,13.3,Site,Nordeste,Básico,2026-02-27,Tradicional
1010,51.0,6991.59,630.19,4.4,142.1,12.3,29.8,Loja física,Sudeste,Premium,2024-11-20,Tradicional
1011,32.0,6951.59,994.6,7.9,125.83,8.3,27.7,Site,Sudeste,Premium,2022-07-02,Tradicional
1012,33.0,6954.14,978.68,4.9,199.57,5.9,28.6,Loja física,Centro-Oeste,Premium,2026-06-04,Tradicional
1013,49.0,2653.97,454.51,6.0,75.99,6.0,29.6,Site,Sul,Básico,2023-06-16,Tradicional
1014,39.0,14122.07,3350.39,8.8,379.78,5.7,36.6,Site,Centro-Oeste,Básico,2022-03-13,Alto valor
1015,31.0,5200.84,1297.82,11.1,116.74,10.6,33.3,Loja física,Nordeste,Básico,2025-07-08,Jovem digital
1016,22.0,5597.64,1501.42,7.2,207.9,3.6,25.1,Aplicativo,Sudeste,Básico,2022-10-18,Jovem digital
1017,43.0,6315.78,627.6,1.9,325.95,2.2,-1.0,Site,Sudeste,Premium,2023-05-20,Tradicional
1018,53.0,9780.58,3496.84,9.0,388.66,11.3,40.2,Aplicativo,Norte,Básico,2025-02-06,Alto valor
1019,24.0,5335.56,1210.25,5.5,220.27,8.8,8.5,Loja física,Sudeste,Básico,2026-06-03,Jovem digital
1020,57.0,10012.01,972.93,5.7,170.64,13.2,20.6,Site,Nordeste,Básico,2026-02-25,Tradicional
1021,45.0,13614.21,3678.51,9.1,404.78,10.2,49.1,Aplicativo,Norte,Premium,2022-10-01,Alto valor
1022,50.0,12326.49,875.95,4.9,179.18,11.3,31.1,Aplicativo,Sudeste,Básico,2022-10-21,Tradicional
1023,40.0,19231.53,5146.16,7.9,653.02,7.4,29.7,Marketplace,Sudeste,VIP,2025-09-14,Alto valor
1024,40.0,8339.38,758.99,4.7,160.97,2.5,9.9,Aplicativo,Sul,Básico,2023-06-15,Tradicional
1025,41.0,4538.91,838.43,8.6,97.71,7.5,26.0,Aplicativo,Centro-Oeste,VIP,2022-05-11,Tradicional
1026,30.0,3613.8,1131.71,8.4,135.21,7.6,35.8,Aplicativo,Sul,Básico,2024-09-10,Jovem digital
1027,57.0,12697.64,3663.09,6.3,585.26,9.0,26.8,Site,Sudeste,Básico,2025-01-03,Alto valor
1028,29.0,6653.09,1796.41,11.9,151.16,5.6,54.8,Aplicativo,Sudeste,VIP,2026-07-30,Jovem digital
1029,50.0,4599.27,424.83,3.3,130.08,6.3,15.8,Loja física,Sudeste,Premium,2024-03-24,Tradicional
1030,33.0,8251.87,936.66,5.5,169.62,4.2,22.1,Loja física,Sudeste,Premium,2025-08-30,Tradicional
1031,23.0,12042.54,1404.23,3.4,414.19,9.5,10.5,Aplicativo,Sudeste,Premium,2024-06-12,Tradicional
1032,32.0,5094.09,611.93,1.0,591.31,10.7,13.1,Site,Centro-Oeste,Básico,2026-03-25,Tradicional
1033,35.0,4711.01,732.86,2.5,289.73,6.7,17.1,Aplicativo,Sudeste,Premium,2024-03-25,Tradicional
1034,54.0,26786.58,5845.6,6.6,881.88,9.6,28.5,Aplicativo,Nordeste,Básico,2025-02-02,Alto valor
1035,34.0,5878.43,809.89,4.1,199.18,4.3,13.5,Site,Centro-Oeste,Premium,2026-05-30,Tradicional
1036,52.0,8750.6,1037.74,3.5,297.95,10.2,25.3,Aplicativo,Sul,VIP,2026-01-06,Tradicional
1037,27.0,3835.11,1133.49,9.2,122.82,9.8,51.5,Marketplace,Sul,Premium,2023-11-02,Jovem digital
1038,58.0,7127.96,803.98,5.3,151.29,5.9,24.2,Site,Sudeste,Premium,2024-04-27,Tradicional
1039,64.0,9614.82,866.16,3.7,233.96,11.2,33.7,Aplicativo,Sul,Premium,2024-09-18,Tradicional
1040,26.0,4375.1,1397.6,9.2,151.14,6.9,40.9,Marketplace,Sudeste,Básico,2022-07-27,Jovem digital
1041,34.0,2907.43,1007.98,8.2,123.23,7.8,42.6,Site,Sudeste,Básico,2023-01-26,Jovem digital
1042,41.0,11838.32,1347.22,6.8,198.03,11.1,28.9,Aplicativo,Sul,Premium,2025-04-01,Tradicional
1043,42.0,5964.99,796.2,2.4,333.57,12.2,20.2,Site,Sudeste,Premium,2022-04-30,Tradicional
1044,48.0,9560.13,928.21,4.6,200.89,7.7,21.5,Marketplace,Sudeste,Básico,2024-10-02,Tradicional
1045,28.0,5391.46,1419.34,7.3,193.78,7.4,35.2,Site,Nordeste,Premium,2024-03-21,Jovem digital
1046,27.0,3122.6,946.04,5.8,163.43,5.9,30.8,Site,Sudeste,Básico,2024-03-22,Jovem digital
1047,34.0,6712.67,2091.4,11.9,175.92,5.2,42.9,Site,Sudeste,Premium,2025-11-15,Jovem digital
1048,44.0,8652.02,791.68,4.2,189.05,8.4,29.6,Aplicativo,Sudeste,Premium,2023-04-05,Tradicional
1049,44.0,7757.66,3038.07,10.6,287.31,9.4,38.4,Aplicativo,Sudeste,Básico,2025-08-15,Alto valor
1050,23.0,3018.3,1661.22,10.5,158.38,5.8,45.5,Site,Sul,Básico,2025-08-04,Jovem digital
1051,61.0,3949.31,447.32,4.4,102.55,7.8,30.5,Marketplace,Sul,Premium,2026-07-18,Tradicional
1052,32.0,4550.93,1341.6,9.4,142.59,5.3,40.0,Loja física,Sudeste,Básico,2025-10-03,Jovem digital
1053,25.0,6600.02,1829.24,12.4,147.91,4.4,43.5,Aplicativo,Sul,VIP,2024-04-27,Jovem digital
1054,18.0,4122.19,2025.05,16.2,124.94,2.7,57.6,Site,Norte,Básico,2023-09-01,Jovem digital
1055,18.0,3847.12,1553.97,8.0,194.34,5.4,23.3,Aplicativo,Sul,Básico,2025-07-29,Jovem digital
1056,46.0,5162.72,262.39,5.1,51.84,9.0,27.5,Aplicativo,Sul,Básico,2026-04-01,Tradicional
1057,41.0,15175.95,3468.85,9.7,357.93,9.7,43.1,Loja física,Sul,Premium,2023-04-15,Alto valor
1058,25.0,5572.24,1325.34,7.4,179.8,3.5,15.7,Aplicativo,Centro-Oeste,Premium,2023-09-11,Jovem digital
1059,45.0,10871.19,993.39,4.6,216.62,6.5,25.4,Loja física,Norte,Premium,2024-04-11,Tradicional
1060,51.0,4366.22,585.22,4.6,127.16,12.2,18.4,Site,Sudeste,VIP,2022-06-29,Tradicional
1061,48.0,19678.77,4616.82,9.1,506.88,7.9,33.4,Loja física,Sudeste,Premium,2023-06-10,Alto valor
1062,45.0,10164.84,962.86,3.5,274.82,8.0,20.4,Marketplace,Sudeste,Básico,2022-10-06,Tradicional
1063,26.0,4126.56,1440.51,6.9,208.07,5.2,21.2,Loja física,Nordeste,Básico,2025-07-15,Jovem digital
1064,38.0,8842.98,768.44,3.9,197.97,9.6,23.9,Marketplace,Sudeste,Premium,2024-04-06,Tradicional
1065,33.0,5547.64,1710.17,11.5,148.43,9.2,46.1,Loja física,Centro-Oeste,Básico,2024-10-06,Jovem digital
1066,47.0,14959.89,4385.26,6.7,656.79,10.7,26.3,Site,Sudeste,VIP,2022-05-14,Alto valor
1067,24.0,6365.73,1527.45,10.2,149.6,5.4,41.6,Aplicativo,Sul,Premium,2024-08-16,Jovem digital
1068,50.0,6546.7,775.53,4.5,173.74,6.5,15.1,Aplicativo,Sudeste,Premium,2025-04-16,Tradicional
1069,31.0,3488.55,1325.83,10.7,124.09,10.7,63.2,Loja física,Sul,Premium,2025-02-26,Jovem digital
1070,51.0,6308.19,910.25,8.3,110.27,10.6,36.6,Aplicativo,Sudeste,VIP,2025-08-22,Tradicional
1071,47.0,14201.11,3253.98,5.4,606.33,7.1,15.3,Marketplace,Nordeste,Premium,2022-07-10,Alto valor
1072,40.0,9139.0,857.73,4.9,173.62,10.5,19.6,Aplicativo,Sul,Premium,2024-07-07,Tradicional
1073,54.0,10351.75,962.48,7.3,132.58,7.7,40.2,Loja física,Sudeste,Básico,2024-03-17,Tradicional
1074,46.0,26801.18,5832.79,8.5,687.64,11.2,35.6,Aplicativo,Nordeste,Básico,2026-02-02,Alto valor
1075,54.0,20705.22,4958.81,6.9,723.16,12.4,24.5,Marketplace,Centro-Oeste,Básico,2025-02-28,Alto valor
1076,32.0,3034.98,1064.64,11.0,96.51,4.2,44.9,Aplicativo,Nordeste,VIP,2026-05-15,Jovem digital
1077,36.0,5489.69,727.62,5.9,124.19,8.2,24.1,Site,Nordeste,Premium,2022-02-12,Tradicional
1078,39.0,6601.31,792.35,2.9,269.92,9.0,24.8,Loja física,Sul,Premium,2024-01-19,Tradicional
1079,53.0,6347.37,844.91,4.6,182.28,14.9,39.2,Aplicativo,Centro-Oeste,Básico,2025-03-21,Tradicional
1080,18.0,4881.21,1932.56,18.8,103.04,3.0,62.0,Aplicativo,Sul,Premium,2022-05-30,Jovem digital
1081,26.0,5172.18,1960.63,15.1,129.73,9.0,75.3,Marketplace,Centro-Oeste,Básico,2024-12-24,Jovem digital
1082,34.0,17963.43,5420.44,13.1,412.39,6.6,33.6,Loja física,Nordeste,Premium,2023-01-22,Alto valor
1083,41.0,16415.66,4615.36,5.4,848.63,4.6,15.2,Aplicativo,Sudeste,Básico,2022-05-05,Alto valor
1084,42.0,15360.64,3749.48,6.3,596.63,7.3,25.6,Site,Sudeste,VIP,2025-01-04,Alto valor
1085,59.0,15504.91,3567.36,6.9,518.39,9.6,50.3,Aplicativo,Nordeste,Premium,2023-12-15,Alto valor
1086,29.0,4465.66,876.12,5.2,168.44,3.5,34.2,Aplicativo,Nordeste,Básico,2023-11-10,Tradicional
1087,40.0,10412.07,916.7,3.7,247.19,8.0,31.0,Site,Sul,Básico,2023-06-29,Tradicional
1088,35.0,8749.8,779.01,8.8,88.77,8.9,30.7,Aplicativo,Norte,Básico,2025-02-19,Tradicional
1089,41.0,9499.47,952.27,2.4,397.53,8.0,11.4,Site,Sul,Básico,2024-10-31,Tradicional
1090,54.0,6654.35,1172.52,6.0,195.73,7.7,20.6,Aplicativo,Sudeste,Básico,2025-01-19,Tradicional
1091,37.0,4127.76,1106.31,9.7,114.42,6.6,30.6,Loja física,Sul,Básico,2025-08-10,Jovem digital
1092,52.0,4307.12,679.92,4.5,149.58,8.7,36.0,Site,Sudeste,Básico,2024-10-09,Tradicional
1093,24.0,4542.3,1818.37,17.4,104.44,5.9,57.4,Aplicativo,Sul,Básico,2022-05-06,Jovem digital
1094,25.0,5581.05,1867.07,11.6,160.97,8.0,43.5,Marketplace,Centro-Oeste,Premium,2022-09-21,Jovem digital
1095,45.0,6033.19,340.79,1.8,190.46,8.6,21.8,Loja física,Sudeste,Básico,2026-07-16,Tradicional
1096,29.0,7283.44,961.25,2.5,377.26,2.8,-2.3,Aplicativo,Centro-Oeste,Básico,2023-04-24,Tradicional
1097,27.0,3922.43,1378.57,8.9,155.06,4.5,32.5,Marketplace,Nordeste,Premium,2023-12-16,Jovem digital
1098,43.0,10943.32,3942.51,10.4,379.94,8.1,32.1,Aplicativo,Sudeste,Básico,2023-09-24,Alto valor
1099,47.0,18417.64,4816.97,8.0,600.78,10.8,34.6,Aplicativo,Centro-Oeste,Premium,2026-07-14,Alto valor
1100,23.0,7499.2,1913.07,9.6,200.3,8.2,33.8,Site,Nordeste,VIP,2025-10-10,Jovem digital
1101,26.0,5264.95,1857.81,12.8,144.74,9.7,45.1,Aplicativo,Sul,Premium,2024-03-19,Jovem digital
1102,23.0,5676.09,1762.22,15.6,112.85,5.5,55.3,Loja física,Sudeste,Básico,2025-02-14,Jovem digital
1103,49.0,12686.61,4476.92,7.3,612.68,10.2,35.9,Site,Sudeste,Básico,2024-07-11,Alto valor
1104,42.0,11095.86,4179.82,11.2,372.47,4.2,36.9,Marketplace,Sul,Premium,2024-12-14,Alto valor
1105,38.0,3702.33,1236.36,11.3,109.26,8.0,46.5,Aplicativo,Sudeste,Premium,2026-05-14,Jovem digital
1106,45.0,3817.41,768.66,6.2,123.32,5.4,18.3,Aplicativo,Sudeste,Básico,2025-01-28,Tradicional
1107,27.0,3765.13,1380.91,8.8,157.58,5.6,38.4,Site,Centro-Oeste,Premium,2022-07-08,Jovem digital
1108,21.0,4847.27,2116.69,16.2,130.77,12.0,61.3,Aplicativo,Nordeste,Premium,2024-04-21,Jovem digital
1109,38.0,12632.77,3836.01,8.8,433.8,7.8,32.0,Marketplace,Nordeste,Premium,2025-10-02,Alto valor
1110,20.0,4678.48,1858.8,11.0,169.37,2.9,30.1,Loja física,Norte,Básico,2022-03-08,Jovem digital
1111,26.0,5824.8,1098.92,7.8,140.31,6.5,29.4,Loja física,Sudeste,Básico,2023-08-21,Jovem digital
1112,50.0,8997.27,866.64,3.3,264.48,7.3,33.5,Loja física,Sudeste,Básico,2022-12-03,Tradicional
1113,33.0,6156.06,773.08,6.5,118.82,4.2,24.1,Aplicativo,Nordeste,Básico,2025-04-20,Tradicional
1114,47.0,10449.1,4095.88,6.7,611.03,13.0,26.6,Aplicativo,Sudeste,Premium,2022-08-23,Alto valor
1115,50.0,10884.19,2724.54,7.4,369.66,10.9,42.5,Site,Sudeste,Básico,2024-11-09,Alto valor
1116,22.0,6147.1,1949.57,10.6,183.17,5.9,35.3,Loja física,Nordeste,Básico,2022-04-18,Jovem digital
1117,27.0,4157.9,913.81,12.6,72.51,4.8,45.8,Aplicativo,Sudeste,Básico,2026-03-25,Jovem digital
1118,50.0,14766.7,4856.04,11.0,442.58,7.8,37.5,Aplicativo,Sul,Premium,2023-06-19,Alto valor
1119,21.0,5946.98,1299.15,10.3,125.59,8.6,51.6,Loja física,Sul,Premium,2023-11-13,Jovem digital
1120,50.0,14057.61,4480.38,11.1,404.48,9.3,39.6,Aplicativo,Sul,Premium,2025-08-10,Alto valor
1121,46.0,8516.42,1142.97,7.0,164.05,0.9,33.1,Site,Sudeste,VIP,2023-09-27,Tradicional
1122,34.0,4980.43,1763.3,11.4,154.42,12.2,40.5,Aplicativo,Sudeste,VIP,2022-07-12,Jovem digital
1123,48.0,15160.44,5262.68,11.4,459.9,8.7,42.5,Site,Centro-Oeste,Básico,2026-02-21,Alto valor
1124,27.0,3699.1,1774.79,14.7,121.08,6.5,63.0,Site,Centro-Oeste,Básico,2022-07-06,Jovem digital
1125,47.0,5901.7,792.55,5.6,141.6,10.6,30.8,Marketplace,Sul,Premium,2024-04-11,Tradicional
1126,39.0,6756.57,770.54,5.5,140.67,8.2,44.5,Loja física,Sudeste,Premium,2022-07-27,Tradicional
1127,51.0,9568.27,1000.09,6.7,148.25,10.4,30.5,Aplicativo,Sul,Básico,2025-03-12,Tradicional
1128,50.0,6653.82,831.96,2.8,299.73,7.5,19.4,Loja física,Sudeste,VIP,2023-03-28,Tradicional
1129,45.0,14152.15,1469.41,7.6,192.76,5.1,44.2,Loja física,Sudeste,Básico,2026-04-08,Tradicional
1130,51.0,15806.82,3247.67,6.0,541.94,9.2,16.9,Loja física,Sudeste,VIP,2022-12-05,Alto valor
1131,43.0,14772.7,3387.74,3.8,894.12,10.9,11.4,Marketplace,Sudeste,Premium,2025-01-24,Alto valor
1132,42.0,6093.2,665.05,3.8,174.61,6.1,12.3,Loja física,Sudeste,Básico,2022-01-24,Tradicional
1133,36.0,5055.54,1363.36,9.6,142.03,5.1,41.4,Aplicativo,Sudeste,Premium,2022-07-09,Jovem digital
1134,44.0,5162.47,848.53,3.6,234.69,10.6,10.6,Site,Nordeste,Premium,2023-04-08,Tradicional
1135,46.0,10567.12,3508.68,7.9,443.37,7.0,36.9,Aplicativo,Sul,Premium,2026-01-17,Alto valor
1136,18.0,4152.35,1637.51,13.2,124.34,3.7,48.2,Site,Sudeste,Premium,2026-07-24,Jovem digital
1137,62.0,9460.59,1586.71,7.6,208.56,9.1,49.8,Marketplace,Sudeste,Básico,2024-10-22,Tradicional
1138,50.0,6825.89,798.63,6.8,118.27,8.4,38.7,Site,Centro-Oeste,Básico,2023-07-17,Tradicional
1139,28.0,3503.35,1266.52,12.0,105.59,2.2,41.5,Aplicativo,Sudeste,Básico,2023-06-06,Jovem digital
1140,39.0,7358.41,491.6,4.8,103.45,5.9,32.2,Marketplace,Sudeste,Básico,2022-12-20,Tradicional
1141,20.0,3046.06,1256.38,8.8,142.89,5.4,37.2,Loja física,Sul,Básico,2023-07-24,Jovem digital
1142,51.0,21092.97,5691.92,9.5,598.8,9.1,35.7,Aplicativo,Nordeste,Básico,2024-04-08,Alto valor
1143,53.0,16040.99,4941.74,10.2,484.55,11.6,35.3,Marketplace,Nordeste,Básico,2025-02-19,Alto valor
1144,52.0,22528.77,4612.53,3.3,1394.18,12.9,20.9,Aplicativo,Sudeste,Premium,2023-01-19,Alto valor
1145,42.0,9185.32,816.44,7.8,104.29,11.0,36.3,Site,Sudeste,Básico,2022-03-01,Tradicional
1146,34.0,3025.51,1070.05,8.1,131.34,8.7,36.3,Site,Sudeste,Básico,2024-07-24,Jovem digital
1147,41.0,4072.58,843.92,6.2,136.78,7.1,10.0,Marketplace,Sul,VIP,2023-02-10,Tradicional
1148,56.0,13057.26,3816.19,7.9,481.79,7.8,31.4,Aplicativo,Sudeste,VIP,2023-11-01,Alto valor
1149,58.0,2777.44,521.24,3.3,159.04,9.4,21.4,Aplicativo,Sudeste,Premium,2025-04-05,Tradicional
1150,41.0,13809.93,3627.79,7.7,468.23,8.8,38.2,Loja física,Sudeste,Básico,2026-02-08,Alto valor
1151,27.0,5007.65,1327.52,10.4,127.53,7.7,53.4,Marketplace,Norte,Premium,2024-06-12,Jovem digital
1152,48.0,14964.35,3949.48,4.5,873.9,9.7,26.7,Aplicativo,Sudeste,Básico,2026-04-01,Alto valor
1153,25.0,5979.36,1896.81,12.5,152.02,5.2,36.4,Aplicativo,Sudeste,Premium,2023-03-26,Jovem digital
1154,22.0,3785.19,1010.77,7.9,128.05,6.9,17.5,Marketplace,Centro-Oeste,VIP,2025-04-07,Jovem digital
1155,54.0,10155.84,828.08,2.9,282.3,11.9,28.6,Loja física,Nordeste,Básico,2026-06-26,Tradicional
1156,27.0,4948.35,822.24,6.6,124.57,7.7,22.1,Aplicativo,Sul,VIP,2022-12-27,Jovem digital
1157,29.0,2433.56,1222.74,9.9,123.72,6.0,43.7,Site,Nordeste,Premium,2025-05-19,Jovem digital
1158,29.0,4036.6,1514.3,10.1,150.14,4.1,46.3,Site,Sudeste,Básico,2024-03-03,Jovem digital
1159,46.0,5353.21,811.45,5.1,160.12,6.1,10.1,Loja física,Nordeste,Básico,2026-01-12,Tradicional
1160,58.0,8229.29,886.08,7.2,123.3,7.9,35.4,Site,Sudeste,Premium,2023-05-26,Tradicional
1161,24.0,3932.12,1134.47,10.6,106.61,6.0,49.5,Loja física,Norte,Básico,2026-05-26,Jovem digital
1162,54.0,8472.35,1001.73,4.4,225.12,10.2,33.7,Aplicativo,Sudeste,Básico,2025-08-27,Tradicional
1163,51.0,18885.51,4351.53,5.3,819.28,5.3,5.5,Loja física,Sul,Básico,2025-03-24,Alto valor
1164,27.0,5001.33,813.0,9.4,86.22,4.5,26.9,Aplicativo,Sul,VIP,2022-02-18,Jovem digital
1165,22.0,4128.82,1776.11,11.2,159.15,5.7,30.0,Marketplace,Sudeste,Básico,2022-05-19,Jovem digital
1166,53.0,15396.5,4679.23,7.9,589.68,6.8,36.2,Aplicativo,Sudeste,VIP,2025-01-12,Alto valor
1167,45.0,14341.53,4430.1,5.8,760.99,8.9,31.4,Aplicativo,Nordeste,Premium,2024-03-11,Alto valor
1168,47.0,5256.92,816.6,4.8,170.34,7.4,1.7,Aplicativo,Sudeste,Básico,2023-06-25,Tradicional
1169,47.0,12641.94,3784.88,6.7,565.63,6.5,25.5,Aplicativo,Norte,Básico,2025-11-08,Alto valor
1170,25.0,3698.89,1160.88,7.7,151.55,5.6,36.2,Site,Sudeste,Premium,2024-03-15,Jovem digital
1171,26.0,3838.27,1568.92,11.5,136.46,6.5,43.5,Loja física,Sul,Básico,2024-02-07,Jovem digital
1172,50.0,7672.33,745.42,4.6,163.23,6.5,22.7,Marketplace,Sul,Básico,2023-06-25,Tradicional
1173,22.0,3557.3,1179.79,11.0,106.78,4.6,35.7,Site,Sul,Básico,2026-06-30,Jovem digital
1174,45.0,4865.48,725.55,2.0,360.93,8.9,8.3,Site,Nordeste,Premium,2023-09-02,Tradicional
1175,40.0,5056.59,710.66,3.0,234.46,5.6,15.6,Aplicativo,Nordeste,Premium,2023-03-10,Tradicional
1176,55.0,5759.67,937.21,4.6,203.21,5.3,20.6,Loja física,Sul,Básico,2025-02-01,Tradicional
1177,30.0,11726.64,800.8,9.4,85.2,2.5,36.1,Aplicativo,Sul,Básico,2022-02-27,Tradicional
1178,27.0,3434.18,1204.66,10.3,116.53,4.7,42.3,Aplicativo,Sul,Básico,2024-09-22,Jovem digital
1179,31.0,4069.68,1204.67,8.7,138.11,3.2,30.7,Aplicativo,Sudeste,Premium,2024-08-02,Jovem digital
1180,30.0,3015.13,1477.1,6.9,214.56,5.2,35.7,Aplicativo,Sudeste,Básico,2023-02-13,Jovem digital
1181,39.0,6237.6,854.5,4.3,199.47,11.0,23.0,Site,Sudeste,VIP,2025-07-09,Tradicional
1182,36.0,4940.5,909.0,7.2,126.18,3.6,14.4,Aplicativo,Sul,Premium,2022-03-14,Jovem digital
1183,25.0,3896.11,1277.13,6.7,190.75,4.9,29.7,Aplicativo,Centro-Oeste,Básico,2026-06-30,Jovem digital
1184,22.0,6380.26,1816.66,15.6,116.81,10.0,59.7,Loja física,Sudeste,Premium,2025-12-02,Jovem digital
1185,29.0,2974.69,1294.72,12.6,103.09,6.9,50.0,Aplicativo,Sul,Premium,2022-10-21,Jovem digital
1186,41.0,13673.55,3682.25,7.1,520.94,6.6,19.0,Site,Sudeste,Premium,2024-04-03,Alto valor
1187,32.0,3370.96,1325.11,15.3,86.4,5.9,67.5,Site,Sul,Básico,2022-11-26,Jovem digital
1188,60.0,10834.84,3284.41,8.0,410.66,10.7,42.5,Marketplace,Nordeste,VIP,2024-10-31,Alto valor
1189,25.0,5256.5,1991.16,14.7,135.0,9.4,53.3,Loja física,Nordeste,Básico,2023-08-13,Jovem digital
1190,41.0,6869.41,580.99,3.6,161.73,6.2,10.7,Aplicativo,Nordeste,Premium,2024-03-27,Tradicional
1191,35.0,5700.36,434.61,5.4,79.76,4.9,30.9,Marketplace,Nordeste,Básico,2026-05-20,Tradicional
1192,27.0,6420.99,1632.25,13.8,118.24,2.5,35.6,Site,Sudeste,Básico,2024-10-31,Jovem digital
1193,39.0,17377.84,4476.41,3.4,1330.23,7.4,37.1,Aplicativo,Sul,VIP,2025-12-20,Alto valor
1194,48.0,26952.24,5956.07,4.5,1310.16,5.0,14.7,Loja física,Sudeste,Básico,2024-11-14,Alto valor
1195,48.0,13492.23,3870.56,5.3,735.8,7.2,38.2,Loja física,Centro-Oeste,Básico,2024-03-04,Alto valor
1196,30.0,6923.49,1652.03,13.5,122.19,4.1,44.0,Aplicativo,Nordeste,Premium,2022-01-26,Jovem digital
1197,22.0,2863.11,1362.25,14.7,92.78,7.6,65.8,Site,Sudeste,Básico,2022-05-30,Jovem digital
1198,56.0,7608.94,834.98,5.6,149.27,8.0,20.5,Aplicativo,Sudeste,Premium,2024-06-10,Tradicional
1199,30.0,4181.85,1492.67,10.1,148.13,7.0,38.8,Site,Sudeste,VIP,2024-04-22,Jovem digital
1200,43.0,5115.64,763.43,6.1,125.57,4.0,29.4,Marketplace,Norte,Básico,2024-04-19,Tradicional
1201,48.0,5672.58,971.37,2.8,344.02,8.6,24.0,Site,Sudeste,Premium,2025-11-14,Tradicional
1202,56.0,8473.45,825.57,4.3,191.91,6.5,29.5,Marketplace,Sul,VIP,2022-06-10,Tradicional
1203,59.0,13394.24,4592.48,6.7,681.89,8.6,26.6,Aplicativo,Sudeste,VIP,2025-01-06,Alto valor
1204,44.0,11048.89,1032.69,2.5,415.92,12.8,23.5,Loja física,Nordeste,Básico,2025-06-01,Tradicional
1205,37.0,4235.13,1104.0,10.3,106.77,9.1,52.0,Marketplace,Nordeste,Premium,2024-12-15,Jovem digital
1206,32.0,3385.32,1048.83,10.8,97.45,6.1,34.0,Loja física,Sudeste,Premium,2023-01-30,Jovem digital
1207,56.0,9191.4,740.22,4.9,149.75,16.6,39.4,Aplicativo,Nordeste,Básico,2023-11-11,Tradicional
1208,56.0,5824.21,358.63,3.0,119.12,7.1,15.9,Aplicativo,Sudeste,Premium,2022-04-02,Tradicional
1209,24.0,2794.87,1351.15,9.4,143.09,8.0,39.6,Aplicativo,Nordeste,Básico,2022-10-24,Jovem digital
1210,41.0,7231.96,795.9,3.7,215.22,3.9,16.4,Site,Sudeste,Básico,2025-09-04,Tradicional
1211,59.0,5854.77,516.36,5.7,90.72,9.1,21.6,Marketplace,Sul,Básico,2024-10-29,Tradicional
1212,60.0,12875.73,3987.05,10.1,394.72,6.6,36.1,Site,Sudeste,Premium,2025-12-17,Alto valor
1213,49.0,7949.48,1042.12,4.2,248.98,9.0,24.5,Aplicativo,Sul,Básico,2025-03-02,Tradicional
1214,23.0,5222.13,1496.27,10.0,149.26,5.4,35.7,Aplicativo,Sudeste,Básico,2023-02-07,Jovem digital
1215,25.0,4259.18,1285.56,8.3,154.64,4.8,43.2,Site,Sul,Básico,2025-09-21,Jovem digital
1216,44.0,5527.61,768.68,4.9,156.84,10.3,35.2,Site,Sudeste,Básico,2025-02-23,Tradicional
1217,24.0,4051.28,1741.76,8.5,205.25,4.1,32.7,Aplicativo,Sudeste,VIP,2022-11-17,Jovem digital
1218,52.0,7054.96,571.7,7.1,80.41,9.5,26.7,Loja física,Nordeste,Básico,2022-01-09,Tradicional
1219,24.0,5766.21,607.89,2.5,241.36,7.2,9.6,Aplicativo,Sul,Básico,2025-07-01,Tradicional
1220,28.0,5434.68,1402.73,8.2,172.02,2.5,43.2,Site,Sul,VIP,2025-04-20,Jovem digital
1221,27.0,4629.21,1655.16,9.7,170.63,4.0,25.9,Site,Sul,Básico,2022-05-31,Jovem digital
1222,26.0,6902.31,1652.17,9.0,183.09,5.8,34.9,Aplicativo,Sudeste,Básico,2024-02-17,Jovem digital
1223,49.0,13506.52,3910.46,9.3,422.08,9.8,42.4,Site,Centro-Oeste,Premium,2026-03-08,Alto valor
1224,23.0,2593.33,912.15,7.3,125.12,8.5,29.6,Loja física,Sudeste,Premium,2025-08-18,Tradicional
1225,36.0,4179.44,1096.99,7.8,141.21,6.4,22.9,Site,Norte,Básico,2025-09-28,Jovem digital
1226,49.0,10867.73,4880.62,11.3,432.02,7.7,36.8,Loja física,Centro-Oeste,Premium,2023-10-20,Alto valor
1227,48.0,6478.85,974.8,2.7,365.22,6.2,11.1,Site,Sudeste,Premium,2022-07-22,Tradicional
1228,45.0,5959.89,706.34,5.9,120.41,8.6,22.3,Aplicativo,Sudeste,Premium,2023-08-10,Tradicional
1229,50.0,9454.22,3490.31,10.2,343.06,7.8,50.5,Marketplace,Nordeste,Básico,2025-02-22,Alto valor
1230,33.0,3970.0,1093.76,10.7,102.61,5.8,38.9,Marketplace,Nordeste,Premium,2025-11-06,Jovem digital
1231,31.0,3286.59,1249.11,9.8,127.67,6.0,32.3,Aplicativo,Sudeste,Premium,2024-12-12,Jovem digital
1232,45.0,3896.09,783.73,4.6,170.95,9.2,25.6,Marketplace,Sudeste,Premium,2022-03-06,Tradicional
1233,25.0,3943.86,1379.19,11.4,120.92,4.2,44.6,Loja física,Sudeste,VIP,2024-09-14,Jovem digital
1234,36.0,6429.51,689.93,6.8,101.62,5.0,23.6,Aplicativo,Nordeste,Premium,2022-11-09,Tradicional
1235,25.0,2852.59,1425.86,13.4,106.78,6.5,55.1,Site,Nordeste,Premium,2024-10-16,Jovem digital
1236,23.0,4309.92,986.84,8.0,123.49,0.1,13.9,Aplicativo,Sudeste,Básico,2023-11-21,Jovem digital
1237,20.0,3115.49,1373.52,14.4,95.43,3.5,56.7,Site,Sul,Básico,2024-06-10,Jovem digital
1238,48.0,5057.7,600.0,6.4,94.23,5.6,25.7,Marketplace,Nordeste,Premium,2024-09-24,Tradicional
1239,27.0,4262.62,1922.97,16.8,114.33,8.5,60.3,Site,Norte,Básico,2024-12-02,Jovem digital
1240,24.0,5088.07,1460.98,16.3,89.38,4.4,48.7,Site,Sudeste,Premium,2022-01-09,Jovem digital
1241,43.0,13904.92,3724.24,7.2,519.72,6.4,19.3,Aplicativo,Sudeste,Premium,2026-06-04,Alto valor
1242,20.0,6222.63,1287.59,7.4,172.98,4.8,14.8,Site,Sudeste,Premium,2024-08-19,Jovem digital
1243,32.0,4164.65,942.31,8.6,110.19,5.0,25.6,Loja física,Sul,Básico,2024-04-27,Jovem digital
1244,26.0,3397.76,1061.85,11.5,92.23,4.7,44.9,Aplicativo,Sudeste,Premium,2023-09-25,Jovem digital
1245,31.0,4338.11,1759.93,11.5,153.38,6.5,34.5,Site,Sudeste,Premium,2022-06-24,Jovem digital
1246,25.0,3427.58,1207.84,9.6,125.42,4.5,21.9,Site,Nordeste,Básico,2024-11-19,Jovem digital
1247,43.0,5066.21,458.8,1.4,337.74,6.7,4.8,Loja física,Sul,Premium,2023-08-31,Tradicional
1248,29.0,4363.34,2039.2,14.0,145.67,3.6,43.3,Loja física,Sudeste,Básico,2026-02-25,Jovem digital
1249,54.0,23346.73,6320.15,9.5,662.94,6.4,33.5,Loja física,Sudeste,Premium,2025-01-05,Alto valor
1250,62.0,20336.62,4993.54,9.4,530.51,10.1,39.3,Site,Sudeste,Básico,2024-01-08,Alto valor
1251,27.0,3820.92,1313.15,12.6,104.61,6.4,53.6,Site,Sudeste,Premium,2022-02-23,Jovem digital
1252,26.0,2171.98,1470.26,15.3,96.05,2.3,58.7,Loja física,Sudeste,Básico,2024-07-16,Jovem digital
1253,29.0,6317.13,1936.92,11.8,164.83,7.8,60.6,Loja física,Sudeste,Básico,2025-11-14,Jovem digital
1254,34.0,13343.31,1304.59,7.0,187.53,8.3,17.9,Site,Sudeste,Básico,2024-02-13,Tradicional
1255,34.0,3027.89,1578.07,10.3,153.53,8.8,34.6,Loja física,Centro-Oeste,Básico,2024-12-23,Jovem digital
1256,36.0,17946.53,5575.21,9.1,615.07,7.5,41.8,Aplicativo,Centro-Oeste,VIP,2022-07-18,Alto valor
1257,31.0,10534.88,898.64,4.0,225.06,7.7,17.6,Aplicativo,Sudeste,Premium,2023-11-12,Tradicional
1258,40.0,10590.29,3056.77,8.8,347.08,12.4,48.2,Marketplace,Nordeste,Básico,2025-08-19,Alto valor
1259,50.0,5327.66,544.76,2.8,193.41,7.8,19.5,Aplicativo,Sudeste,Básico,2023-12-10,Tradicional
1260,51.0,13726.07,4259.73,8.1,527.95,6.3,44.3,Marketplace,Nordeste,Premium,2026-01-20,Alto valor
1261,32.0,3850.71,1220.11,8.4,145.43,2.9,36.9,Site,Centro-Oeste,Básico,2023-11-16,Jovem digital
1262,48.0,4193.7,474.06,3.4,139.56,12.3,33.4,Marketplace,Sul,Básico,2025-09-18,Tradicional
1263,26.0,3393.95,1098.28,12.8,86.02,9.7,46.6,Site,Sul,Básico,2024-12-12,Jovem digital
1264,38.0,13479.98,3208.76,7.6,419.52,4.9,28.1,Loja física,Sudeste,Premium,2026-05-04,Alto valor
1265,39.0,5763.18,757.46,4.3,176.48,5.5,17.1,Loja física,Sudeste,VIP,2024-06-10,Tradicional
1266,44.0,24069.8,5234.67,9.0,583.16,7.1,23.4,Site,Sul,Básico,2024-02-22,Alto valor
1267,27.0,4348.4,1478.18,14.0,105.31,8.6,64.2,Site,Sudeste,VIP,2023-08-15,Jovem digital
1268,54.0,15202.25,5069.38,11.0,461.56,6.1,46.2,Aplicativo,Nordeste,Premium,2024-12-26,Alto valor
1269,46.0,6008.15,784.0,5.9,132.61,3.4,19.1,Aplicativo,Sul,VIP,2026-06-27,Tradicional
1270,57.0,6654.83,695.43,4.3,162.87,14.4,40.5,Marketplace,Sudeste,Premium,2022-10-09,Tradicional
1271,41.0,17924.15,4882.39,6.4,767.67,8.1,23.7,Aplicativo,Sul,Premium,2026-04-15,Alto valor
1272,21.0,4352.33,1126.6,13.9,81.19,6.0,34.1,Loja física,Nordeste,Premium,2026-06-22,Jovem digital
1273,37.0,3728.5,1511.93,11.4,133.18,6.5,49.9,Site,Sul,Premium,2025-07-09,Jovem digital
1274,50.0,7056.63,1007.34,6.8,148.24,9.5,21.6,Aplicativo,Sul,Básico,2024-08-28,Tradicional
1275,36.0,4861.45,1971.41,15.9,123.9,3.3,50.1,Marketplace,Centro-Oeste,Premium,2025-12-13,Jovem digital
1276,18.0,8725.01,1998.69,9.6,208.98,2.7,33.6,Aplicativo,Sudeste,Premium,2023-03-14,Jovem digital
1277,27.0,5653.02,1543.03,9.3,166.3,6.0,38.1,Site,Sul,Básico,2024-11-25,Jovem digital
1278,26.0,6535.22,1865.01,12.1,154.18,0.4,43.5,Site,Sudeste,Básico,2025-09-08,Jovem digital
1279,34.0,14594.82,4260.17,8.8,482.95,5.9,38.1,Aplicativo,Sudeste,Básico,2025-09-08,Alto valor
1280,52.0,5824.25,981.91,5.1,192.99,7.9,29.1,Aplicativo,Norte,Básico,2024-09-07,Tradicional
1281,18.0,4953.54,1206.32,10.2,118.67,4.0,28.9,Loja física,Sudeste,Básico,2023-10-07,Jovem digital
1282,47.0,9393.68,1021.5,6.9,148.68,6.8,31.2,Aplicativo,Sudeste,Básico,2026-05-07,Tradicional
1283,51.0,8433.59,777.02,4.8,160.45,6.3,10.1,Loja física,Sudeste,Básico,2025-01-31,Tradicional
1284,39.0,8357.49,712.94,4.9,144.78,3.0,30.8,Site,Norte,Premium,2025-07-11,Tradicional
1285,37.0,19574.67,4844.58,6.9,701.46,7.3,18.3,Aplicativo,Centro-Oeste,Básico,2024-11-08,Alto valor
1286,58.0,9866.99,3273.31,7.9,413.83,8.7,31.4,Aplicativo,Sudeste,Básico,2026-01-06,Alto valor
1287,29.0,5942.02,1449.68,7.7,188.85,2.8,15.8,Aplicativo,Sul,Básico,2024-03-09,Jovem digital
1288,32.0,3986.44,1453.64,10.7,136.41,6.5,33.9,Loja física,Sudeste,Básico,2024-07-02,Jovem digital
1289,47.0,7740.82,739.45,6.0,123.03,7.4,27.1,Site,Nordeste,Básico,2025-09-06,Tradicional
1290,52.0,9224.26,698.46,5.3,130.92,7.7,21.0,Aplicativo,Sul,VIP,2024-05-14,Tradicional
1291,43.0,6890.36,666.43,2.9,226.7,2.7,21.2,Site,Sudeste,Básico,2023-02-14,Tradicional
1292,33.0,7798.96,591.14,5.3,111.56,8.0,27.3,Site,Sul,Básico,2025-06-20,Tradicional
1293,47.0,6390.74,767.84,5.9,129.49,5.3,20.4,Site,Centro-Oeste,Premium,2023-09-20,Tradicional
1294,23.0,3384.64,1252.46,9.7,129.73,5.4,34.4,Aplicativo,Sudeste,Premium,2022-06-25,Jovem digital
1295,28.0,3981.6,1237.43,9.9,124.47,4.0,44.3,Aplicativo,Sudeste,Básico,2023-09-16,Jovem digital
1296,40.0,3384.75,1969.76,9.6,205.07,6.4,43.7,Aplicativo,Norte,Básico,2022-04-01,Jovem digital
1297,29.0,2853.91,1230.04,13.1,93.85,8.6,40.6,Loja física,Sudeste,Premium,2026-01-08,Jovem digital
1298,32.0,3959.09,1664.28,9.9,168.1,7.5,33.3,Loja física,Sul,Básico,2026-07-03,Jovem digital
1299,49.0,8703.27,878.91,5.8,151.99,10.9,34.3,Aplicativo,Sul,Básico,2023-03-22,Tradicional
1300,30.0,5892.41,1954.65,11.3,172.42,6.9,45.1,Aplicativo,Sudeste,VIP,2026-03-13,Jovem digital
1301,31.0,4456.84,1492.61,11.6,128.36,7.2,35.1,Loja física,Sudeste,VIP,2025-04-04,Jovem digital
1302,34.0,6326.71,735.99,5.4,136.34,2.5,25.2,Aplicativo,Sudeste,Premium,2026-05-17,Tradicional
1303,47.0,6541.68,986.82,6.4,154.37,7.4,20.9,Site,Sudeste,Básico,2022-09-30,Tradicional
1304,28.0,2864.13,1553.91,15.5,100.4,5.3,63.2,Site,Sul,Premium,2022-04-15,Jovem digital
1305,48.0,13442.8,4483.8,7.0,638.43,11.1,38.7,Aplicativo,Centro-Oeste,VIP,2026-03-19,Alto valor
1306,59.0,17292.21,4728.78,7.8,607.42,8.4,24.4,Site,Sudeste,VIP,2023-03-27,Alto valor
1307,45.0,6139.45,730.65,5.6,130.27,8.5,22.7,Aplicativo,Nordeste,Básico,2024-09-24,Tradicional
1308,46.0,6910.68,762.48,6.1,125.3,8.5,24.1,Site,Sudeste,Básico,2026-02-16,Tradicional
1309,31.0,3258.66,1116.29,9.6,116.66,8.8,40.6,Aplicativo,Sudeste,Básico,2023-07-28,Jovem digital
1310,41.0,20760.71,4466.4,6.1,736.8,7.2,25.2,Site,Sul,Premium,2022-05-30,Alto valor
1311,33.0,3579.85,1098.17,10.5,104.29,8.4,32.5,Site,Sudeste,Básico,2025-08-16,Jovem digital
1312,55.0,19668.25,5234.69,9.5,552.31,5.2,23.5,Aplicativo,Sul,Básico,2024-01-25,Alto valor
1313,45.0,5553.84,916.63,3.5,259.44,4.1,20.0,Site,Sudeste,Básico,2022-02-07,Tradicional
1314,31.0,3458.93,1282.16,11.1,115.51,0.9,36.7,Loja física,Nordeste,Básico,2023-07-25,Jovem digital
1315,21.0,4414.2,1141.06,10.0,114.55,6.9,39.0,Marketplace,Centro-Oeste,VIP,2024-06-05,Jovem digital
1316,32.0,4066.01,623.23,4.3,143.88,7.9,24.7,Aplicativo,Sudeste,Básico,2026-01-11,Tradicional
1317,37.0,7901.27,978.1,4.9,200.35,9.0,20.5,Aplicativo,Centro-Oeste,Básico,2023-01-14,Tradicional
1318,26.0,3369.25,1075.3,11.3,95.28,4.1,40.2,Aplicativo,Sudeste,Premium,2024-05-16,Jovem digital
1319,48.0,4906.97,728.34,6.7,109.48,7.0,48.7,Marketplace,Sudeste,Premium,2022-10-31,Tradicional
1320,56.0,10473.11,3473.28,6.6,522.73,9.0,40.1,Site,Sudeste,Premium,2023-05-01,Alto valor
1321,53.0,10716.5,1368.55,5.1,269.69,12.2,27.6,Aplicativo,Nordeste,Premium,2023-03-18,Tradicional
1322,42.0,9037.95,941.41,3.3,284.92,11.4,19.4,Loja física,Nordeste,Básico,2024-05-26,Tradicional
1323,18.0,3068.04,1097.54,12.2,90.21,6.5,21.4,Aplicativo,Norte,Básico,2025-01-14,Jovem digital
1324,52.0,20047.75,4340.84,7.0,620.35,9.5,40.9,Site,Nordeste,Básico,2022-07-08,Alto valor
1325,25.0,3204.82,1327.4,10.7,123.51,8.5,48.8,Site,Sudeste,Premium,2022-05-07,Jovem digital
1326,47.0,25632.09,6192.69,6.6,943.84,7.5,24.4,Site,Centro-Oeste,VIP,2025-05-07,Alto valor
1327,22.0,4286.46,1849.07,14.0,132.48,4.2,35.5,Loja física,Norte,Básico,2023-05-07,Jovem digital
1328,41.0,7677.72,804.2,5.8,139.66,7.1,16.5,Aplicativo,Nordeste,Premium,2024-10-30,Tradicional
1329,30.0,7075.11,1832.26,12.2,150.44,3.9,44.7,Site,Sul,Premium,2022-05-09,Jovem digital
1330,30.0,2789.91,1139.29,12.2,93.76,5.7,42.6,Site,Nordeste,VIP,2024-10-01,Jovem digital
1331,39.0,12433.38,975.09,4.5,214.58,4.6,24.7,Aplicativo,Sudeste,Básico,2026-03-01,Tradicional
1332,53.0,4891.5,902.62,4.2,215.18,11.2,26.8,Marketplace,Centro-Oeste,Básico,2024-01-03,Tradicional
1333,44.0,4068.7,641.48,6.0,107.29,9.1,36.6,Loja física,Norte,Premium,2024-08-24,Tradicional
1334,60.0,12355.12,4763.6,10.1,471.53,13.0,48.8,Marketplace,Nordeste,Premium,2023-05-07,Alto valor
1335,43.0,14100.67,3694.79,8.8,420.95,3.9,37.7,Loja física,Sudeste,Premium,2023-04-24,Alto valor
1336,51.0,13958.32,3941.86,7.5,524.89,13.0,21.4,Aplicativo,Sudeste,Premium,2022-04-20,Alto valor
1337,27.0,4397.21,1197.33,9.5,126.0,2.2,21.2,Site,Norte,Básico,2024-03-11,Jovem digital
1338,43.0,6413.31,820.49,4.2,194.89,4.9,15.6,Site,Centro-Oeste,Premium,2026-05-03,Tradicional
1339,36.0,11873.4,3214.17,7.4,432.0,5.4,37.5,Aplicativo,Nordeste,Básico,2022-07-14,Alto valor
1340,35.0,4222.24,1325.19,11.4,115.82,9.7,61.0,Site,Norte,Básico,2023-11-28,Jovem digital
1341,27.0,2988.63,1070.35,10.6,101.21,6.2,37.9,Aplicativo,Sul,Básico,2025-10-31,Jovem digital
1342,47.0,6611.94,3282.4,5.7,571.45,7.6,21.4,Aplicativo,Centro-Oeste,Básico,2024-04-09,Alto valor
1343,51.0,9655.37,1209.59,7.5,161.32,6.8,15.0,Loja física,Sudeste,Básico,2025-06-25,Tradicional
1344,40.0,4761.81,811.41,7.1,114.86,4.2,33.1,Aplicativo,Sudeste,Premium,2023-09-21,Tradicional
1345,66.0,13346.03,4245.39,11.9,355.39,13.1,47.1,Site,Sul,Premium,2024-10-04,Alto valor
1346,55.0,10813.66,869.59,3.2,275.3,10.9,46.2,Loja física,Sudeste,Básico,2026-07-10,Tradicional
1347,36.0,4494.34,710.83,6.2,114.64,9.9,24.6,Site,Sudeste,Básico,2024-09-26,Tradicional
1348,27.0,4907.83,1438.89,6.4,226.36,6.7,43.9,Aplicativo,Nordeste,Básico,2025-08-24,Jovem digital
1349,41.0,7625.69,1161.43,6.1,189.86,1.4,26.0,Site,Sudeste,Básico,2025-03-05,Tradicional
1350,26.0,2317.45,1303.83,11.1,117.01,2.8,28.6,Loja física,Nordeste,Básico,2022-06-10,Jovem digital
1351,42.0,15724.93,3555.08,7.3,488.47,8.6,34.0,Loja física,Sudeste,Premium,2022-09-26,Alto valor
1352,54.0,12524.14,3461.06,7.2,481.56,8.1,37.4,Aplicativo,Centro-Oeste,VIP,2024-10-13,Alto valor
1353,33.0,4152.16,1313.09,11.2,117.26,5.2,38.0,Aplicativo,Sudeste,Básico,2023-08-06,Jovem digital
1354,29.0,6128.15,1811.64,12.6,143.56,3.5,48.7,Site,Nordeste,Premium,2024-03-21,Jovem digital
1355,53.0,9644.35,3041.66,6.2,486.84,11.1,38.6,Aplicativo,Sul,Premium,2024-03-19,Alto valor
1356,23.0,3117.45,713.93,6.3,112.97,6.4,31.4,Loja física,Sudeste,Básico,2025-08-19,Jovem digital
1357,42.0,6366.02,745.1,3.6,208.57,8.7,21.0,Loja física,Sudeste,Básico,2026-07-15,Tradicional
1358,41.0,9015.76,1053.11,4.7,223.64,5.9,11.8,Loja física,Sudeste,Básico,2026-07-26,Tradicional
1359,46.0,4268.15,449.99,4.8,93.03,8.4,24.0,Marketplace,Sudeste,Básico,2022-05-14,Tradicional
1360,26.0,3409.1,1104.48,12.0,92.39,2.6,40.4,Site,Sudeste,VIP,2025-05-29,Jovem digital
1361,44.0,7717.78,805.44,6.6,121.42,7.5,13.9,Marketplace,Sudeste,Básico,2025-04-27,Tradicional
1362,27.0,4422.24,1344.29,14.9,90.42,0.1,46.1,Site,Nordeste,Básico,2025-12-17,Jovem digital
1363,37.0,15076.56,911.71,4.5,202.22,3.3,16.7,Aplicativo,Sudeste,Básico,2023-12-15,Tradicional
1364,24.0,1934.41,1437.05,11.6,123.86,4.6,30.0,Loja física,Sudeste,Básico,2024-04-20,Jovem digital
1365,37.0,5643.95,515.19,6.7,77.33,12.4,32.2,Loja física,Sudeste,VIP,2024-01-26,Tradicional
1366,33.0,6070.05,665.02,3.6,182.41,2.4,11.3,Marketplace,Sul,Básico,2023-09-17,Tradicional
1367,21.0,4459.75,1518.35,10.6,142.88,2.1,49.9,Aplicativo,Sul,Premium,2023-02-17,Jovem digital
1368,28.0,4450.24,1294.36,7.4,175.29,6.4,31.5,Aplicativo,Nordeste,Básico,2024-12-11,Jovem digital
1369,25.0,4008.58,1397.75,13.6,102.62,9.6,60.7,Loja física,Sul,Básico,2022-01-28,Jovem digital
1370,34.0,6293.63,1475.08,12.9,114.51,7.0,46.1,Aplicativo,Sul,Básico,2025-06-07,Jovem digital
1371,18.0,5681.18,1373.65,11.3,121.79,6.3,26.4,Site,Sudeste,VIP,2025-11-08,Jovem digital
1372,57.0,11385.62,3730.73,7.2,521.66,8.6,37.1,Site,Sudeste,Básico,2023-01-16,Alto valor
1373,35.0,6289.98,917.17,7.0,131.77,5.5,22.3,Aplicativo,Nordeste,Premium,2022-12-24,Tradicional
1374,58.0,21559.21,4064.05,8.0,507.03,9.6,32.9,Aplicativo,Sudeste,Básico,2024-04-21,Alto valor
1375,41.0,19150.28,4264.47,4.9,870.39,5.9,13.4,Loja física,Centro-Oeste,Premium,2025-11-16,Alto valor
1376,29.0,6338.01,1337.03,9.6,139.82,7.6,38.4,Aplicativo,Sul,Premium,2022-07-10,Jovem digital
1377,44.0,7221.6,1018.56,4.7,215.69,4.0,27.5,Loja física,Sul,Premium,2023-12-24,Tradicional
1378,43.0,15588.0,4136.04,8.9,465.22,9.8,45.8,Loja física,Sul,Básico,2022-12-28,Alto valor
1379,51.0,6797.06,917.67,6.4,142.94,8.7,42.4,Site,Centro-Oeste,Básico,2025-11-25,Tradicional
1380,47.0,5376.75,910.02,3.9,235.48,7.6,34.6,Site,Sudeste,VIP,2026-01-14,Tradicional
1381,49.0,4782.26,295.39,5.3,55.47,4.6,5.1,Aplicativo,Sudeste,Premium,2022-05-21,Tradicional
1382,24.0,5496.83,1510.35,10.7,141.32,3.1,26.3,Loja física,Centro-Oeste,Básico,2022-08-30,Jovem digital
1383,20.0,5778.4,873.96,5.6,155.82,7.6,11.5,Aplicativo,Sul,Básico,2022-09-20,Tradicional
1384,56.0,14023.97,3347.7,7.7,436.54,8.7,38.5,Aplicativo,Sudeste,Básico,2025-09-18,Alto valor
1385,48.0,10017.63,2487.78,4.3,577.98,8.8,18.0,Marketplace,Sudeste,Básico,2026-02-14,Alto valor
1386,35.0,3893.57,1299.25,11.5,112.49,4.6,36.3,Aplicativo,Sudeste,Básico,2023-09-15,Jovem digital
1387,30.0,8607.52,642.6,1.1,589.52,6.0,8.7,Aplicativo,Nordeste,Básico,2022-09-21,Tradicional
1388,27.0,4479.99,901.0,9.2,98.11,2.6,33.7,Marketplace,Sudeste,Básico,2025-01-14,Jovem digital
1389,43.0,11804.11,3917.06,6.5,606.94,7.9,17.0,Aplicativo,Sudeste,Premium,2026-01-28,Alto valor
1390,21.0,4569.29,1667.57,11.4,146.33,5.9,31.2,Aplicativo,Sudeste,VIP,2026-03-03,Jovem digital
1391,48.0,19321.38,4935.79,7.7,644.73,9.0,33.8,Site,Norte,Premium,2024-01-15,Alto valor
1392,38.0,6448.2,3124.32,8.8,356.86,5.0,41.9,Loja física,Sul,Básico,2025-07-29,Alto valor
1393,29.0,3625.9,1495.98,14.7,101.6,5.2,50.3,Marketplace,Sul,Premium,2026-05-18,Jovem digital
1394,29.0,4960.88,1671.42,15.3,109.27,7.2,48.2,Loja física,Centro-Oeste,Básico,2025-10-12,Jovem digital
1395,44.0,9287.26,3804.24,11.1,342.58,7.3,24.9,Marketplace,Sudeste,Premium,2024-03-04,Alto valor
1396,29.0,10051.9,1635.46,11.8,138.45,5.4,49.5,Aplicativo,Nordeste,Básico,2023-03-13,Jovem digital
1397,42.0,4851.89,607.32,4.3,141.65,12.0,21.3,Site,Nordeste,Básico,2023-09-14,Tradicional
1398,45.0,9604.19,3805.46,11.2,340.23,5.7,31.2,Aplicativo,Sul,Premium,2023-08-28,Alto valor
1399,42.0,8158.77,981.51,5.8,167.84,10.0,15.9,Marketplace,Nordeste,Básico,2026-07-10,Tradicional
1400,30.0,4360.5,1688.44,12.7,133.2,3.5,30.7,Marketplace,Norte,Premium,2025-05-10,Jovem digital
1401,45.0,6084.13,817.57,7.8,105.43,9.4,26.9,Aplicativo,Sudeste,Premium,2025-12-06,Tradicional
1402,29.0,4716.08,1165.51,9.5,122.99,7.6,35.6,Loja física,Sudeste,Básico,2025-07-23,Jovem digital
1403,47.0,12814.03,3188.14,5.1,627.13,6.9,13.9,Site,Nordeste,Básico,2024-03-07,Alto valor
1404,28.0,5986.75,1062.13,12.4,85.75,3.1,42.4,Aplicativo,Sudeste,Premium,2025-08-13,Jovem digital
1405,30.0,3592.33,1422.9,12.1,117.28,1.6,36.3,Site,Sul,Premium,2024-12-06,Jovem digital
1406,26.0,4081.48,1683.64,10.9,153.84,4.2,55.7,Marketplace,Sudeste,Premium,2025-05-22,Jovem digital
1407,49.0,21230.14,5571.47,9.9,563.92,9.6,27.5,Aplicativo,Centro-Oeste,Básico,2023-05-19,Alto valor
1408,18.0,5741.62,1607.38,9.9,163.1,2.2,33.5,Aplicativo,Nordeste,Premium,2023-01-23,Jovem digital
1409,42.0,10265.89,3424.05,12.0,286.46,7.8,46.6,Marketplace,Norte,Básico,2022-10-29,Alto valor
1410,53.0,6735.07,773.33,4.2,182.23,5.5,11.1,Site,Sul,Básico,2023-04-29,Tradicional
1411,40.0,14934.12,3703.97,5.8,634.84,6.7,26.4,Site,Norte,Premium,2026-06-25,Alto valor
1412,55.0,16271.11,4377.76,5.0,869.35,6.5,29.1,Loja física,Sul,Básico,2026-04-25,Alto valor
1413,49.0,12610.77,3860.64,9.5,406.67,8.2,39.1,Site,Sul,Básico,2022-09-02,Alto valor
1414,41.0,27095.0,5903.82,8.0,741.18,6.2,42.5,Aplicativo,Nordeste,Básico,2024-07-15,Alto valor
1415,25.0,5844.35,1107.36,9.7,114.3,2.8,15.0,Aplicativo,Sul,Premium,2026-04-22,Jovem digital
1416,44.0,22933.94,5388.4,9.7,557.56,6.3,29.8,Loja física,Sul,VIP,2025-06-15,Alto valor
1417,55.0,8135.07,840.97,4.5,186.05,6.9,33.7,Site,Sudeste,VIP,2024-10-20,Tradicional
1418,47.0,5064.4,779.44,5.0,155.64,5.1,28.4,Loja física,Sudeste,Básico,2024-09-28,Tradicional
1419,37.0,14118.24,4393.69,7.4,594.23,9.5,37.8,Loja física,Nordeste,Básico,2023-06-30,Alto valor
1420,36.0,13276.14,4197.47,7.0,596.53,6.0,38.2,Aplicativo,Sudeste,Premium,2026-03-26,Alto valor
1421,44.0,11140.98,1037.55,6.2,167.56,2.7,6.5,Loja física,Nordeste,Básico,2022-05-19,Tradicional
1422,46.0,5844.97,596.29,6.5,91.08,6.6,33.9,Loja física,Sudeste,Básico,2025-12-23,Tradicional
1423,37.0,7452.2,557.8,7.2,77.4,9.1,41.0,Marketplace,Sudeste,Básico,2025-12-27,Tradicional
1424,34.0,4038.39,421.56,6.3,67.02,4.8,19.4,Aplicativo,Nordeste,Premium,2023-03-14,Jovem digital
1425,19.0,4176.89,1527.75,10.8,141.0,8.3,63.5,Aplicativo,Sudeste,Premium,2024-05-06,Jovem digital
1426,24.0,3079.7,1251.64,10.0,125.58,3.4,35.6,Loja física,Norte,Básico,2026-01-19,Jovem digital
1427,28.0,3367.32,1344.16,13.3,101.42,7.0,30.7,Marketplace,Norte,Básico,2024-03-03,Jovem digital
1428,23.0,3608.22,1499.1,13.7,109.53,7.6,53.2,Marketplace,Sudeste,Premium,2023-05-17,Jovem digital
1429,38.0,8581.72,1128.3,8.9,127.39,8.1,30.6,Site,Sudeste,Premium,2022-04-28,Tradicional
1430,54.0,8869.56,888.56,3.9,227.26,5.8,28.0,Site,Sudeste,Básico,2024-01-08,Tradicional
1431,40.0,14047.84,3668.12,6.7,543.62,5.1,30.8,Aplicativo,Nordeste,Básico,2023-04-10,Alto valor
1432,38.0,5963.59,794.6,6.0,133.37,9.8,24.8,Loja física,Sudeste,VIP,2025-11-24,Tradicional
1433,18.0,3408.15,1144.44,7.2,158.92,2.8,37.0,Loja física,Centro-Oeste,Premium,2025-12-10,Jovem digital
1434,30.0,4512.8,1352.38,9.0,149.74,8.3,44.6,Loja física,Norte,Premium,2023-06-26,Jovem digital
1435,25.0,3053.78,1609.83,12.9,125.23,4.5,37.3,Aplicativo,Sudeste,Premium,2022-12-18,Jovem digital
1436,56.0,12346.57,3769.33,10.4,363.88,9.5,41.3,Marketplace,Nordeste,VIP,2023-05-02,Alto valor
1437,30.0,3640.16,787.16,10.4,75.4,2.9,39.0,Aplicativo,Sul,Básico,2023-11-03,Jovem digital
1438,42.0,6680.07,1095.3,4.3,257.0,6.1,17.2,Site,Sul,Básico,2025-01-22,Tradicional
1439,41.0,12524.72,3305.94,6.2,534.05,5.4,22.4,Site,Sudeste,Básico,2022-09-12,Alto valor
1440,56.0,24071.3,5011.17,6.6,759.45,9.8,31.8,Site,Nordeste,Premium,2026-07-30,Alto valor
1441,21.0,6054.76,1708.23,13.8,123.76,5.3,39.2,Loja física,Sudeste,Básico,2025-03-16,Jovem digital
1442,20.0,2913.1,1446.63,11.4,126.6,6.0,23.6,Site,Centro-Oeste,Básico,2022-08-08,Jovem digital
1443,18.0,3838.64,1587.21,15.0,105.49,3.5,51.3,Aplicativo,Sudeste,Básico,2023-06-11,Jovem digital
1444,34.0,5037.03,1227.38,8.3,148.07,4.5,14.3,Aplicativo,Sul,Premium,2025-03-18,Jovem digital
1445,26.0,3216.78,1496.23,8.6,174.48,6.1,25.1,Site,Centro-Oeste,Premium,2024-04-22,Jovem digital
1446,36.0,8982.99,899.09,4.2,213.34,4.5,3.8,Loja física,Nordeste,Básico,2024-05-31,Tradicional
1447,53.0,12385.31,2941.84,9.1,322.01,11.3,27.8,Site,Sul,Básico,2022-03-11,Alto valor
1448,48.0,3099.51,750.86,4.6,163.53,7.9,26.7,Site,Sudeste,Premium,2023-11-18,Tradicional
1449,49.0,4402.97,468.46,2.9,161.84,7.6,16.1,Aplicativo,Sul,Básico,2024-10-24,Tradicional
1450,28.0,2377.72,1321.58,11.0,120.51,6.9,39.1,Loja física,Sudeste,Premium,2025-06-07,Jovem digital
1451,47.0,17745.87,4347.36,8.4,514.64,8.0,24.4,Site,Norte,Básico,2024-01-18,Alto valor
1452,29.0,6765.43,635.8,3.3,193.58,2.1,7.1,Site,Sudeste,VIP,2024-07-16,Tradicional
1453,52.0,23608.27,5662.2,7.9,714.57,6.3,34.4,Site,Sudeste,Básico,2023-01-07,Alto valor
1454,39.0,16226.05,4853.88,7.9,615.96,9.6,34.7,Aplicativo,Nordeste,Premium,2025-08-26,Alto valor
1455,24.0,3925.23,1530.83,13.6,112.17,5.6,54.3,Aplicativo,Sudeste,Básico,2025-03-12,Jovem digital
1456,21.0,8580.93,1561.97,8.3,188.11,1.2,34.1,Aplicativo,Centro-Oeste,Básico,2025-05-28,Jovem digital
1457,29.0,4526.81,1355.66,10.5,128.8,6.8,37.7,Loja física,Sudeste,Premium,2025-01-21,Jovem digital
1458,42.0,4650.72,835.36,8.9,94.17,6.3,19.3,Aplicativo,Sudeste,Premium,2026-07-06,Tradicional
1459,53.0,13476.69,3618.51,7.3,496.33,6.9,24.1,Aplicativo,Sul,Premium,2026-01-11,Alto valor
1460,19.0,4015.29,1577.82,10.0,158.06,2.2,31.8,Marketplace,Sul,Premium,2025-09-17,Jovem digital
1461,34.0,5466.61,932.55,3.4,275.67,8.9,14.7,Site,Centro-Oeste,Premium,2023-07-15,Tradicional
1462,37.0,7694.39,920.47,6.7,136.44,2.4,14.7,Site,Sudeste,Premium,2022-04-22,Tradicional
1463,20.0,2866.59,1156.71,13.1,87.97,3.0,43.6,Site,Sudeste,Básico,2022-01-02,Jovem digital
1464,29.0,4336.65,1576.96,11.9,132.04,6.3,62.8,Aplicativo,Sudeste,VIP,2025-07-27,Jovem digital
1465,37.0,4850.8,656.42,6.3,104.41,10.5,27.6,Aplicativo,Sudeste,Básico,2026-02-12,Tradicional
1466,22.0,7896.57,879.46,3.1,280.55,6.4,17.1,Loja física,Sul,Básico,2024-12-22,Tradicional
1467,55.0,6532.77,912.64,6.8,134.36,7.2,18.5,Site,Sudeste,Premium,2025-04-20,Tradicional
1468,35.0,3119.57,1461.33,11.0,133.1,10.2,55.1,Loja física,Sul,Básico,2022-05-31,Jovem digital
1469,42.0,9184.05,1287.61,4.2,304.95,4.5,25.0,Marketplace,Centro-Oeste,Básico,2024-08-03,Tradicional
1470,38.0,4545.17,1780.58,12.4,143.81,7.6,52.7,Aplicativo,Sudeste,Básico,2024-10-09,Jovem digital
1471,41.0,9857.28,3758.3,10.5,357.5,8.5,52.6,Loja física,Nordeste,Básico,2022-09-19,Alto valor
1472,26.0,4213.1,972.39,5.0,193.13,3.6,16.0,Aplicativo,Sudeste,Premium,2025-06-09,Jovem digital
1473,23.0,5431.12,1788.05,13.5,132.57,6.9,46.3,Site,Nordeste,Básico,2023-07-15,Jovem digital
1474,47.0,4147.88,834.27,6.1,137.6,7.0,40.2,Loja física,Sudeste,Básico,2022-11-26,Tradicional
1475,54.0,12271.32,912.9,2.0,467.34,10.6,23.6,Aplicativo,Sul,Básico,2025-03-09,Tradicional
1476,38.0,6845.25,780.44,5.0,155.34,2.8,0.7,Marketplace,Sudeste,Básico,2023-12-29,Tradicional
1477,52.0,4671.02,433.21,3.1,138.59,9.5,24.5,Site,Sudeste,Básico,2024-06-15,Tradicional
1478,46.0,10123.92,3313.43,7.9,419.27,7.1,27.6,Site,Sudeste,Básico,2024-06-26,Alto valor
1479,38.0,8448.02,1096.1,4.9,224.02,9.7,33.5,Aplicativo,Sudeste,Premium,2024-11-07,Tradicional
1480,42.0,6452.99,753.06,4.0,188.88,7.5,24.2,Site,Centro-Oeste,Premium,2023-11-22,Tradicional
1481,50.0,5745.41,656.69,5.9,110.68,11.3,17.5,Site,Sudeste,Básico,2025-09-24,Tradicional
1482,31.0,3570.52,1502.45,13.1,114.44,7.4,50.4,Aplicativo,Norte,Básico,2026-01-04,Jovem digital
1483,56.0,4597.82,467.39,2.3,199.49,8.9,19.4,Site,Sul,Básico,2024-03-19,Tradicional
1484,20.0,2851.71,1393.22,12.6,110.98,6.7,48.6,Aplicativo,Sudeste,Básico,2022-10-10,Jovem digital
1485,40.0,5787.58,1012.01,3.9,257.84,9.1,27.4,Marketplace,Sudeste,Básico,2023-04-12,Tradicional
1486,23.0,2900.51,1378.93,13.0,106.15,6.4,58.6,Aplicativo,Sudeste,VIP,2025-07-14,Jovem digital
1487,63.0,12675.42,4454.42,9.7,459.6,4.8,38.2,Site,Nordeste,Premium,2023-03-06,Alto valor
1488,40.0,5201.39,894.61,6.3,141.23,5.0,25.2,Loja física,Sudeste,Básico,2025-07-24,Tradicional
1489,39.0,10453.65,3157.96,2.9,1078.85,10.4,30.4,Loja física,Centro-Oeste,Básico,2025-01-12,Alto valor
1490,42.0,6191.37,450.86,2.0,230.57,4.6,29.4,Marketplace,Sudeste,Premium,2024-01-20,Tradicional
1491,25.0,3479.31,1490.86,11.3,132.0,7.5,50.2,Marketplace,Sudeste,VIP,2022-07-31,Jovem digital
1492,65.0,14904.23,3987.53,10.2,389.76,11.9,46.6,Aplicativo,Sudeste,Básico,2024-06-21,Alto valor
1493,31.0,5848.07,639.87,2.1,301.24,4.5,15.2,Site,Nordeste,Premium,2025-03-04,Tradicional
1494,44.0,8025.98,3223.92,11.5,281.02,3.1,40.2,Loja física,Sul,Básico,2022-09-14,Alto valor
1495,31.0,8510.1,1050.27,3.7,284.74,4.9,17.1,Aplicativo,Centro-Oeste,Premium,2025-10-11,Tradicional
1496,38.0,5526.38,883.66,5.6,157.22,11.9,48.4,Loja física,Sudeste,Básico,2022-11-23,Tradicional
1497,54.0,14575.37,4518.13,9.1,498.84,7.0,29.6,Aplicativo,Sudeste,Premium,2023-11-21,Alto valor
1498,46.0,6227.69,778.31,2.4,324.5,6.1,23.8,Marketplace,Nordeste,Básico,2024-06-07,Tradicional
1499,27.0,3740.7,1257.77,14.2,88.61,3.5,45.7,Loja física,Sul,Básico,2025-05-20,Jovem digital
1500,57.0,6456.71,754.73,5.6,135.46,12.2,19.5,Site,Nordeste,Premium,2023-01-11,Tradicional
1501,31.0,6233.38,936.67,5.6,167.19,5.6,22.0,Site,Sudeste,Premium,2023-07-16,Tradicional
1502,48.0,7436.78,3579.76,4.9,728.09,6.8,18.5,Marketplace,Nordeste,Premium,2025-09-10,Alto valor
1503,22.0,6262.99,1374.11,8.7,158.59,8.3,40.6,Loja física,Sudeste,Básico,2023-07-06,Jovem digital
1504,49.0,5082.2,867.12,7.9,110.24,9.7,36.0,Loja física,Norte,Premium,2024-10-27,Tradicional
1505,52.0,13768.95,4800.72,9.3,515.24,6.7,27.8,Loja física,Sudeste,Básico,2023-10-28,Alto valor
1506,43.0,10921.31,1133.67,3.9,290.75,4.8,29.3,Aplicativo,Nordeste,Premium,2022-04-05,Tradicional
1507,48.0,4717.26,723.09,5.4,134.28,10.9,38.0,Aplicativo,Sudeste,Básico,2024-05-10,Tradicional
1508,37.0,7236.97,841.82,5.3,159.94,7.0,36.9,Aplicativo,Nordeste,Básico,2023-08-22,Tradicional
1509,27.0,4095.47,1363.65,10.1,135.27,2.1,34.7,Loja física,Centro-Oeste,Básico,2023-03-19,Jovem digital
1510,39.0,14423.3,1018.87,2.5,413.64,3.1,10.8,Site,Centro-Oeste,VIP,2025-12-06,Tradicional
1511,24.0,7436.67,1539.11,7.7,199.89,2.9,32.2,Aplicativo,Sul,Premium,2025-07-18,Jovem digital
1512,28.0,4611.22,1902.29,14.1,135.0,3.0,41.3,Marketplace,Sudeste,Básico,2023-04-09,Jovem digital
1513,40.0,6889.56,690.77,1.6,420.02,2.6,9.1,Aplicativo,Nordeste,Premium,2024-05-25,Tradicional
1514,38.0,6146.53,719.42,2.0,365.87,4.5,9.9,Loja física,Sul,Básico,2025-04-18,Tradicional
1515,37.0,15728.92,3587.17,5.5,646.69,4.8,10.8,Site,Sul,Básico,2022-03-31,Alto valor
1516,33.0,4951.55,1991.01,13.9,143.52,5.4,49.1,Site,Sudeste,Básico,2022-06-06,Jovem digital
1517,23.0,6390.4,1502.23,7.3,204.77,9.2,29.5,Aplicativo,Sudeste,Premium,2024-06-21,Jovem digital
1518,46.0,11137.9,4111.1,9.2,445.46,7.4,34.6,Loja física,Sudeste,VIP,2026-04-05,Alto valor
1519,32.0,4460.43,1559.19,11.3,137.62,5.9,44.0,Loja física,Nordeste,VIP,2026-03-31,Jovem digital
1520,29.0,4887.42,1674.56,11.5,145.49,7.1,53.2,Aplicativo,Sudeste,Básico,2024-01-22,Jovem digital
1521,19.0,4048.43,1224.87,7.5,162.44,4.2,20.9,Site,Sudeste,Básico,2025-03-23,Jovem digital
1522,57.0,5638.27,901.58,5.2,172.42,10.3,25.3,Site,Centro-Oeste,Premium,2024-04-01,Tradicional
1523,35.0,12692.04,2560.35,8.7,293.31,7.3,28.8,Site,Sul,Básico,2026-02-21,Alto valor
1524,36.0,9043.62,1091.02,6.8,160.32,7.1,22.3,Site,Centro-Oeste,Premium,2024-08-10,Tradicional
1525,51.0,6933.28,814.5,6.0,135.76,15.0,31.2,Site,Sudeste,VIP,2026-01-30,Tradicional
1526,28.0,3518.45,1886.54,14.2,133.24,7.9,50.4,Loja física,Sudeste,Básico,2023-08-31,Jovem digital
1527,34.0,3746.47,1490.66,8.6,173.02,4.1,35.4,Loja física,Sul,Básico,2026-04-06,Jovem digital
1528,48.0,7173.38,864.83,3.9,224.08,9.2,25.1,Aplicativo,Sudeste,Premium,2025-04-27,Tradicional
1529,22.0,5015.95,2049.17,14.4,141.84,3.3,38.8,Loja física,Nordeste,Premium,2025-07-07,Jovem digital
1530,31.0,2852.28,1795.98,11.5,156.26,7.2,53.5,Aplicativo,Sudeste,VIP,2022-01-25,Jovem digital
1531,23.0,4130.98,1760.95,14.5,121.16,2.1,53.6,Marketplace,Sul,Premium,2025-09-10,Jovem digital
1532,39.0,3420.82,1447.14,8.5,169.74,4.7,24.0,Site,Sudeste,Básico,2022-09-29,Jovem digital
1533,34.0,6127.41,963.17,4.9,197.3,7.4,33.3,Aplicativo,Sul,Premium,2026-04-15,Tradicional
1534,49.0,7455.27,1041.14,4.3,243.51,10.7,28.2,Loja física,Nordeste,Premium,2022-11-12,Tradicional
1535,47.0,5096.96,1203.42,11.2,106.98,9.3,43.7,Aplicativo,Sudeste,VIP,2025-10-13,Jovem digital
1536,39.0,6096.34,734.1,4.0,181.81,9.1,25.9,Loja física,Sudeste,Básico,2024-11-28,Tradicional
1537,61.0,22357.09,4654.89,7.7,605.92,10.7,35.7,Marketplace,Sul,Básico,2023-10-19,Alto valor
1538,55.0,6405.04,785.67,1.9,415.19,9.5,21.4,Loja física,Nordeste,Básico,2026-01-29,Tradicional
1539,56.0,6901.64,2684.14,6.4,422.64,8.1,30.3,Site,Sudeste,Básico,2023-10-12,Alto valor
1540,50.0,5568.24,814.74,3.5,232.64,10.4,20.2,Site,Sudeste,VIP,2022-04-17,Tradicional
1541,46.0,17841.15,3703.09,5.8,641.01,10.3,13.5,Site,Nordeste,VIP,2022-05-07,Alto valor
1542,31.0,4507.71,1458.35,13.3,109.6,6.0,51.4,Aplicativo,Sul,Básico,2025-11-26,Jovem digital
1543,23.0,6147.75,1584.66,7.2,220.32,5.0,24.6,Marketplace,Nordeste,VIP,2023-10-05,Jovem digital
1544,34.0,5343.65,1201.09,9.3,129.42,10.2,46.3,Aplicativo,Sudeste,Básico,2025-10-02,Jovem digital
1545,42.0,4407.42,725.56,3.3,221.96,7.5,22.7,Aplicativo,Centro-Oeste,Premium,2022-02-03,Tradicional
1546,30.0,3130.53,1525.26,12.7,120.19,6.3,42.9,Aplicativo,Sudeste,Premium,2022-05-09,Jovem digital
1547,35.0,4925.58,1736.02,13.6,127.21,7.8,58.4,Marketplace,Sudeste,Premium,2026-07-11,Jovem digital
1548,52.0,4417.91,671.11,4.8,140.37,8.5,26.2,Marketplace,Sul,Premium,2022-08-28,Tradicional
1549,26.0,4755.84,1634.85,12.6,129.89,3.7,43.5,Aplicativo,Sul,Premium,2025-02-23,Jovem digital
1550,26.0,3418.08,1593.68,13.7,115.96,6.5,47.9,Aplicativo,Sul,Premium,2023-08-09,Jovem digital
1551,22.0,3978.29,1107.76,6.6,166.79,5.0,39.4,Loja física,Sudeste,Básico,2024-04-16,Jovem digital
1552,42.0,5471.0,666.15,7.9,84.84,11.8,32.0,Site,Sudeste,Premium,2022-07-11,Tradicional
1553,31.0,7747.44,1852.91,13.7,135.32,8.0,48.1,Marketplace,Nordeste,Básico,2023-03-23,Jovem digital
1554,21.0,2868.26,1076.44,10.0,107.96,3.7,24.4,Marketplace,Sudeste,Básico,2025-06-21,Jovem digital
1555,23.0,3833.26,1461.79,10.7,136.05,7.0,46.4,Loja física,Nordeste,Premium,2024-06-14,Jovem digital
1556,34.0,5296.94,688.21,4.7,146.04,7.3,18.2,Aplicativo,Nordeste,Premium,2024-04-22,Tradicional
1557,62.0,16157.25,4136.78,4.8,866.74,12.9,26.1,Loja física,Sudeste,VIP,2026-04-29,Alto valor
1558,48.0,6260.52,1007.49,2.8,357.79,7.1,12.8,Marketplace,Nordeste,Básico,2023-11-18,Tradicional
1559,35.0,7925.09,1005.23,5.4,187.54,7.2,25.2,Site,Centro-Oeste,Básico,2025-09-05,Tradicional
1560,61.0,17953.31,4947.79,6.9,718.88,9.6,22.1,Marketplace,Nordeste,Básico,2025-04-27,Alto valor
1561,45.0,15805.99,3501.44,5.4,646.76,8.0,7.9,Site,Sudeste,Premium,2024-02-10,Alto valor
1562,44.0,7258.9,795.86,1.9,411.15,5.8,16.4,Marketplace,Sul,VIP,2023-05-05,Tradicional
1563,43.0,22590.97,4685.58,7.3,642.21,9.0,15.8,Loja física,Centro-Oeste,Premium,2023-08-16,Alto valor
1564,50.0,11188.15,3837.63,10.5,364.17,9.4,49.7,Aplicativo,Sul,Básico,2025-12-28,Alto valor
1565,48.0,18127.43,3797.91,6.0,634.03,11.2,43.9,Site,Sudeste,Premium,2023-05-27,Alto valor
1566,47.0,4673.47,763.56,3.0,252.83,8.1,17.5,Aplicativo,Sudeste,Básico,2024-12-29,Tradicional
1567,30.0,2956.52,1002.09,9.5,106.02,5.1,44.9,Site,Nordeste,VIP,2022-07-28,Jovem digital
1568,36.0,5412.81,1556.4,9.9,156.46,8.6,40.0,Marketplace,Nordeste,Premium,2023-08-03,Jovem digital
1569,33.0,5312.21,827.07,5.2,159.4,4.7,33.9,Aplicativo,Centro-Oeste,Básico,2026-04-12,Tradicional
1570,43.0,7002.07,807.02,5.1,156.98,10.2,24.0,Marketplace,Centro-Oeste,Premium,2024-06-21,Tradicional
1571,42.0,5719.74,852.32,5.4,157.33,10.0,9.3,Aplicativo,Sudeste,Premium,2025-10-07,Tradicional
1572,46.0,4564.11,686.91,3.2,214.53,10.9,22.0,Loja física,Sul,Básico,2023-03-10,Tradicional
1573,56.0,6804.11,826.26,4.3,194.0,10.1,38.5,Marketplace,Sudeste,Básico,2025-06-26,Tradicional
1574,41.0,22803.45,5040.31,8.4,601.96,6.3,37.0,Loja física,Sudeste,Premium,2026-07-05,Alto valor
1575,26.0,3623.77,1523.55,14.3,106.7,5.9,45.8,Marketplace,Sudeste,VIP,2026-03-27,Jovem digital
1576,28.0,4931.92,1381.79,9.1,151.05,6.7,38.1,Marketplace,Centro-Oeste,Premium,2023-12-30,Jovem digital
1577,51.0,9122.51,3283.38,8.5,386.03,7.3,42.1,Site,Sudeste,Básico,2025-02-13,Alto valor
1578,50.0,15172.0,4814.62,8.5,565.21,11.6,38.7,Loja física,Sul,Premium,2026-02-08,Alto valor
1579,41.0,13444.38,4259.73,9.3,456.4,8.7,59.5,Aplicativo,Sudeste,Básico,2025-09-22,Alto valor
1580,52.0,36204.92,7954.77,9.2,862.0,6.7,31.6,Site,Sudeste,Básico,2026-06-24,Alto valor
1581,47.0,10916.97,3768.78,7.4,511.27,12.5,45.1,Aplicativo,Sul,Básico,2022-02-22,Alto valor
1582,29.0,4702.03,1324.1,10.5,126.54,6.2,44.9,Loja física,Sudeste,Básico,2024-06-14,Jovem digital
1583,43.0,8078.0,776.27,6.5,119.18,5.1,20.1,Loja física,Sudeste,Básico,2025-08-16,Tradicional
1584,31.0,3500.42,1379.0,12.2,113.29,4.3,38.3,Site,Sul,Básico,2025-05-05,Jovem digital
1585,57.0,5733.81,884.01,5.3,166.12,12.7,39.4,Marketplace,Nordeste,Básico,2022-09-14,Tradicional
1586,43.0,14654.33,3788.28,7.5,507.35,11.8,37.8,Aplicativo,Nordeste,Premium,2024-08-14,Alto valor
1587,25.0,5734.2,1551.08,9.5,163.21,7.8,40.6,Marketplace,Centro-Oeste,Básico,2022-10-04,Jovem digital
1588,47.0,4274.68,467.73,5.9,78.81,11.1,18.1,Aplicativo,Sudeste,Básico,2022-06-03,Tradicional
1589,30.0,3643.96,1073.13,11.0,97.37,8.9,49.0,Aplicativo,Sudeste,Básico,2022-07-06,Jovem digital
1590,28.0,5444.63,1235.86,9.0,137.58,7.1,37.8,Site,Sudeste,Premium,2026-05-12,Jovem digital
1591,29.0,4803.66,1497.13,4.9,304.63,6.8,22.4,Aplicativo,Norte,Premium,2023-03-31,Jovem digital
1592,30.0,5105.01,1041.9,10.6,97.91,7.3,43.6,Loja física,Sudeste,Básico,2024-02-03,Jovem digital
1593,54.0,12518.28,3778.95,9.1,415.82,10.6,36.8,Loja física,Sudeste,Premium,2023-03-05,Alto valor
1594,46.0,5151.58,584.44,6.6,89.15,6.3,22.5,Loja física,Norte,Premium,2026-02-03,Tradicional
1595,65.0,30697.89,7417.84,11.3,658.46,11.9,46.2,Aplicativo,Norte,Premium,2026-01-26,Alto valor
1596,43.0,9223.61,664.87,4.8,137.74,11.1,24.0,Aplicativo,Sudeste,Básico,2025-01-01,Tradicional
1597,35.0,5761.26,1251.27,10.9,114.57,6.2,57.6,Aplicativo,Nordeste,Básico,2025-10-17,Jovem digital
1598,24.0,2522.28,1067.63,13.4,79.9,4.7,53.0,Site,Sudeste,Básico,2022-06-25,Jovem digital
1599,51.0,11450.9,3391.02,5.1,658.89,9.7,19.4,Aplicativo,Sul,Básico,2026-07-30,Alto valor
1600,25.0,5310.99,1117.28,7.8,142.67,4.0,44.6,Aplicativo,Sul,Básico,2023-11-29,Jovem digital
1601,32.0,7456.3,4331.67,11.6,373.54,3.3,35.3,Loja física,Norte,VIP,2023-11-01,Alto valor
1602,27.0,3334.8,1475.47,10.3,143.89,8.4,41.1,Marketplace,Sudeste,Básico,2022-11-24,Jovem digital
1603,40.0,6980.3,725.5,5.0,145.77,6.2,29.6,Loja física,Nordeste,Básico,2026-01-06,Tradicional
1604,45.0,16476.13,4339.78,6.0,717.77,8.0,12.0,Aplicativo,Sudeste,VIP,2022-10-12,Alto valor
1605,25.0,4352.49,1601.09,14.5,110.73,4.1,46.3,Site,Sul,Premium,2025-12-05,Jovem digital
1606,32.0,2542.93,1198.09,9.8,121.95,9.2,36.0,Aplicativo,Nordeste,Básico,2025-04-10,Jovem digital
1607,62.0,8011.4,3716.05,7.8,475.95,12.0,39.4,Site,Nordeste,VIP,2025-07-14,Alto valor
1608,23.0,3957.01,1476.06,11.8,124.78,4.7,44.1,Site,Centro-Oeste,Básico,2022-02-20,Jovem digital
1609,57.0,7436.08,896.73,7.4,121.34,6.6,29.4,Marketplace,Nordeste,Básico,2025-05-19,Tradicional
1610,38.0,6074.41,772.24,2.9,265.04,6.3,15.3,Site,Nordeste,Básico,2026-06-04,Tradicional
1611,25.0,3479.83,1172.8,12.2,95.77,6.8,53.4,Aplicativo,Sudeste,Básico,2023-10-22,Jovem digital
1612,50.0,5631.08,777.9,7.1,109.77,9.0,34.4,Site,Norte,Premium,2024-01-23,Tradicional
1613,49.0,6859.75,902.33,6.3,142.35,8.6,29.7,Marketplace,Sul,Básico,2022-07-07,Tradicional
1614,19.0,5570.84,1670.11,10.8,154.92,5.2,39.8,Aplicativo,Sudeste,Premium,2024-03-29,Jovem digital
1615,54.0,11711.78,3730.42,6.2,604.57,10.7,46.0,Loja física,Sul,Básico,2025-01-31,Alto valor
1616,25.0,5459.1,1697.92,10.6,160.87,5.5,39.6,Aplicativo,Sudeste,VIP,2023-05-16,Jovem digital
1617,29.0,4552.69,1419.57,10.1,141.04,7.0,34.5,Aplicativo,Sul,Básico,2025-05-24,Jovem digital
1618,54.0,6395.13,848.1,6.0,142.39,6.7,10.6,Marketplace,Sudeste,VIP,2022-05-24,Tradicional
1619,50.0,26037.6,6085.75,10.4,584.97,14.4,37.0,Aplicativo,Sudeste,Básico,2025-02-01,Alto valor
1620,28.0,3450.64,1381.01,10.6,130.68,5.2,34.2,Loja física,Centro-Oeste,Premium,2024-09-10,Jovem digital
1621,31.0,5180.32,1514.11,8.2,184.04,6.7,31.9,Aplicativo,Centro-Oeste,Premium,2023-01-20,Jovem digital
1622,43.0,4834.15,1082.52,7.4,146.18,9.0,28.6,Site,Sul,Premium,2023-07-31,Tradicional
1623,51.0,18818.95,5499.78,9.5,576.81,7.7,40.6,Site,Norte,Básico,2023-02-06,Alto valor
1624,31.0,2896.0,1857.72,16.0,115.93,6.2,51.0,Loja física,Sudeste,Premium,2024-11-09,Jovem digital
1625,24.0,3148.07,1337.66,12.3,109.09,5.4,36.0,Loja física,Sudeste,Premium,2024-11-30,Jovem digital
1626,47.0,8124.01,645.04,4.0,162.05,6.0,24.0,Loja física,Centro-Oeste,Premium,2024-07-18,Tradicional
1627,29.0,3617.33,1082.6,11.4,95.25,7.0,53.4,Site,Sul,Premium,2022-11-21,Jovem digital
1628,26.0,5130.85,1400.49,12.5,111.91,1.8,30.8,Aplicativo,Nordeste,VIP,2022-12-29,Jovem digital
1629,21.0,4218.58,1582.79,12.4,127.62,9.1,50.0,Site,Sudeste,VIP,2025-09-17,Jovem digital
1630,40.0,7107.49,994.53,7.7,129.09,9.1,18.8,Site,Sudeste,Básico,2024-02-11,Tradicional
1631,31.0,6908.57,758.8,8.7,87.43,7.7,23.5,Aplicativo,Sudeste,Básico,2023-12-30,Tradicional
1632,49.0,13952.0,4081.31,8.2,498.22,4.4,25.2,Marketplace,Norte,Básico,2023-05-31,Alto valor
1633,53.0,6667.45,893.99,7.3,122.48,7.1,39.4,Aplicativo,Sudeste,Premium,2026-04-05,Tradicional
1634,41.0,5317.73,639.93,1.7,370.06,10.6,11.7,Aplicativo,Sul,VIP,2023-02-05,Tradicional
1635,63.0,17368.97,4450.57,9.4,474.8,18.0,43.2,Marketplace,Sudeste,Básico,2025-07-09,Alto valor
1636,42.0,8733.75,1355.89,8.6,157.38,10.3,38.5,Site,Nordeste,Básico,2025-07-10,Tradicional
1637,50.0,6568.91,687.65,5.4,127.87,10.9,29.6,Loja física,Sudeste,Básico,2023-02-11,Tradicional
1638,39.0,10459.12,3328.43,8.1,410.94,8.4,28.1,Aplicativo,Nordeste,Básico,2022-01-20,Alto valor
1639,20.0,4156.34,1087.74,10.2,106.6,2.9,50.0,Site,Sul,VIP,2023-02-22,Jovem digital
1640,41.0,5903.33,886.54,3.9,227.9,9.7,21.2,Site,Sudeste,Premium,2023-03-26,Tradicional
1641,29.0,3582.51,659.61,5.0,131.77,3.4,20.0,Aplicativo,Sudeste,Básico,2025-05-30,Tradicional
1642,29.0,3611.68,1203.16,8.7,138.21,3.2,26.7,Loja física,Sudeste,Básico,2024-06-06,Jovem digital
1643,40.0,10351.42,978.49,4.4,221.56,4.4,22.1,Aplicativo,Nordeste,Básico,2023-12-21,Tradicional
1644,39.0,3977.1,1615.73,12.4,130.4,9.5,58.4,Aplicativo,Nordeste,Premium,2024-03-07,Jovem digital
1645,31.0,4554.61,1482.94,11.5,129.12,6.0,55.0,Aplicativo,Sudeste,Premium,2026-05-12,Jovem digital
1646,39.0,7166.79,1221.42,8.7,141.18,7.5,28.8,Aplicativo,Sul,Básico,2026-04-21,Tradicional
1647,29.0,5337.28,1293.43,8.8,146.53,5.9,42.4,Aplicativo,Sudeste,Básico,2022-02-12,Jovem digital
1648,56.0,24141.77,5114.06,6.5,791.86,6.6,31.7,Loja física,Centro-Oeste,VIP,2025-11-11,Alto valor
1649,64.0,15469.24,4694.61,11.6,403.08,8.7,53.1,Site,Norte,Premium,2023-08-28,Alto valor
1650,51.0,13603.04,4738.82,9.9,479.39,7.2,37.5,Aplicativo,Nordeste,Premium,2025-06-10,Alto valor
1651,22.0,3805.31,1489.62,13.3,112.11,1.9,40.6,Site,Sudeste,Básico,2026-07-05,Jovem digital
1652,25.0,5572.01,1591.15,13.8,115.65,4.3,53.9,Aplicativo,Sudeste,VIP,2024-05-09,Jovem digital
1653,28.0,2994.3,1186.34,8.8,135.41,3.4,38.0,Site,Norte,Premium,2024-11-09,Jovem digital
1654,27.0,3203.87,970.65,9.2,105.39,7.1,48.7,Marketplace,Sudeste,VIP,2023-12-19,Jovem digital
1655,52.0,7991.72,2017.89,6.0,337.62,10.3,31.9,Loja física,Nordeste,Básico,2022-05-05,Alto valor
1656,47.0,3784.76,950.85,5.1,188.02,5.2,20.6,Loja física,Centro-Oeste,Básico,2022-03-03,Tradicional
1657,35.0,2533.07,1098.56,11.7,93.53,6.1,22.8,Aplicativo,Nordeste,Básico,2023-08-26,Jovem digital
1658,41.0,14465.11,4589.84,10.5,438.94,11.6,32.5,Aplicativo,Sul,Premium,2025-10-05,Alto valor
1659,23.0,5116.62,944.08,5.4,175.13,3.1,16.7,Loja física,Sul,Premium,2023-07-25,Jovem digital
1660,23.0,4293.12,1344.37,10.5,128.12,6.2,30.1,Site,Centro-Oeste,Básico,2023-12-22,Jovem digital
1661,26.0,4226.43,1523.74,12.4,123.38,5.9,50.6,Site,Sudeste,VIP,2024-06-07,Jovem digital
1662,42.0,7332.57,815.12,6.5,125.65,10.0,21.0,Marketplace,Centro-Oeste,VIP,2023-06-21,Tradicional
1663,49.0,21755.36,5712.81,5.8,985.91,9.0,24.2,Aplicativo,Sudeste,Básico,2024-03-30,Alto valor
1664,20.0,3812.87,1696.97,8.6,196.76,3.9,26.9,Loja física,Nordeste,Premium,2024-10-11,Jovem digital
1665,45.0,12778.72,3758.26,7.3,517.77,8.1,41.1,Site,Centro-Oeste,Premium,2025-11-24,Alto valor
1666,47.0,14375.52,3285.62,1.0,3285.62,8.3,8.1,Aplicativo,Sul,Básico,2025-06-14,Alto valor
1667,49.0,20913.44,5220.54,10.6,491.66,8.2,45.3,Aplicativo,Sudeste,Premium,2025-09-29,Alto valor
1668,31.0,3085.29,1310.57,12.9,101.45,3.2,44.2,Site,Sudeste,Básico,2024-05-24,Jovem digital
1669,21.0,3987.32,1651.38,14.5,113.88,7.9,60.2,Aplicativo,Nordeste,VIP,2025-03-14,Jovem digital
1670,59.0,11804.2,3587.69,10.1,355.37,12.1,51.6,Loja física,Sul,Premium,2022-09-08,Alto valor
1671,28.0,4462.71,1584.67,12.7,125.23,3.5,41.9,Loja física,Sudeste,VIP,2022-09-04,Jovem digital
1672,38.0,8464.61,945.73,8.1,116.51,6.4,18.4,Site,Centro-Oeste,Premium,2026-03-21,Tradicional
1673,29.0,7550.38,809.85,4.4,183.89,5.5,18.0,Site,Centro-Oeste,Básico,2024-10-07,Tradicional
1674,30.0,3696.16,1294.98,10.3,125.39,3.4,34.9,Site,Centro-Oeste,Básico,2022-07-08,Jovem digital
1675,59.0,15145.03,3341.76,5.5,604.44,5.3,25.3,Site,Sul,Premium,2023-11-13,Alto valor
1676,50.0,10450.33,3389.83,4.9,695.29,7.0,17.1,Loja física,Norte,Básico,2026-06-10,Alto valor
1677,49.0,5820.35,822.77,5.5,148.82,7.6,34.9,Aplicativo,Centro-Oeste,Premium,2022-02-05,Tradicional
1678,49.0,7793.01,619.26,1.0,619.26,5.0,9.2,Marketplace,Sudeste,Básico,2024-01-10,Tradicional
1679,53.0,13153.71,4198.84,8.1,520.15,9.2,27.9,Aplicativo,Norte,Básico,2025-10-31,Alto valor
1680,45.0,10218.28,1076.95,7.0,153.22,10.5,30.1,Aplicativo,Sul,Básico,2026-05-02,Tradicional
1681,42.0,2764.07,326.99,4.4,74.11,9.5,40.1,Loja física,Centro-Oeste,Premium,2023-09-09,Tradicional
1682,51.0,15752.02,5024.39,9.4,534.98,8.3,43.4,Aplicativo,Nordeste,Básico,2026-03-10,Alto valor
1683,44.0,12883.24,936.57,5.4,172.85,3.5,28.9,Aplicativo,Nordeste,Premium,2025-04-12,Tradicional
1684,24.0,3783.75,1255.53,12.5,100.6,7.0,37.6,Aplicativo,Sudeste,Básico,2023-11-11,Jovem digital
1685,26.0,4014.82,1491.88,9.9,151.0,5.9,31.2,Loja física,Sudeste,Premium,2025-07-27,Jovem digital
1686,30.0,5822.46,1741.56,10.2,171.2,7.1,33.6,Site,Sudeste,Premium,2025-08-30,Jovem digital
1687,33.0,4285.71,584.05,2.8,207.47,10.9,23.0,Aplicativo,Nordeste,Premium,2023-04-05,Tradicional
1688,54.0,5425.77,665.92,4.1,160.77,7.0,19.5,Site,Centro-Oeste,Básico,2022-05-31,Tradicional
1689,49.0,5632.28,469.4,4.0,116.19,1.7,10.3,Aplicativo,Sudeste,Básico,2025-07-29,Tradicional
1690,24.0,5840.25,1384.23,11.2,123.29,3.0,34.3,Marketplace,Sudeste,Básico,2022-05-19,Jovem digital
1691,58.0,12438.32,4689.76,10.8,432.64,10.5,38.8,Aplicativo,Nordeste,Premium,2025-07-25,Alto valor
1692,49.0,9286.06,3950.87,12.6,314.08,8.5,46.5,Site,Sudeste,Básico,2023-08-19,Alto valor
1693,25.0,5489.3,1906.67,12.8,149.48,2.7,50.5,Site,Sudeste,Premium,2025-03-21,Jovem digital
1694,39.0,7151.66,862.23,2.9,300.91,3.9,1.1,Site,Sudeste,Premium,2024-10-16,Tradicional
1695,44.0,7071.73,776.91,4.7,164.02,6.9,25.3,Marketplace,Sul,Básico,2022-03-06,Tradicional
1696,37.0,8239.43,918.63,7.7,119.59,4.1,39.0,Aplicativo,Sul,Premium,2022-01-16,Tradicional
1697,30.0,4740.28,1109.69,11.0,100.7,7.3,40.3,Loja física,Centro-Oeste,Premium,2024-11-18,Jovem digital
1698,40.0,11683.01,3795.48,3.7,1019.75,6.3,14.5,Site,Sudeste,Básico,2024-05-11,Alto valor
1699,52.0,14856.87,2805.94,3.6,775.22,7.2,26.9,Loja física,Sudeste,Premium,2022-03-14,Alto valor
1700,44.0,11739.38,1189.56,3.7,317.86,6.0,10.6,Site,Nordeste,VIP,2026-06-20,Tradicional
1701,46.0,15267.51,4281.68,10.4,410.54,8.6,41.4,Aplicativo,Norte,Básico,2023-02-03,Alto valor
1702,44.0,23613.84,5923.14,8.1,732.05,7.9,25.4,Aplicativo,Sudeste,Básico,2025-12-06,Alto valor
1703,24.0,6227.37,1703.31,11.7,145.78,5.8,27.0,Aplicativo,Centro-Oeste,Premium,2022-07-15,Jovem digital
1704,45.0,5585.42,672.4,5.0,134.56,8.3,23.8,Marketplace,Nordeste,Básico,2023-01-24,Tradicional
1705,52.0,6115.86,357.86,2.3,155.17,8.5,7.1,Loja física,Centro-Oeste,Premium,2024-06-03,Tradicional
1706,37.0,18279.88,4503.69,5.7,790.54,4.6,22.5,Aplicativo,Sudeste,Premium,2024-06-01,Alto valor
1707,28.0,4124.59,1501.03,12.1,124.09,4.1,50.2,Site,Sudeste,Premium,2024-10-06,Jovem digital
1708,22.0,5898.6,1099.11,5.8,190.65,4.3,37.3,Loja física,Sudeste,Básico,2022-10-14,Tradicional
1709,61.0,9697.25,2552.9,7.3,349.69,14.5,40.1,Site,Nordeste,Básico,2023-03-18,Alto valor
1710,35.0,5577.19,1604.69,11.9,135.11,3.5,48.0,Site,Centro-Oeste,Premium,2023-03-17,Jovem digital
1711,59.0,22102.14,5655.6,10.3,548.23,8.6,44.4,Loja física,Sudeste,Básico,2024-01-07,Alto valor
1712,25.0,5206.35,1572.17,13.0,120.56,5.8,43.0,Aplicativo,Sudeste,Básico,2026-03-24,Jovem digital
1713,47.0,21557.21,5142.46,11.3,453.95,7.4,27.5,Site,Sudeste,Básico,2024-02-13,Alto valor
1714,47.0,16782.7,4269.39,9.0,475.79,10.6,52.7,Aplicativo,Sul,Básico,2026-07-27,Alto valor
1715,36.0,4726.91,1916.46,12.3,155.45,6.2,36.0,Aplicativo,Centro-Oeste,Básico,2023-02-25,Jovem digital
1716,40.0,6329.83,660.6,2.7,240.74,6.8,27.5,Loja física,Sudeste,Básico,2023-02-10,Tradicional
1717,20.0,5178.33,1486.56,12.0,123.37,6.7,48.5,Loja física,Nordeste,Premium,2022-06-18,Jovem digital
1718,43.0,8168.15,839.0,3.0,283.87,11.8,15.3,Marketplace,Sul,Premium,2022-12-21,Tradicional
1719,50.0,3808.06,408.59,6.2,65.55,11.7,35.2,Aplicativo,Centro-Oeste,VIP,2023-06-06,Tradicional
1720,48.0,10337.37,3224.77,10.9,296.87,8.0,59.2,Loja física,Nordeste,Premium,2023-10-04,Alto valor
1721,19.0,4359.79,1015.54,10.0,101.9,4.6,47.7,Marketplace,Sudeste,Básico,2025-04-08,Jovem digital
1722,30.0,2404.8,962.45,8.4,114.45,6.2,28.5,Site,Nordeste,Básico,2024-01-16,Jovem digital
1723,50.0,9587.33,1034.04,7.0,148.04,8.9,25.9,Marketplace,Centro-Oeste,Premium,2025-02-21,Tradicional
1724,25.0,7308.65,1188.17,7.6,155.38,3.5,27.9,Marketplace,Centro-Oeste,Básico,2022-05-30,Tradicional
1725,48.0,4549.2,1000.74,4.1,246.83,10.4,23.3,Loja física,Sul,Básico,2026-05-03,Tradicional
1726,20.0,3045.57,1366.96,13.4,102.34,5.4,56.1,Marketplace,Sudeste,Básico,2022-09-04,Jovem digital
1727,21.0,6442.5,1571.33,12.2,129.3,4.9,48.3,Site,Sul,Premium,2022-02-25,Jovem digital
1728,41.0,28882.05,6835.73,8.0,859.72,4.5,15.7,Site,Nordeste,Básico,2023-12-12,Alto valor
1729,31.0,3630.0,1590.24,9.7,163.64,6.4,40.5,Marketplace,Sudeste,Básico,2024-12-24,Jovem digital
1730,34.0,2483.2,1326.33,12.4,107.18,2.3,38.4,Loja física,Norte,Básico,2023-01-29,Jovem digital
1731,42.0,16310.5,3819.76,5.3,720.6,6.2,23.6,Aplicativo,Sudeste,Premium,2022-09-30,Alto valor
1732,23.0,3651.52,1122.08,10.8,103.69,4.0,39.2,Aplicativo,Centro-Oeste,Básico,2025-11-13,Jovem digital
1733,57.0,7536.72,976.06,8.2,118.6,10.0,46.2,Aplicativo,Sudeste,Premium,2025-10-10,Tradicional
1734,24.0,6871.9,1481.59,9.6,155.06,9.7,48.2,Loja física,Sudeste,Básico,2025-06-10,Jovem digital
1735,54.0,10094.37,3813.15,9.4,404.68,10.3,34.6,Aplicativo,Sul,Básico,2023-01-04,Alto valor
1736,54.0,8489.38,997.34,7.3,135.88,12.3,36.3,Aplicativo,Sul,Básico,2024-06-15,Tradicional
1737,43.0,29466.25,5322.13,4.9,1075.92,9.1,22.2,Site,Centro-Oeste,Básico,2025-02-26,Alto valor
1738,30.0,6619.9,1845.24,11.5,160.82,8.7,31.4,Aplicativo,Sul,Básico,2023-12-25,Jovem digital
1739,28.0,5595.37,741.43,1.6,455.73,10.1,16.2,Marketplace,Sudeste,Premium,2022-10-27,Tradicional
1740,32.0,4430.25,921.43,5.9,155.51,4.6,38.1,Site,Centro-Oeste,Básico,2025-10-21,Tradicional
1741,26.0,4927.01,1499.16,12.3,121.44,3.8,27.9,Aplicativo,Sul,VIP,2026-04-19,Jovem digital
1742,22.0,4919.73,1754.89,12.5,140.02,6.6,45.4,Aplicativo,Sudeste,Básico,2022-10-05,Jovem digital
1743,29.0,3028.01,1419.12,12.7,111.51,5.9,44.8,Loja física,Centro-Oeste,Básico,2025-03-21,Jovem digital
1744,46.0,13650.37,4175.68,6.6,630.82,8.5,32.3,Site,Sudeste,Premium,2026-01-23,Alto valor
1745,33.0,4824.74,974.21,4.4,221.0,5.8,12.5,Site,Sudeste,Premium,2024-06-23,Tradicional
1746,52.0,3973.11,1015.88,7.4,136.68,7.4,19.8,Aplicativo,Sul,Básico,2022-03-24,Tradicional
1747,35.0,3050.68,808.97,4.9,166.11,10.4,16.0,Marketplace,Sul,Básico,2025-02-28,Tradicional
1748,57.0,5005.58,461.19,8.2,56.56,6.8,43.2,Loja física,Sul,Premium,2026-03-24,Tradicional
1749,41.0,5735.29,1087.47,7.1,153.72,9.0,24.2,Loja física,Centro-Oeste,Básico,2023-03-14,Tradicional
1750,52.0,4334.63,844.9,6.6,128.94,9.9,27.5,Site,Sudeste,Premium,2022-08-21,Tradicional
1751,31.0,3496.27,688.95,6.9,100.31,2.5,40.5,Marketplace,Norte,Premium,2023-02-27,Tradicional
1752,21.0,3962.19,1422.9,11.9,119.47,3.1,33.5,Loja física,Sudeste,Básico,2025-09-19,Jovem digital
1753,38.0,27424.27,6063.65,10.0,605.85,5.6,39.4,Site,Sudeste,Premium,2024-07-20,Alto valor
1754,47.0,16828.71,4300.99,5.7,749.2,9.4,37.0,Marketplace,Sudeste,Básico,2022-01-31,Alto valor
1755,20.0,4117.87,958.56,8.1,118.65,4.1,37.3,Marketplace,Sudeste,VIP,2024-09-09,Jovem digital
1756,57.0,6616.52,463.66,5.4,86.29,9.2,16.5,Loja física,Sudeste,VIP,2025-09-24,Tradicional
1757,24.0,4778.96,1004.98,11.5,87.5,2.0,31.2,Loja física,Centro-Oeste,Premium,2022-11-06,Jovem digital
1758,50.0,16866.83,4397.6,10.6,416.14,13.9,50.8,Site,Nordeste,VIP,2024-09-03,Alto valor
1759,33.0,10903.5,3605.69,5.8,621.04,6.7,40.8,Site,Nordeste,Premium,2023-01-18,Alto valor
1760,30.0,12995.15,4146.19,10.9,382.08,7.2,35.2,Aplicativo,Sudeste,Básico,2022-02-01,Alto valor
1761,31.0,2652.18,1333.04,7.0,190.57,5.0,23.1,Site,Centro-Oeste,Básico,2023-11-01,Jovem digital
1762,28.0,4323.22,1251.33,8.2,152.52,4.3,33.1,Site,Sudeste,Básico,2025-07-18,Jovem digital
1763,21.0,5855.66,2083.19,17.8,116.9,9.5,69.8,Aplicativo,Nordeste,Básico,2025-01-23,Jovem digital
1764,24.0,2066.09,1298.63,6.8,191.29,1.0,26.9,Marketplace,Nordeste,Premium,2022-06-19,Jovem digital
1765,22.0,3785.78,1800.46,12.6,142.46,5.8,38.1,Aplicativo,Sudeste,Básico,2022-11-07,Jovem digital
1766,26.0,3750.08,1238.56,11.2,110.79,2.8,32.7,Loja física,Sul,Premium,2024-06-21,Jovem digital
1767,45.0,17113.23,5446.97,8.4,650.73,7.0,35.2,Aplicativo,Centro-Oeste,Básico,2023-06-21,Alto valor
1768,29.0,5797.38,1470.24,8.3,176.67,4.5,40.5,Aplicativo,Sudeste,Básico,2023-07-10,Jovem digital
1769,23.0,4691.78,1563.2,12.7,122.88,3.0,39.9,Aplicativo,Nordeste,Básico,2023-12-31,Jovem digital
1770,66.0,23688.83,6036.25,10.4,582.96,10.5,43.5,Site,Norte,VIP,2025-06-23,Alto valor
1771,58.0,4223.7,609.87,7.5,81.68,3.6,18.5,Site,Sudeste,Básico,2024-08-20,Tradicional
1772,39.0,7692.3,760.32,7.2,105.31,6.5,44.4,Aplicativo,Sudeste,Básico,2025-11-27,Tradicional
1773,40.0,6693.0,951.74,4.7,204.04,7.1,23.7,Loja física,Sudeste,Básico,2022-06-20,Tradicional
1774,73.0,17154.02,3707.93,6.5,567.86,8.1,38.0,Site,Nordeste,VIP,2024-02-16,Alto valor
1775,41.0,4902.41,833.87,5.8,142.75,10.9,30.9,Aplicativo,Sudeste,Básico,2024-07-09,Tradicional
1776,40.0,11790.44,1012.41,3.7,275.39,6.0,18.9,Aplicativo,Sul,Premium,2025-06-21,Tradicional
1777,49.0,8494.5,1092.81,7.3,149.71,7.8,19.3,Aplicativo,Sudeste,Básico,2024-05-11,Tradicional
1778,52.0,5324.24,975.05,6.7,146.57,7.4,11.7,Aplicativo,Norte,Básico,2026-03-13,Tradicional
1779,35.0,2632.47,1309.27,8.7,149.94,6.5,44.0,Aplicativo,Centro-Oeste,Premium,2025-11-01,Jovem digital
1780,23.0,7533.83,841.46,6.9,121.82,8.2,31.2,Loja física,Sul,Premium,2025-02-26,Tradicional
1781,25.0,3109.08,1120.61,9.7,115.57,11.2,44.1,Loja física,Norte,Premium,2023-10-27,Jovem digital
1782,44.0,11846.03,3469.89,7.5,465.26,9.5,23.8,Loja física,Nordeste,Básico,2023-06-23,Alto valor
1783,36.0,3761.1,1294.9,11.9,109.18,9.4,39.6,Loja física,Norte,VIP,2024-06-10,Jovem digital
1784,24.0,2606.12,752.6,7.1,106.43,9.3,40.9,Site,Sudeste,Premium,2024-02-14,Jovem digital
1785,28.0,5676.94,1108.03,6.5,169.6,6.4,41.2,Aplicativo,Sudeste,VIP,2022-02-18,Jovem digital
1786,39.0,13783.63,3983.12,10.2,392.37,10.8,38.5,Aplicativo,Centro-Oeste,Básico,2023-01-20,Alto valor
1787,27.0,6312.61,1477.2,12.1,121.63,7.5,50.8,Site,Sudeste,Básico,2025-10-28,Jovem digital
1788,45.0,5071.0,850.73,5.8,147.78,8.3,28.7,Aplicativo,Sudeste,Básico,2024-02-06,Tradicional
1789,39.0,15864.72,4478.95,7.8,576.82,8.0,32.0,Aplicativo,Nordeste,Premium,2026-05-07,Alto valor
1790,31.0,4800.74,1605.12,10.2,156.72,2.0,48.0,Marketplace,Sul,Premium,2023-02-16,Jovem digital
1791,37.0,4373.86,414.12,1.0,414.12,7.6,8.5,Aplicativo,Sudeste,Básico,2026-06-07,Tradicional
1792,23.0,4694.8,977.88,6.1,161.05,1.7,30.2,Aplicativo,Sudeste,Básico,2025-09-11,Jovem digital
1793,29.0,3147.88,1260.79,12.0,104.86,2.3,41.9,Marketplace,Sudeste,Básico,2023-08-23,Jovem digital
1794,44.0,7770.62,966.21,6.7,143.89,8.2,29.8,Aplicativo,Sudeste,Básico,2024-10-16,Tradicional
1795,43.0,12954.95,3503.81,9.3,377.81,5.1,45.0,Site,Sudeste,Premium,2026-07-11,Alto valor
1796,26.0,3769.86,1127.75,10.7,104.99,5.6,41.3,Aplicativo,Sul,Básico,2024-11-24,Jovem digital
1797,29.0,7599.06,618.45,6.7,91.82,6.3,27.0,Site,Nordeste,Básico,2026-04-07,Tradicional
1798,29.0,5688.1,1525.22,12.5,122.12,6.4,56.2,Marketplace,Sudeste,Básico,2022-07-04,Jovem digital
1799,36.0,6659.84,848.61,5.4,155.82,4.8,32.1,Loja física,Sudeste,Básico,2022-10-01,Tradicional
1800,43.0,4697.39,822.35,5.8,142.75,9.7,38.5,Site,Nordeste,VIP,2022-01-03,Tradicional
1801,46.0,6720.08,838.24,8.0,104.48,7.8,2.3,Aplicativo,Sudeste,Básico,2023-06-28,Tradicional
1802,54.0,5215.29,1043.67,7.0,149.18,10.0,36.5,Site,Sudeste,VIP,2025-08-12,Tradicional
1803,26.0,6686.93,1483.17,12.2,121.85,2.8,41.6,Site,Sudeste,Premium,2026-05-31,Jovem digital
1804,41.0,9130.6,831.5,6.7,124.82,7.0,28.1,Aplicativo,Nordeste,Premium,2024-06-25,Tradicional
1805,43.0,6909.24,1208.3,4.1,295.69,10.2,29.3,Aplicativo,Sudeste,Básico,2023-12-08,Tradicional
1806,46.0,6380.58,826.65,7.1,115.72,10.2,35.8,Loja física,Sudeste,Premium,2026-04-07,Tradicional
1807,32.0,2632.99,1432.72,9.9,145.22,4.5,40.4,Loja física,Sul,Premium,2024-09-10,Jovem digital
1808,57.0,5154.21,758.55,3.4,223.21,8.0,17.7,Marketplace,Nordeste,Básico,2024-06-17,Tradicional
1809,39.0,5996.82,747.88,6.6,113.7,4.9,37.6,Loja física,Nordeste,VIP,2022-05-22,Tradicional
1810,18.0,2917.66,890.08,11.0,80.73,3.2,43.1,Site,Norte,Básico,2022-12-25,Jovem digital
1811,26.0,2844.24,2035.36,15.1,134.79,2.3,52.5,Loja física,Nordeste,Básico,2025-03-12,Jovem digital
1812,36.0,7020.47,697.66,3.3,213.27,6.4,21.5,Marketplace,Sudeste,Básico,2025-03-13,Tradicional
1813,58.0,5650.79,562.97,4.5,125.52,11.0,35.9,Aplicativo,Sudeste,Premium,2024-04-09,Tradicional
1814,33.0,1684.33,1117.7,9.9,112.98,4.6,43.4,Site,Sudeste,Básico,2025-03-18,Jovem digital
1815,44.0,19774.33,4475.18,10.4,430.14,7.6,39.4,Aplicativo,Sudeste,Básico,2025-03-01,Alto valor
1816,61.0,4241.11,809.61,7.3,110.61,9.3,41.0,Marketplace,Sudeste,Básico,2022-04-20,Tradicional
1817,40.0,5748.81,795.98,4.9,161.14,9.7,27.9,Marketplace,Sudeste,Básico,2025-10-28,Tradicional
1818,37.0,6059.46,497.14,3.6,137.6,5.5,32.8,Loja física,Nordeste,Básico,2025-03-05,Tradicional
1819,37.0,4603.47,742.0,4.2,174.85,5.7,28.3,Aplicativo,Nordeste,Premium,2023-01-02,Tradicional
1820,45.0,11752.97,996.85,1.0,976.17,6.0,5.2,Marketplace,Sudeste,Básico,2022-12-22,Tradicional
1821,49.0,19473.7,4884.43,9.4,517.81,5.8,53.9,Aplicativo,Sul,VIP,2026-05-21,Alto valor
1822,45.0,5199.6,442.49,6.1,72.48,9.2,12.5,Aplicativo,Sudeste,Premium,2023-03-02,Tradicional
1823,50.0,6454.97,718.72,4.1,174.31,8.2,27.3,Site,Sul,Premium,2022-02-24,Tradicional
1824,43.0,9592.61,1454.08,10.8,134.38,7.8,36.2,Loja física,Sul,VIP,2022-02-22,Tradicional
1825,39.0,7851.75,764.86,6.2,123.13,10.2,45.9,Marketplace,Sudeste,Básico,2023-01-17,Tradicional
1826,21.0,4126.24,1171.75,13.0,90.0,8.0,50.7,Aplicativo,Sudeste,Premium,2024-11-14,Jovem digital
1827,38.0,7718.33,1127.82,5.1,222.23,3.3,12.8,Site,Norte,Básico,2024-02-02,Tradicional
1828,33.0,13163.55,679.17,2.2,304.34,7.9,14.1,Site,Sul,Básico,2025-05-08,Tradicional
1829,49.0,10433.52,3403.32,7.9,429.58,8.8,28.7,Aplicativo,Sul,Básico,2023-01-24,Alto valor
1830,42.0,5048.44,700.59,5.8,121.23,6.5,22.7,Loja física,Sudeste,Premium,2023-01-21,Tradicional
1831,53.0,6157.62,401.74,3.3,123.1,9.6,18.7,Aplicativo,Sudeste,Premium,2023-11-07,Tradicional
1832,48.0,9993.2,3319.34,5.3,626.28,4.3,15.0,Aplicativo,Sudeste,Básico,2025-08-18,Alto valor
1833,30.0,9929.0,996.14,5.3,188.4,9.4,29.3,Site,Norte,Premium,2024-04-20,Tradicional
1834,22.0,5202.34,1329.77,11.0,120.97,6.3,43.7,Loja física,Sudeste,Básico,2025-06-28,Jovem digital
1835,28.0,2621.91,762.57,6.9,110.33,3.9,17.4,Loja física,Sudeste,Básico,2022-06-06,Jovem digital
1836,29.0,4196.17,1368.75,13.6,100.48,4.6,33.1,Aplicativo,Norte,Básico,2023-11-17,Jovem digital
1837,30.0,4068.2,1321.98,8.6,152.96,2.2,31.0,Aplicativo,Sul,Premium,2024-01-02,Jovem digital
1838,43.0,5382.03,721.1,5.1,142.07,7.0,27.9,Marketplace,Sudeste,Básico,2022-04-25,Tradicional
1839,43.0,5743.24,668.64,2.7,252.21,6.5,21.6,Site,Sul,Básico,2023-06-10,Tradicional
1840,38.0,4786.04,820.86,4.6,179.75,4.0,22.9,Site,Sul,Básico,2023-04-14,Tradicional
1841,28.0,3619.6,1401.6,9.6,146.43,7.6,50.5,Aplicativo,Norte,Premium,2024-02-01,Jovem digital
1842,25.0,8256.59,492.54,1.6,302.77,8.4,23.0,Marketplace,Sudeste,Premium,2022-10-04,Tradicional
1843,24.0,7711.55,2109.93,15.2,138.87,5.4,73.5,Loja física,Nordeste,Básico,2023-03-27,Jovem digital
1844,51.0,8265.76,2907.2,8.3,349.7,8.0,59.3,Aplicativo,Sudeste,Premium,2026-05-23,Alto valor
1845,23.0,4386.05,1530.57,9.8,155.83,6.3,22.9,Aplicativo,Nordeste,Premium,2022-08-28,Jovem digital
1846,29.0,6647.93,665.69,3.4,194.78,5.9,-0.3,Aplicativo,Centro-Oeste,Básico,2025-09-29,Tradicional
1847,29.0,3071.72,1290.71,11.4,113.12,3.4,38.3,Aplicativo,Centro-Oeste,Básico,2024-06-26,Jovem digital
1848,39.0,5644.21,604.7,4.7,128.07,5.6,25.0,Aplicativo,Centro-Oeste,VIP,2022-05-12,Tradicional
1849,44.0,5979.57,1010.53,3.9,259.13,7.1,19.6,Aplicativo,Nordeste,Básico,2023-11-02,Tradicional
1850,47.0,5794.96,590.71,5.3,112.25,8.7,31.9,Aplicativo,Sudeste,Básico,2024-05-08,Tradicional
1851,25.0,3839.96,1254.81,7.9,159.18,5.5,28.1,Site,Sudeste,Premium,2023-04-09,Jovem digital
1852,45.0,13387.22,5094.56,6.9,742.37,8.4,25.2,Site,Sudeste,Premium,2023-03-23,Alto valor
1853,39.0,3494.53,644.28,2.1,303.89,3.6,6.4,Site,Sul,Premium,2025-04-05,Tradicional
1854,55.0,5297.65,973.45,7.3,133.31,10.6,33.0,Loja física,Sudeste,Premium,2022-02-23,Tradicional
1855,48.0,13800.54,4384.73,8.4,524.38,8.2,41.7,Aplicativo,Nordeste,Básico,2026-04-01,Alto valor
1856,52.0,12079.04,4545.1,7.7,594.01,14.6,36.6,Marketplace,Nordeste,Premium,2023-06-23,Alto valor
1857,28.0,5357.49,1641.47,12.3,132.92,5.0,40.7,Marketplace,Norte,Básico,2023-10-01,Jovem digital
1858,28.0,5399.76,1671.82,12.8,130.65,6.5,50.8,Marketplace,Sudeste,Premium,2022-08-02,Jovem digital
1859,24.0,4678.8,1360.6,10.8,125.6,11.8,45.1,Aplicativo,Nordeste,Básico,2026-01-12,Jovem digital
1860,40.0,2729.59,1249.34,13.4,93.26,7.8,58.5,Aplicativo,Nordeste,Básico,2023-01-08,Jovem digital
1861,45.0,14046.57,1009.31,3.3,308.87,7.8,11.7,Site,Norte,Básico,2025-09-05,Tradicional
1862,49.0,11438.0,3549.65,9.8,363.39,6.1,27.5,Aplicativo,Nordeste,Premium,2023-06-30,Alto valor
1863,54.0,9803.21,2849.94,4.4,649.73,12.4,30.5,Aplicativo,Sudeste,Básico,2022-02-22,Alto valor
1864,31.0,10250.05,698.06,2.2,310.75,3.6,14.3,Aplicativo,Sudeste,Premium,2023-11-15,Tradicional
1865,47.0,5451.51,989.04,2.3,436.29,9.2,10.9,Site,Norte,Básico,2024-05-24,Tradicional
1866,42.0,14086.93,4266.66,7.6,562.76,6.4,41.2,Loja física,Nordeste,Básico,2024-02-23,Alto valor
1867,52.0,11512.97,3433.15,7.3,467.2,8.3,47.4,Aplicativo,Nordeste,Premium,2026-07-09,Alto valor
1868,31.0,3028.16,1468.18,16.0,91.5,2.9,46.6,Marketplace,Nordeste,Básico,2024-05-19,Jovem digital
1869,44.0,4589.66,434.88,2.7,163.29,10.9,32.9,Loja física,Nordeste,Premium,2025-07-26,Tradicional
1870,42.0,13137.73,3948.29,6.0,653.47,6.9,7.4,Aplicativo,Nordeste,VIP,2023-09-11,Alto valor
1871,23.0,3270.09,1481.17,10.0,147.86,2.5,41.6,Site,Centro-Oeste,Premium,2022-08-31,Jovem digital
1872,46.0,6308.48,470.2,2.4,194.26,10.9,13.4,Aplicativo,Centro-Oeste,Básico,2024-04-13,Tradicional
1873,40.0,22788.19,5027.22,9.1,554.81,6.1,42.4,Marketplace,Sudeste,Básico,2024-07-25,Alto valor
1874,45.0,11518.53,3620.03,6.2,581.22,8.7,21.4,Loja física,Sudeste,VIP,2023-11-30,Alto valor
1875,47.0,29195.77,7123.71,10.5,678.4,10.1,43.0,Loja física,Sudeste,Premium,2025-07-05,Alto valor
1876,54.0,13102.45,3819.91,9.2,415.41,10.0,33.1,Loja física,Sudeste,Premium,2026-06-01,Alto valor
1877,35.0,4703.39,1511.86,11.7,129.71,1.7,35.3,Aplicativo,Nordeste,Básico,2022-05-16,Jovem digital
1878,36.0,2811.26,1547.67,15.6,99.24,8.4,71.5,Marketplace,Centro-Oeste,Premium,2022-04-24,Jovem digital
1879,33.0,5186.92,714.22,2.0,352.09,6.2,12.7,Marketplace,Sudeste,Básico,2023-04-03,Tradicional
1880,36.0,6837.37,791.96,7.0,112.47,6.0,45.2,Loja física,Sudeste,Premium,2024-09-06,Tradicional
1881,42.0,4396.43,1118.67,4.3,260.1,7.3,18.5,Site,Sul,VIP,2022-03-13,Tradicional
1882,50.0,6003.74,717.99,3.9,184.15,4.8,29.4,Aplicativo,Nordeste,VIP,2022-11-20,Tradicional
1883,45.0,5732.1,631.58,6.0,106.07,8.3,14.9,Aplicativo,Sul,Básico,2023-11-15,Tradicional
1884,36.0,7263.49,881.06,2.9,304.19,3.7,10.9,Aplicativo,Sudeste,Premium,2023-09-20,Tradicional
1885,27.0,2517.51,913.46,11.3,81.03,5.1,35.6,Site,Sudeste,Básico,2025-11-16,Jovem digital
1886,30.0,3917.46,1914.89,15.6,122.53,6.5,67.0,Loja física,Sul,Básico,2024-07-02,Jovem digital
1887,22.0,2385.19,864.43,9.1,94.87,7.6,37.9,Marketplace,Sul,Premium,2025-12-29,Jovem digital
1888,36.0,4187.89,1489.0,13.3,111.67,5.0,29.2,Aplicativo,Nordeste,Básico,2025-06-24,Jovem digital
1889,48.0,14844.21,4490.3,10.2,439.66,11.6,34.0,Aplicativo,Centro-Oeste,Básico,2023-11-24,Alto valor
1890,36.0,10575.67,920.95,4.5,205.89,8.9,16.0,Aplicativo,Sudeste,Premium,2026-06-23,Tradicional
1891,18.0,5016.42,1504.71,11.3,133.72,3.7,45.6,Marketplace,Sudeste,Premium,2025-11-11,Jovem digital
1892,41.0,5469.77,799.27,4.3,184.39,4.8,25.3,Loja física,Sudeste,Premium,2024-04-05,Tradicional
1893,49.0,6064.75,841.21,6.7,125.4,5.1,23.8,Site,Sudeste,Básico,2025-11-23,Tradicional
1894,24.0,4439.94,1250.49,7.6,164.51,6.1,25.7,Site,Sudeste,Premium,2023-03-06,Jovem digital
1895,19.0,3149.74,950.42,6.0,159.65,3.1,27.3,Site,Sudeste,Básico,2022-12-15,Jovem digital
1896,35.0,4064.55,2012.26,12.6,159.59,9.5,40.1,Aplicativo,Sudeste,Básico,2025-08-16,Jovem digital
1897,47.0,5166.72,678.46,3.9,175.29,6.6,23.2,Aplicativo,Nordeste,Básico,2025-08-12,Tradicional
1898,24.0,3592.4,1738.25,13.5,129.11,3.3,47.3,Aplicativo,Sudeste,Premium,2023-01-06,Jovem digital
1899,19.0,3340.09,1388.61,9.8,141.12,5.3,33.7,Aplicativo,Nordeste,Básico,2025-06-14,Jovem digital
1900,33.0,8949.84,1613.85,9.8,164.08,4.8,38.5,Site,Sudeste,Básico,2024-04-29,Jovem digital
1901,49.0,5296.98,650.21,4.7,136.99,8.4,25.1,Aplicativo,Sudeste,VIP,2024-07-22,Tradicional
1902,18.0,4347.45,1662.83,10.5,157.7,6.9,43.9,Loja física,Sudeste,Premium,2025-11-16,Jovem digital
1903,49.0,10039.54,2388.16,7.5,319.11,8.7,22.2,Site,Sudeste,Premium,2022-09-25,Alto valor
1904,21.0,5017.97,1629.2,10.4,156.93,5.3,42.4,Site,Sudeste,Premium,2023-11-07,Jovem digital
1905,28.0,6043.99,910.96,4.1,219.82,6.4,28.3,Marketplace,Nordeste,VIP,2023-04-30,Tradicional
1906,49.0,7881.18,937.06,7.8,120.53,4.5,31.3,Aplicativo,Centro-Oeste,Premium,2024-07-20,Tradicional
1907,55.0,4751.88,754.3,3.1,246.95,10.0,25.9,Site,Sudeste,Básico,2022-09-22,Tradicional
1908,19.0,4930.59,1711.72,11.3,152.11,5.2,39.1,Aplicativo,Sudeste,Premium,2022-07-19,Jovem digital
1909,49.0,15271.46,3984.57,9.0,441.82,10.4,46.6,Loja física,Sudeste,VIP,2025-03-09,Alto valor
1910,44.0,17459.22,4309.15,7.9,542.62,9.2,35.4,Site,Nordeste,Premium,2022-04-04,Alto valor
1911,27.0,6563.74,1414.26,9.9,142.96,5.2,26.8,Aplicativo,Sudeste,Básico,2023-11-29,Jovem digital
1912,18.0,4150.49,1687.75,12.6,133.5,7.1,53.0,Aplicativo,Sudeste,VIP,2026-07-08,Jovem digital
1913,50.0,20367.02,5596.75,9.5,591.47,7.8,24.7,Loja física,Centro-Oeste,Premium,2026-07-29,Alto valor
1914,52.0,10410.3,764.95,4.7,162.94,9.3,27.5,Loja física,Centro-Oeste,Básico,2022-10-27,Tradicional
1915,30.0,5225.96,2020.09,14.9,135.35,5.4,48.2,Loja física,Nordeste,VIP,2026-03-31,Jovem digital
1916,37.0,4996.03,1197.17,11.6,103.45,8.0,40.7,Site,Sudeste,Premium,2023-07-16,Jovem digital
1917,46.0,5507.17,774.84,5.4,144.0,7.2,26.2,Site,Sudeste,Premium,2022-11-29,Tradicional
1918,48.0,6312.95,377.78,6.7,56.53,12.0,28.8,Site,Sudeste,VIP,2024-04-23,Tradicional
1919,46.0,9323.6,1241.03,8.4,148.34,12.6,44.3,Aplicativo,Nordeste,Básico,2024-03-27,Tradicional
1920,61.0,15833.21,4493.85,8.0,561.33,11.8,38.6,Site,Nordeste,Premium,2023-09-19,Alto valor
1921,44.0,5140.22,485.79,4.1,119.28,11.3,20.9,Site,Sudeste,Básico,2023-12-16,Tradicional
1922,30.0,4213.42,1218.86,10.1,120.69,2.5,44.0,Loja física,Centro-Oeste,Premium,2022-06-12,Jovem digital
1923,48.0,8214.79,573.46,3.0,193.4,5.0,16.5,Site,Sul,Premium,2023-03-17,Tradicional
1924,32.0,2857.79,1738.31,12.4,140.54,5.6,48.8,Site,Nordeste,Premium,2022-11-26,Jovem digital
1925,35.0,5163.88,2088.71,12.8,163.54,6.8,57.8,Marketplace,Sudeste,Premium,2026-04-08,Jovem digital
1926,18.0,3687.95,1423.71,13.1,108.5,4.2,55.6,Marketplace,Sudeste,Premium,2024-04-05,Jovem digital
1927,33.0,4153.97,1358.3,11.3,119.89,2.7,41.9,Aplicativo,Sudeste,Básico,2024-07-02,Jovem digital
1928,40.0,5516.09,630.93,5.5,114.96,9.9,26.0,Marketplace,Nordeste,Básico,2024-01-04,Tradicional
1929,32.0,5042.93,1398.73,13.7,101.74,11.3,43.3,Aplicativo,Sudeste,Básico,2026-01-19,Jovem digital
1930,30.0,6491.84,1264.77,10.2,123.78,9.1,43.2,Loja física,Sudeste,Premium,2025-08-27,Tradicional
1931,40.0,7382.82,663.68,6.3,105.18,9.7,39.4,Aplicativo,Nordeste,Premium,2025-02-26,Tradicional
1932,55.0,6181.59,781.92,4.8,161.66,9.6,28.9,Site,Nordeste,Premium,2023-06-06,Tradicional
1933,53.0,5182.29,649.89,1.9,337.18,6.9,-13.4,Marketplace,Nordeste,Básico,2023-05-31,Tradicional
1934,35.0,13622.15,4445.03,10.4,428.49,6.8,46.3,Aplicativo,Nordeste,Premium,2026-04-22,Alto valor
1935,52.0,7829.57,964.98,9.3,103.33,13.6,51.8,Loja física,Nordeste,Básico,2026-04-05,Tradicional
1936,29.0,3715.12,1504.14,13.4,112.32,5.2,44.0,Site,Nordeste,VIP,2023-04-18,Jovem digital
1937,58.0,5543.12,970.61,7.5,128.85,8.4,40.6,Aplicativo,Sudeste,Premium,2023-07-17,Tradicional
1938,44.0,7648.69,950.91,5.5,173.83,10.3,33.8,Marketplace,Sudeste,Básico,2023-07-08,Tradicional
1939,26.0,3450.92,916.33,10.2,90.17,8.3,35.0,Site,Sudeste,Premium,2025-08-04,Jovem digital
1940,31.0,2972.01,1409.96,10.5,134.85,4.3,46.7,Marketplace,Sudeste,Básico,2026-05-07,Jovem digital
1941,31.0,2555.33,1355.65,10.8,125.87,5.6,28.9,Loja física,Sul,Básico,2026-01-24,Jovem digital
1942,44.0,9728.16,544.65,3.5,154.7,6.7,18.1,Aplicativo,Sul,Premium,2025-11-06,Tradicional
1943,50.0,5532.7,578.32,1.8,315.23,8.7,14.7,Aplicativo,Sudeste,Premium,2023-08-06,Tradicional
1944,33.0,2948.73,1496.16,16.8,88.85,9.0,54.7,Aplicativo,Nordeste,Básico,2023-06-14,Jovem digital
1945,50.0,10154.61,3352.16,8.1,414.71,6.6,34.6,Site,Nordeste,Básico,2026-01-26,Alto valor
1946,39.0,37051.72,7106.28,7.0,1013.83,9.6,43.1,Aplicativo,Sul,Básico,2023-10-23,Alto valor
1947,32.0,6980.19,1542.2,13.8,111.62,6.6,59.3,Site,Centro-Oeste,Básico,2022-12-27,Jovem digital
1948,50.0,8215.4,2574.85,9.8,262.65,13.9,51.9,Loja física,Sudeste,Básico,2025-11-09,Alto valor
1949,23.0,4196.24,1415.61,12.1,116.87,6.0,30.0,Aplicativo,Sudeste,Básico,2024-03-12,Jovem digital
1950,60.0,18906.14,4304.53,9.3,463.38,9.4,28.5,Loja física,Sudeste,VIP,2022-05-24,Alto valor
1951,61.0,11600.75,4912.36,11.5,428.09,11.1,49.1,Site,Sul,Básico,2026-02-07,Alto valor
1952,30.0,5607.18,969.7,3.3,294.5,5.3,15.9,Aplicativo,Sudeste,Básico,2023-05-08,Jovem digital
1953,53.0,8577.61,765.1,2.8,272.81,4.7,10.1,Aplicativo,Centro-Oeste,Básico,2023-06-01,Tradicional
1954,31.0,17119.32,4542.28,4.2,1072.98,5.7,34.8,Aplicativo,Sudeste,Básico,2024-06-07,Alto valor
1955,57.0,12887.44,3830.1,9.0,423.56,8.8,38.5,Site,Sul,Premium,2023-03-28,Alto valor
1956,51.0,10390.87,2837.04,9.2,306.87,4.9,38.0,Aplicativo,Sul,Básico,2025-10-17,Alto valor
1957,29.0,6266.54,821.56,4.6,177.84,5.9,28.8,Loja física,Sudeste,Básico,2025-03-02,Tradicional
1958,24.0,7121.21,1712.03,11.4,150.16,0.6,35.4,Loja física,Nordeste,VIP,2024-08-02,Jovem digital
1959,50.0,20676.16,5307.06,9.2,579.88,7.7,57.5,Aplicativo,Nordeste,Premium,2022-12-01,Alto valor
1960,50.0,3760.0,493.37,1.8,276.61,9.0,8.7,Marketplace,Nordeste,Básico,2024-03-29,Tradicional
1961,42.0,7734.92,976.78,5.0,193.96,7.8,19.6,Marketplace,Sul,Básico,2023-04-01,Tradicional
1962,34.0,6479.08,762.36,2.6,294.79,5.6,7.0,Aplicativo,Sul,Premium,2026-05-28,Tradicional
1963,29.0,7215.96,653.85,2.4,277.55,5.8,26.5,Marketplace,Sudeste,Premium,2025-08-18,Tradicional
1964,31.0,4476.09,1007.74,6.9,146.35,4.5,32.4,Aplicativo,Nordeste,VIP,2022-07-14,Jovem digital
1965,32.0,3909.36,770.4,5.2,147.82,6.4,18.9,Loja física,Sudeste,Básico,2024-06-01,Tradicional
1966,29.0,4971.99,1400.68,11.0,127.68,6.1,33.4,Aplicativo,Sudeste,Premium,2025-07-28,Jovem digital
1967,35.0,5696.08,499.13,2.6,190.39,4.7,24.6,Loja física,Sudeste,Básico,2024-05-24,Tradicional
1968,50.0,14445.06,4115.39,14.1,291.26,9.1,56.2,Loja física,Nordeste,Básico,2022-08-01,Alto valor
1969,43.0,4240.51,584.34,4.3,135.83,8.3,34.1,Marketplace,Sudeste,Premium,2022-08-22,Tradicional
1970,51.0,5679.72,664.43,4.7,142.72,8.2,23.3,Marketplace,Norte,Premium,2025-05-10,Tradicional
1971,20.0,3499.07,1299.1,10.0,129.33,10.5,46.8,Aplicativo,Sudeste,Básico,2024-05-26,Jovem digital
1972,53.0,13915.17,3137.43,7.5,418.57,8.5,35.1,Loja física,Sudeste,Básico,2024-06-27,Alto valor
1973,48.0,5275.29,1032.62,6.3,162.75,7.7,23.2,Aplicativo,Sudeste,Premium,2023-03-28,Tradicional
1974,26.0,3153.64,1391.29,11.0,126.96,4.7,37.3,Aplicativo,Sudeste,Básico,2023-03-19,Jovem digital
1975,25.0,3586.42,1552.95,12.4,125.15,3.3,31.7,Aplicativo,Sudeste,Básico,2023-11-12,Jovem digital
1976,25.0,2643.08,1181.8,12.1,97.34,7.1,48.9,Marketplace,Nordeste,Básico,2024-06-27,Jovem digital
1977,46.0,6801.54,680.67,1.6,425.45,6.4,18.6,Loja física,Sudeste,Básico,2024-02-23,Tradicional
1978,53.0,18392.43,3774.95,8.2,458.42,7.5,41.6,Aplicativo,Sudeste,Premium,2026-01-10,Alto valor
1979,54.0,7353.0,610.15,2.8,215.29,7.8,23.2,Marketplace,Sudeste,Básico,2022-11-13,Tradicional
1980,28.0,5080.57,1573.77,9.8,160.92,3.6,32.7,Loja física,Sudeste,Básico,2024-02-29,Jovem digital
1981,36.0,10745.24,2633.79,3.9,680.34,2.8,27.4,Aplicativo,Norte,Premium,2023-01-29,Alto valor
1982,35.0,7472.8,1560.49,11.6,134.68,5.6,48.6,Site,Sudeste,Básico,2022-01-11,Jovem digital
1983,47.0,17453.13,3896.49,4.9,799.44,10.2,38.0,Loja física,Nordeste,Premium,2023-11-25,Alto valor
1984,34.0,3133.92,1196.9,9.1,131.13,7.1,47.5,Loja física,Sul,Básico,2022-04-05,Jovem digital
1985,46.0,5388.68,857.04,5.1,166.79,11.6,28.4,Site,Sudeste,Premium,2023-09-15,Tradicional
1986,63.0,14406.1,4719.18,7.9,596.05,11.8,41.0,Site,Nordeste,Premium,2024-11-23,Alto valor
1987,24.0,2898.71,1574.32,11.6,135.42,6.6,49.0,Aplicativo,Sudeste,Premium,2023-09-21,Jovem digital
1988,47.0,6313.55,664.42,2.4,277.66,12.5,12.9,Site,Centro-Oeste,Básico,2025-02-07,Tradicional
1989,58.0,10106.03,3167.69,7.5,421.77,9.2,24.5,Aplicativo,Sul,Premium,2023-05-09,Alto valor
1990,24.0,4501.92,1592.41,12.1,131.51,5.5,32.5,Aplicativo,Sudeste,Premium,2023-11-03,Jovem digital
1991,22.0,2649.07,1208.26,11.7,103.66,5.1,40.3,Aplicativo,Centro-Oeste,Básico,2026-01-03,Jovem digital
1992,59.0,11440.45,1066.25,8.6,124.22,13.1,38.8,Site,Sudeste,Básico,2023-02-10,Tradicional
1993,30.0,5359.93,1539.06,12.9,119.35,6.1,34.5,Site,Norte,Básico,2024-04-17,Jovem digital
1994,33.0,4200.56,1083.54,11.3,95.72,5.0,41.2,Site,Centro-Oeste,Básico,2025-04-12,Jovem digital
1995,49.0,6011.53,855.6,5.8,146.59,9.8,28.4,Aplicativo,Sudeste,Básico,2023-08-29,Tradicional
1996,45.0,6411.47,825.54,6.4,128.67,6.1,36.0,Marketplace,Sudeste,VIP,2023-05-24,Tradicional
1997,20.0,4925.33,1036.23,9.0,115.42,6.1,50.3,Aplicativo,Nordeste,VIP,2025-03-12,Jovem digital
1998,22.0,4546.77,943.87,10.8,87.73,6.1,43.2,Site,Sudeste,Básico,2022-05-04,Jovem digital
1999,46.0,21806.42,4977.21,7.1,701.27,7.6,24.9,Aplicativo,Nordeste,VIP,2023-03-20,Alto valor
2000,52.0,8251.95,482.56,6.8,70.56,10.1,37.8,Loja física,Sudeste,Premium,2023-11-16,Tradicional
